company_id,year,true_label,predicted_label,proba_at_risk,proba_distressed,proba_healthy,correct,top1_feature,top1_shap,top1_value,top2_feature,top2_shap,top2_value,top3_feature,top3_shap,top3_value
A21,2021,At-Risk,At-Risk,0.4955911636352539,0.46909838914871216,0.03531048819422722,True,asset_turnover,-0.3272,0.0677,debt_to_equity,0.2552,0.5061,cost_growth,-0.1772,-0.4636
AAL,2021,Distressed,Distressed,0.01166673842817545,0.9880163073539734,0.0003169392002746463,True,ebit_margin,0.8568,-0.1695,debt_to_equity,0.7704,1.1519,net_margin,0.5299,-0.0667
AAL,2022,Distressed,Distressed,0.12104213982820511,0.877241313457489,0.0017165470635518432,True,negative_equity,0.6012,1.0,debt_to_equity,0.564,1.1519,ebit_margin,0.4229,0.0328
AAL,2023,Distressed,Distressed,0.2624475657939911,0.7347497344017029,0.0028027209918946028,True,negative_equity,0.9006,1.0,current_ratio,0.4317,0.6152,debt_to_equity,0.3944,1.1519
AAL,2024,Distressed,Distressed,0.29491549730300903,0.7019041180610657,0.0031803252641111612,True,negative_equity,0.9017,1.0,current_ratio,0.4908,0.5414,debt_to_equity,0.3799,1.1519
ABVC,2023,Distressed,Distressed,0.0006622447981499135,0.9991043210029602,0.0002333992306375876,True,asset_turnover,1.0646,0.0223,debt_to_equity,0.9741,5.2103,ebit_margin,0.8446,-21.0184
ABVC,2024,Distressed,Distressed,0.0004346311907283962,0.9994049072265625,0.0001604136050445959,True,asset_turnover,1.0557,0.0676,debt_to_equity,0.9678,9.8814,ebit_margin,0.8132,-8.7318
AC,2022,Healthy,Healthy,0.027596091851592064,0.019977016374468803,0.9524268507957458,True,debt_to_equity,2.9891,0.0697,ebit_margin,-0.7323,-0.7396,current_ratio,0.5164,15.8668
AC,2023,Healthy,Healthy,0.017614325508475304,0.01621856726706028,0.966167151927948,True,debt_to_equity,2.8384,0.0697,ebit_margin,-0.7456,-1.3362,asset_turnover,-0.5446,0.0223
AC,2024,Healthy,Healthy,0.035933706909418106,0.027572574093937874,0.9364937543869019,True,debt_to_equity,2.7937,0.0697,ebit_margin,-0.7885,-1.4234,asset_turnover,-0.5694,0.0223
ACIW,2021,At-Risk,At-Risk,0.6290544271469116,0.367592453956604,0.003353127045556903,True,asset_turnover,0.1862,0.4339,net_margin,0.1774,0.0932,debt_to_equity,0.1351,1.5376
ACIW,2022,At-Risk,Distressed,0.48895686864852905,0.5072517395019531,0.003791430266574025,False,asset_turnover,1.1803,0.443,debt_to_equity,0.9628,1.6902,ebit_margin,-0.4409,0.1434
ACIW,2023,At-Risk,Distressed,0.3204694092273712,0.6767198443412781,0.0028107177931815386,False,asset_turnover,1.6117,0.4217,debt_to_equity,0.8127,1.6012,ebit_margin,-0.4048,0.1517
ACIW,2024,At-Risk,At-Risk,0.8810052871704102,0.11283261328935623,0.006162155419588089,True,asset_turnover,0.2882,0.527,debt_to_equity,0.2098,1.124,net_margin,0.1867,0.1274
ADSK,2021,Distressed,Distressed,0.05512181296944618,0.9431147575378418,0.0017634470714256167,True,debt_to_equity,1.3282,9.1378,asset_turnover,0.8592,0.5096,ebit_margin,-0.3876,0.1409
ADSK,2022,Distressed,Distressed,0.09985724091529846,0.8969064354896545,0.0032362863421440125,True,debt_to_equity,1.2731,7.2428,asset_turnover,0.7421,0.5303,ebit_margin,-0.696,0.1976
ADSK,2023,Distressed,Distressed,0.3177511692047119,0.6766773462295532,0.00557147990912199,True,debt_to_equity,1.1386,4.3434,ebit_margin,-0.8641,0.2052,opex_ratio,0.3898,0.7018
ADSK,2024,Distressed,At-Risk,0.5162532925605774,0.4754942059516907,0.008252528496086597,False,asset_turnover,0.2799,0.566,opex_ratio,-0.2736,0.6824,gross_margin,-0.1608,0.9057
ADV,2021,Distressed,Distressed,0.4380543529987335,0.5597262382507324,0.0022194241173565388,True,asset_turnover,0.7318,0.6153,debt_to_equity,0.5653,1.2671,ebit_margin,0.4266,0.0639
ADV,2022,Distressed,At-Risk,0.5312081575393677,0.46205511689186096,0.006736735347658396,False,net_margin,-0.6421,-0.3786,asset_turnover,0.33,0.8555,opex_ratio,0.2766,0.1073
ADV,2023,Distressed,At-Risk,0.8496453762054443,0.14344993233680725,0.006904692854732275,False,asset_turnover,0.2856,1.032,debt_to_equity,0.2432,2.4231,net_margin,0.1516,-0.0162
ADV,2024,Distressed,At-Risk,0.7995895147323608,0.18589483201503754,0.014515692368149757,False,asset_turnover,0.2487,1.148,debt_to_equity,0.1851,3.149,current_ratio,0.1296,1.9796
AEP,2021,Distressed,Distressed,0.008045345544815063,0.9914373755455017,0.0005172982928343117,True,asset_turnover,2.6395,0.1915,debt_to_equity,0.962,2.8581,current_ratio,0.5244,0.6284
AEP,2022,Distressed,Distressed,0.008049852214753628,0.9915686249732971,0.00038148267776705325,True,asset_turnover,2.5227,0.2103,debt_to_equity,1.0251,2.8721,current_ratio,0.5799,0.5107
AEP,2023,Distressed,Distressed,0.00983272586017847,0.9896816611289978,0.0004856108862441033,True,asset_turnover,2.5949,0.1963,debt_to_equity,0.9965,2.8236,current_ratio,0.621,0.5251
AERI,2021,Distressed,Distressed,0.001177156693302095,0.9986028075218201,0.00022003048798069358,True,ebit_margin,0.901,-0.2388,debt_to_equity,0.7255,1.1519,net_margin,0.5977,-0.3854
AEYE,2021,Distressed,Distressed,0.016623102128505707,0.9821943044662476,0.0011826272821053863,True,ebit_margin,1.5341,-0.6331,net_margin,0.9024,-0.5799,opex_ratio,0.3374,1.3833
AEYE,2022,Distressed,Distressed,0.0029746582731604576,0.9960404634475708,0.0009848925983533263,True,ebit_margin,1.6849,-0.3486,net_margin,0.8064,-0.3488,asset_turnover,-0.729,1.2245
AEYE,2023,Distressed,Distressed,0.007805815432220697,0.989982545375824,0.0022116033360362053,True,ebit_margin,1.5242,-0.1905,asset_turnover,-0.9052,1.2283,debt_to_equity,0.691,2.8013
AEYE,2024,Distressed,Distressed,0.02038443833589554,0.9772663116455078,0.002349189715459943,True,ebit_margin,1.2249,-0.0963,asset_turnover,-0.9408,1.1826,debt_to_equity,0.7012,2.1545
AFIB,2021,Distressed,Distressed,0.004703465383499861,0.9946364760398865,0.000660010555293411,True,ebit_margin,1.0728,-6.7119,asset_turnover,1.0031,0.1017,net_margin,0.8183,-6.8171
AGCO,2021,At-Risk,At-Risk,0.923828661441803,0.010591908358037472,0.06557945162057877,True,asset_turnover,0.3524,1.213,debt_to_equity,0.2614,1.6663,net_margin,0.1272,0.0805
AGCO,2022,At-Risk,At-Risk,0.9265255928039551,0.008632153272628784,0.06484227627515793,True,asset_turnover,0.3522,1.2522,debt_to_equity,0.259,1.6023,net_margin,0.1569,0.0703
AGCO,2023,At-Risk,At-Risk,0.8675577640533447,0.008339728228747845,0.12410243600606918,True,asset_turnover,0.3365,1.2619,debt_to_equity,0.2591,1.4526,net_margin,0.1266,0.0813
AGCO,2024,At-Risk,At-Risk,0.8751838803291321,0.10702738165855408,0.01778867281973362,True,asset_turnover,0.2837,1.0421,debt_to_equity,0.2323,1.768,net_margin,0.1192,-0.0364
AGS,2021,Distressed,Distressed,0.0035427857656031847,0.996105968952179,0.0003512162948027253,True,debt_to_equity,1.458,16.6279,asset_turnover,1.3498,0.3544,net_margin,0.3816,-0.0869
AGS,2022,Distressed,Distressed,0.014084291644394398,0.9850441217422485,0.0008716587908565998,True,debt_to_equity,1.4501,12.8723,asset_turnover,0.9224,0.4519,net_margin,0.3531,-0.026
AGS,2023,Distressed,Distressed,0.030778825283050537,0.967770516872406,0.001450682058930397,True,debt_to_equity,1.4615,9.0542,asset_turnover,1.0236,0.5241,ebit_margin,-0.4193,0.165
AGS,2024,Distressed,Distressed,0.3349093794822693,0.6583919525146484,0.00669868802651763,True,debt_to_equity,1.249,5.2943,ebit_margin,-0.6239,0.1846,asset_turnover,0.5391,0.5565
AHPI,2022,Distressed,Distressed,0.026556937023997307,0.9680050611495972,0.005438043270260096,True,ebit_margin,1.5817,-0.1693,asset_turnover,-1.0225,1.375,net_margin,0.7216,-0.1982
AILIM,2023,Distressed,Distressed,0.00896372552961111,0.9904753565788269,0.000560914515517652,True,asset_turnover,2.634,0.1837,debt_to_equity,0.9774,2.5572,current_ratio,0.5121,0.652
AILIM,2024,Distressed,Distressed,0.008456362411379814,0.9910339713096619,0.000509727920871228,True,asset_turnover,2.585,0.1709,debt_to_equity,1.0046,2.6427,current_ratio,0.4597,0.6633
AIR,2022,Healthy,At-Risk,0.5725584030151367,0.012104151770472527,0.415337473154068,False,asset_turnover,0.1376,1.1564,ebit_margin,0.1298,0.061,net_margin,0.1206,0.0432
AIRG,2021,Distressed,Distressed,0.3097769021987915,0.6681250333786011,0.02209804765880108,True,ebit_margin,1.0908,-0.1569,net_margin,0.5898,-0.1569,size_bucket_micro,0.4128,1.0
AIRG,2022,Distressed,Distressed,0.3839619755744934,0.5513370633125305,0.06470094621181488,True,ebit_margin,1.1365,-0.1131,debt_to_equity,-0.7678,0.366,size_bucket_micro,0.621,1.0
AIRG,2023,Distressed,Distressed,0.23415790498256683,0.7385135889053345,0.027328507974743843,True,ebit_margin,1.2293,-0.2213,debt_to_equity,-0.6987,0.3443,net_margin,0.6832,-0.2218
AIRG,2024,Distressed,Distressed,0.1659451723098755,0.8165369033813477,0.01751789264380932,True,ebit_margin,1.3965,-0.1473,asset_turnover,-0.6583,1.2509,size_bucket_micro,0.5711,1.0
AJG,2021,Distressed,Distressed,0.007327918894588947,0.9922478199005127,0.0004242443246766925,True,asset_turnover,2.3822,0.2462,debt_to_equity,1.0779,2.8954,ebit_margin,-0.3222,0.1629
AJG,2022,Distressed,Distressed,0.011692195199429989,0.9876003265380859,0.0007074311142787337,True,asset_turnover,2.3234,0.2229,debt_to_equity,1.1031,3.1738,ebit_margin,-0.5015,0.1949
AKAM,2021,At-Risk,At-Risk,0.9484026432037354,0.03675250709056854,0.014844845980405807,True,asset_turnover,0.2984,0.4253,debt_to_equity,0.2429,0.7966,ebit_margin,0.0859,0.2294
AKAM,2022,At-Risk,At-Risk,0.9174379706382751,0.07179232686758041,0.010769672691822052,True,asset_turnover,0.2608,0.4356,debt_to_equity,0.2456,0.9044,net_margin,0.1547,0.1448
AKAM,2023,At-Risk,At-Risk,0.7927253246307373,0.19610373675823212,0.011170926503837109,True,net_margin,0.1678,0.1437,debt_to_equity,0.1448,1.1535,asset_turnover,0.0874,0.385
AKAM,2024,At-Risk,At-Risk,0.7908978462219238,0.1993870586156845,0.009715145453810692,True,net_margin,0.1904,0.1265,debt_to_equity,0.1509,1.1255,asset_turnover,0.0898,0.3849
AKLI,2022,Distressed,Distressed,0.039072293788194656,0.9486793279647827,0.012248381040990353,True,ebit_margin,1.1943,-21.0184,net_margin,1.0243,-24.6563,debt_to_equity,-0.9427,0.3061
AKLI,2023,Distressed,Distressed,0.017164090648293495,0.981508195400238,0.0013276580721139908,True,ebit_margin,1.0927,-21.0184,net_margin,1.0173,-24.696,debt_to_equity,-0.6659,0.3733
ALE,2021,Distressed,Distressed,0.02403668314218521,0.9752649664878845,0.0006983217317610979,True,asset_turnover,2.2569,0.221,current_ratio,0.6713,0.5361,debt_to_equity,0.5861,1.1863
ALE,2022,Distressed,Distressed,0.041185375303030014,0.9574528336524963,0.0013618085067719221,True,asset_turnover,2.2008,0.2294,current_ratio,0.4927,1.0025,net_margin,-0.3508,0.1205
ALE,2023,Distressed,Distressed,0.10041473805904388,0.8969764709472656,0.0026088133454322815,True,asset_turnover,2.0131,0.2824,net_margin,-0.4064,0.1315,current_ratio,0.2787,1.2397
ALE,2024,Distressed,Distressed,0.09130854159593582,0.9055258631706238,0.003165548900142312,True,asset_turnover,2.1874,0.2265,current_ratio,0.3748,1.0767,net_margin,-0.3044,0.1172
ALKS,2021,Distressed,Distressed,0.47546255588531494,0.5207909345626831,0.0037464757915586233,True,net_margin,0.6188,-0.041,asset_turnover,0.5028,0.5798,opex_ratio,0.3042,0.7486
ALKS,2022,Distressed,Distressed,0.1505599170923233,0.8473910689353943,0.002048987429589033,True,net_margin,0.627,-0.1424,asset_turnover,0.625,0.5661,ebit_margin,0.53,-0.0055
ALKS,2023,At-Risk,At-Risk,0.8397688269615173,0.07145492732524872,0.08877624571323395,True,debt_to_equity,0.2787,0.7762,asset_turnover,0.2534,0.7787,opex_ratio,-0.1748,0.5989
ALKS,2024,At-Risk,Healthy,0.14373597502708435,0.00649601174518466,0.8497679829597473,False,ebit_margin,1.3639,0.27,asset_turnover,-0.5109,0.7578,net_margin,0.4797,0.2357
AMK,2021,At-Risk,At-Risk,0.9216458797454834,0.04539673030376434,0.03295741602778435,True,asset_turnover,0.3429,0.3833,debt_to_equity,0.2881,0.3705,current_ratio,0.0795,2.2795
AMK,2022,At-Risk,At-Risk,0.733447253704071,0.013296721503138542,0.25325602293014526,True,asset_turnover,0.4558,0.407,current_ratio,0.1093,2.536,debt_to_equity,-0.0966,0.3343
AMK,2023,At-Risk,Healthy,0.14614348113536835,0.005040737334638834,0.8488157987594604,False,debt_to_equity,1.5684,0.2787,asset_turnover,-1.5291,0.4372,ebit_margin,0.9402,0.2731
AN,2021,Healthy,Healthy,0.037535931915044785,0.004119145218282938,0.9583449363708496,True,asset_turnover,3.5692,2.8897,debt_to_equity,-0.6983,2.7626,current_ratio,-0.431,0.9189
AN,2022,Healthy,Healthy,0.05067207291722298,0.004648107569664717,0.9446797370910645,True,asset_turnover,3.3272,2.6825,debt_to_equity,-0.6945,3.9124,current_ratio,-0.3267,1.0104
ANDE,2021,Healthy,Healthy,0.1661631315946579,0.006465053651481867,0.8273718357086182,True,asset_turnover,3.3468,2.7602,debt_to_equity,-0.6361,2.4941,net_margin,-0.265,0.0082
ANDE,2022,Healthy,Healthy,0.04512280225753784,0.003985720686614513,0.9508914947509766,True,asset_turnover,3.7565,3.2036,debt_to_equity,-0.6379,2.2229,revenue_growth,-0.1757,0.3737
ANDE,2023,Healthy,Healthy,0.04066632688045502,0.004184195306152105,0.9551494717597961,True,asset_turnover,3.6044,3.2036,debt_to_equity,-0.5498,1.5422,current_ratio,-0.379,1.7154
ANDE,2024,Healthy,Healthy,0.12106294184923172,0.00781768374145031,0.8711193799972534,True,asset_turnover,3.2792,2.7315,debt_to_equity,-0.586,1.5761,current_ratio,-0.3966,1.6464
ANZU,2023,Distressed,Distressed,0.0007923758239485323,0.9989967942237854,0.00021079491125419736,True,asset_turnover,0.9774,0.0382,ebit_margin,0.8504,-21.0184,debt_to_equity,0.6357,1.1519
ANZU,2024,Distressed,Distressed,0.0012376211816444993,0.9984560012817383,0.0003064276825170964,True,asset_turnover,0.9663,0.0223,ebit_margin,0.8626,-21.0184,debt_to_equity,0.5876,1.1519
AON,2021,Distressed,Distressed,0.01737384684383869,0.9815797209739685,0.0010463893413543701,True,asset_turnover,1.8071,0.382,debt_to_equity,1.4072,26.5622,current_ratio,0.3396,0.9979
AON,2022,Distressed,At-Risk,0.49800291657447815,0.48096445202827454,0.021032623946666718,False,negative_equity,-0.3736,1.0,ebit_margin,0.2225,0.3031,asset_turnover,-0.1764,0.3816
AON,2023,Distressed,At-Risk,0.5033649802207947,0.4815485179424286,0.015086475759744644,False,negative_equity,-0.3196,1.0,ebit_margin,0.1462,0.2896,debt_to_equity,0.0998,1.1519
AON,2024,Distressed,Distressed,0.025516454130411148,0.972170352935791,0.0023131612688302994,True,asset_turnover,2.0028,0.3206,debt_to_equity,1.3355,6.6151,ebit_margin,-0.8429,0.2763
APRN,2021,Distressed,Distressed,0.1590597778558731,0.8010359406471252,0.03990430757403374,True,asset_turnover,-1.8367,2.0301,ebit_margin,1.5,-0.1512,net_margin,0.6911,-0.1879
APRN,2022,Distressed,Distressed,0.01821904443204403,0.9557360410690308,0.02604489028453827,True,asset_turnover,-1.4813,2.6789,ebit_margin,1.4422,-0.2371,net_margin,0.7686,-0.2393
APT,2021,Healthy,Healthy,0.0033061308786273003,0.003246121574193239,0.9934477210044861,True,debt_to_equity,2.3069,0.0853,current_ratio,0.4812,18.9842,revenue_growth,0.2891,-0.3317
APT,2022,Healthy,Healthy,0.006119501776993275,0.004988424945622683,0.9888920187950134,True,debt_to_equity,2.646,0.0697,current_ratio,0.5142,18.9842,leverage_tier_low,0.1941,1.0
APT,2023,Healthy,Healthy,0.007260337006300688,0.0035439408384263515,0.989195704460144,True,debt_to_equity,2.6007,0.1169,current_ratio,0.5505,18.9842,asset_turnover,-0.2522,0.8905
APT,2024,Healthy,Healthy,0.03076203726232052,0.005591409280896187,0.9636465907096863,True,debt_to_equity,2.2793,0.1849,current_ratio,0.5172,16.2149,asset_turnover,-0.4692,0.7844
ARIS,2022,Distressed,Distressed,0.04516976326704025,0.9530529379844666,0.00177731120493263,True,asset_turnover,2.1249,0.2463,ebit_margin,-0.5447,0.2052,debt_to_equity,0.296,0.9836
ARIS,2023,Distressed,Distressed,0.11700001358985901,0.87957364320755,0.003426317358389497,True,asset_turnover,1.9265,0.2925,ebit_margin,-0.7007,0.2172,current_ratio,0.2544,1.1898
ARIS,2024,Distressed,Distressed,0.4102533459663391,0.577326238155365,0.012420443817973137,True,asset_turnover,1.5721,0.3092,ebit_margin,-0.9277,0.2463,current_ratio,0.2141,1.2995
ARLO,2021,Distressed,Distressed,0.0643528550863266,0.9310371279716492,0.004610044416040182,True,ebit_margin,1.6137,-0.1136,asset_turnover,-1.3122,1.2522,net_margin,0.6868,-0.1288
ARLO,2022,Distressed,Distressed,0.23505187034606934,0.7369732856750488,0.02797485888004303,True,asset_turnover,-1.9062,1.8017,ebit_margin,1.4161,-0.116,net_margin,0.5837,-0.1155
ARLO,2023,Distressed,At-Risk,0.9002322554588318,0.08068882673978806,0.019078964367508888,False,asset_turnover,0.2428,1.7202,net_margin,0.2271,-0.0449,debt_to_equity,0.1932,1.7648
ARLO,2024,Distressed,At-Risk,0.7292453050613403,0.25170189142227173,0.019052749499678612,False,asset_turnover,0.2545,1.7121,net_margin,0.2488,-0.0597,debt_to_equity,0.1898,1.9571
AROC,2021,Distressed,Distressed,0.041177038103342056,0.9573012590408325,0.001521651865914464,True,asset_turnover,2.1652,0.3017,debt_to_equity,1.0576,1.9054,ebit_margin,-0.3236,0.1746
AROC,2022,Distressed,Distressed,0.024744564667344093,0.9743896126747131,0.0008658192818984389,True,asset_turnover,2.2328,0.3254,debt_to_equity,1.1003,2.0194,ebit_margin,-0.3121,0.1711
AROC,2023,Distressed,Distressed,0.3139006197452545,0.6783964037895203,0.007703008130192757,True,asset_turnover,1.3507,0.3729,ebit_margin,-1.1588,0.261,debt_to_equity,0.9153,2.0492
AROC,2024,Distressed,Distressed,0.10942373424768448,0.8861168026924133,0.004459494259208441,True,asset_turnover,2.1158,0.3027,ebit_margin,-1.0123,0.3168,debt_to_equity,0.9832,1.8894
ASIX,2021,At-Risk,At-Risk,0.9605597853660583,0.009222269989550114,0.030217895284295082,True,asset_turnover,0.3461,1.284,debt_to_equity,0.225,1.1823,opex_ratio,0.1858,0.0493
ASIX,2022,At-Risk,At-Risk,0.8689295053482056,0.010700386017560959,0.12037013471126556,True,asset_turnover,0.3246,1.3011,debt_to_equity,0.2548,1.0257,net_margin,0.1492,0.0883
ASIX,2023,At-Risk,At-Risk,0.9618585705757141,0.024534940719604492,0.013606485910713673,True,asset_turnover,0.3379,1.0251,debt_to_equity,0.2537,1.0237,opex_ratio,0.2434,0.0623
ASIX,2024,At-Risk,At-Risk,0.9111948013305664,0.08147413283586502,0.007331091910600662,True,asset_turnover,0.3709,0.9515,debt_to_equity,0.2277,1.0589,opex_ratio,0.1914,0.062
ASXC,2021,Distressed,Healthy,0.09993641823530197,0.20732028782367706,0.6927433013916016,False,debt_to_equity,2.7864,0.1018,ebit_margin,-0.8274,-8.0398,asset_turnover,-0.4703,0.0441
ASXC,2022,Distressed,Distressed,0.11760619282722473,0.7904930710792542,0.09190070629119873,True,debt_to_equity,-1.6929,0.1647,ebit_margin,1.0553,-10.634,net_margin,1.0511,-10.6619
ASXC,2023,Distressed,Distressed,0.002490668324753642,0.9971000552177429,0.0004092671733815223,True,asset_turnover,1.0884,0.1452,ebit_margin,1.0752,-9.1092,net_margin,0.7367,-9.1446
ATEN,2021,At-Risk,At-Risk,0.859734833240509,0.11683901399374008,0.02342613972723484,True,asset_turnover,0.33,0.6361,opex_ratio,-0.2668,0.6525,debt_to_equity,0.2159,0.8818
ATEN,2022,At-Risk,At-Risk,0.8991867899894714,0.08621382713317871,0.014599362388253212,True,asset_turnover,0.3048,0.7595,opex_ratio,-0.2141,0.6079,debt_to_equity,0.2115,1.0391
ATEN,2023,At-Risk,At-Risk,0.9349530339241028,0.057907626032829285,0.00713936984539032,True,asset_turnover,0.3244,0.6457,debt_to_equity,0.2436,0.8752,opex_ratio,-0.2365,0.6559
ATEN,2024,At-Risk,At-Risk,0.928054928779602,0.06320290267467499,0.008742126636207104,True,asset_turnover,0.346,0.6046,debt_to_equity,0.2418,0.867,opex_ratio,-0.2251,0.6355
ATOM,2023,Distressed,Distressed,0.03921390697360039,0.9552286863327026,0.005557407159358263,True,ebit_margin,1.1517,-21.0184,net_margin,0.9877,-24.696,debt_to_equity,-0.961,0.3225
ATOM,2024,Distressed,Distressed,0.13989345729351044,0.7783271670341492,0.08177933841943741,True,debt_to_equity,-1.6794,0.1614,net_margin,1.0588,-24.696,ebit_margin,1.0489,-21.0184
AVDL,2024,Distressed,Distressed,0.0028400516603142023,0.9963840246200562,0.0007759472355246544,True,ebit_margin,1.4242,-0.2507,net_margin,0.8321,-0.2887,debt_to_equity,0.6095,1.224
AVGR,2021,Distressed,Distressed,0.001104195136576891,0.9987209439277649,0.00017486138676758856,True,ebit_margin,1.2007,-1.7869,debt_to_equity,1.0039,2.0325,asset_turnover,0.9212,0.3436
AVGR,2022,Distressed,Distressed,0.0012010097270831466,0.9985015392303467,0.00029752630507573485,True,ebit_margin,1.0717,-1.9288,debt_to_equity,0.9854,4.8357,asset_turnover,0.9249,0.3419
AVGR,2023,Distressed,Distressed,0.00181870989035815,0.9977723956108093,0.00040892473771236837,True,ebit_margin,1.2709,-2.1739,net_margin,0.685,-2.3941,debt_to_equity,0.5183,1.1519
AVP,2021,Distressed,Distressed,0.368368536233902,0.5842268466949463,0.047404635697603226,True,asset_turnover,-1.6001,1.4752,current_ratio,0.5827,0.7622,negative_equity,0.5621,1.0
AVP,2022,Distressed,Distressed,0.10954666882753372,0.8726330995559692,0.01782025396823883,True,asset_turnover,-1.1561,1.281,ebit_margin,0.7411,-0.0516,debt_to_equity,0.5604,1.1519
AVTR,2021,Distressed,Distressed,0.2899527847766876,0.7072031497955322,0.0028440658934414387,True,asset_turnover,1.1655,0.5315,debt_to_equity,1.0086,2.3112,ebit_margin,-0.3364,0.1316
AVTR,2022,Distressed,At-Risk,0.8398529291152954,0.15465696156024933,0.005490129813551903,False,asset_turnover,0.3142,0.5579,debt_to_equity,0.1737,1.7731,net_margin,0.1547,0.0914
AVTR,2023,Distressed,At-Risk,0.7365419864654541,0.2592816948890686,0.004176283720880747,False,asset_turnover,0.2484,0.5371,debt_to_equity,0.1741,1.4698,net_margin,0.1493,0.0461
AVTR,2024,At-Risk,At-Risk,0.7505791187286377,0.2451603263616562,0.004260529763996601,True,asset_turnover,0.2987,0.56,debt_to_equity,0.2296,1.0338,net_margin,0.1693,0.1049
AWX,2021,Distressed,Distressed,0.23250168561935425,0.7629026174545288,0.004595655482262373,True,asset_turnover,-0.521,0.9019,current_ratio,0.5174,0.8861,ebit_margin,0.4785,0.008
AWX,2022,Distressed,Distressed,0.12929271161556244,0.8669410943984985,0.0037662223912775517,True,debt_to_equity,0.5176,1.353,ebit_margin,0.5149,0.0043,current_ratio,0.5015,0.8532
AXDX,2021,Distressed,Distressed,0.0012710979208350182,0.9984515905380249,0.0002773304295260459,True,ebit_margin,1.0046,-5.6917,asset_turnover,0.9832,0.1419,net_margin,0.6424,-6.595
AXDX,2022,Distressed,Distressed,0.0008015750208869576,0.998988687992096,0.00020976764790248126,True,asset_turnover,1.0099,0.1961,ebit_margin,0.935,-4.9251,debt_to_equity,0.6101,1.1519
AXDX,2023,Distressed,Distressed,0.0011451401514932513,0.9986176490783691,0.00023723601771052927,True,ebit_margin,1.0818,-4.3821,net_margin,0.7221,-5.1097,asset_turnover,0.6333,0.3845
AYX,2021,Distressed,Distressed,0.001479946542531252,0.9983025789260864,0.00021745331468991935,True,debt_to_equity,1.1667,2.9719,asset_turnover,1.0604,0.3351,ebit_margin,0.9651,-0.2537
AYX,2022,Distressed,Distressed,0.0009191606077365577,0.9989038705825806,0.00017699602176435292,True,debt_to_equity,1.2108,7.9483,ebit_margin,1.1629,-0.3018,net_margin,0.57,-0.3731
AZEK,2021,At-Risk,At-Risk,0.9340409636497498,0.03706376254558563,0.028895240277051926,True,asset_turnover,0.4095,0.5389,debt_to_equity,0.1888,0.533,net_margin,0.1106,0.079
AZEK,2022,At-Risk,At-Risk,0.9314566254615784,0.0532168373465538,0.015326485969126225,True,asset_turnover,0.2955,0.5688,debt_to_equity,0.2582,0.6498,net_margin,0.14,0.0495
AZEK,2023,At-Risk,At-Risk,0.9322826862335205,0.05376603454351425,0.013951297849416733,True,asset_turnover,0.2934,0.5846,debt_to_equity,0.2746,0.662,net_margin,0.1359,0.0455
AZEK,2024,At-Risk,At-Risk,0.9639229774475098,0.016082029789686203,0.019995011389255524,True,asset_turnover,0.3395,0.665,debt_to_equity,0.2663,0.5976,net_margin,0.1279,0.1064
BAND,2021,Distressed,Distressed,0.09338616579771042,0.9056225419044495,0.0009913083631545305,True,debt_to_equity,0.9718,1.5825,asset_turnover,0.9268,0.4607,ebit_margin,0.5278,-0.0046
BAND,2022,Distressed,Distressed,0.07948154211044312,0.919921338558197,0.0005971829523332417,True,debt_to_equity,1.1055,2.4144,ebit_margin,1.0975,-0.0424,asset_turnover,0.7012,0.6167
BAND,2023,Distressed,Distressed,0.039084527641534805,0.960546612739563,0.0003688718134071678,True,debt_to_equity,1.261,2.7024,ebit_margin,1.0147,-0.059,asset_turnover,0.7801,0.5459
BAND,2024,Distressed,Distressed,0.0761246532201767,0.9230914115905762,0.000783885654527694,True,ebit_margin,1.0717,-0.0268,debt_to_equity,0.8275,2.165,leverage_tier_high,0.2491,1.0
BASE,2021,Distressed,Distressed,0.018993111327290535,0.9795473217964172,0.00145959691144526,True,ebit_margin,1.225,-0.4554,net_margin,0.9149,-0.4713,opex_ratio,0.3398,1.3357
BASE,2022,Distressed,Distressed,0.009131179191172123,0.9900701642036438,0.000798678258433938,True,ebit_margin,1.3213,-0.437,net_margin,0.8659,-0.4424,opex_ratio,0.3446,1.3061
BASE,2023,Distressed,Distressed,0.0063196518458426,0.9930533766746521,0.0006269778241403401,True,ebit_margin,1.413,-0.4407,net_margin,0.8217,-0.4454,opex_ratio,0.3485,1.318
BASE,2024,Distressed,Distressed,0.004115565679967403,0.9952601790428162,0.0006243298412300646,True,ebit_margin,1.5492,-0.3755,net_margin,0.8458,-0.3564,debt_to_equity,0.3632,1.042
BBCP,2021,Distressed,Distressed,0.06003880500793457,0.9390870332717896,0.0008742185891605914,True,asset_turnover,1.4426,0.3984,debt_to_equity,1.126,1.7564,net_margin,0.5413,-0.0477
BBCP,2022,Distressed,Distressed,0.10050790011882782,0.8987029790878296,0.0007890482665970922,True,asset_turnover,1.2328,0.4522,debt_to_equity,1.1599,1.9162,current_ratio,0.4477,0.7395
BBCP,2023,Distressed,Distressed,0.24323853850364685,0.7549678087234497,0.0017936957301571965,True,asset_turnover,1.1347,0.4889,debt_to_equity,1.0526,1.7143,ebit_margin,-0.3401,0.139
BBSI,2021,At-Risk,At-Risk,0.9482419490814209,0.042058560997247696,0.009699542075395584,True,asset_turnover,0.3057,1.2788,debt_to_equity,0.2926,2.582,net_margin,0.1698,0.0399
BBSI,2022,At-Risk,At-Risk,0.9701686501502991,0.008836767636239529,0.02099458873271942,True,debt_to_equity,0.3202,2.8626,asset_turnover,0.2598,1.5348,net_margin,0.1879,0.0448
BBSI,2023,At-Risk,At-Risk,0.9593409895896912,0.011607472784817219,0.02905154973268509,True,debt_to_equity,0.3235,2.6233,asset_turnover,0.2494,1.482,net_margin,0.1832,0.0473
BBSI,2024,At-Risk,At-Risk,0.9628549218177795,0.009266349487006664,0.027878671884536743,True,debt_to_equity,0.3224,2.3672,asset_turnover,0.2515,1.5352,net_margin,0.1869,0.0463
BDC,2021,At-Risk,At-Risk,0.507483184337616,0.48977306485176086,0.0027437445241957903,True,asset_turnover,0.3018,0.6733,debt_to_equity,0.2071,2.5747,net_margin,0.1427,0.0278
BDC,2022,At-Risk,At-Risk,0.9669135212898254,0.021896187216043472,0.011190333403646946,True,asset_turnover,0.3994,0.8244,debt_to_equity,0.2104,1.7638,net_margin,0.1512,0.0977
BDC,2023,At-Risk,At-Risk,0.967330276966095,0.02381858415901661,0.008851077407598495,True,asset_turnover,0.3761,0.7753,debt_to_equity,0.2164,1.7782,net_margin,0.175,0.0966
BDC,2024,At-Risk,At-Risk,0.9301884770393372,0.06343138962984085,0.006380139384418726,True,asset_turnover,0.3599,0.7395,debt_to_equity,0.2065,1.5704,net_margin,0.1563,0.0806
BGSF,2021,At-Risk,At-Risk,0.7187598347663879,0.035882700234651566,0.2453574687242508,True,debt_to_equity,0.2296,0.9362,net_margin,0.1929,0.059,size_bucket_micro,-0.1857,1.0
BILL,2022,Distressed,Distressed,0.0018669989658519626,0.9978770017623901,0.0002559966524131596,True,asset_turnover,1.1624,0.0694,ebit_margin,0.8724,-0.4621,debt_to_equity,0.8206,1.289
BILL,2023,Distressed,Distressed,0.0030907727777957916,0.9966633915901184,0.00024579683667980134,True,asset_turnover,1.3522,0.1098,ebit_margin,0.8105,-0.249,debt_to_equity,0.792,1.3583
BILL,2024,Distressed,Distressed,0.006288650445640087,0.993442177772522,0.0002691005065571517,True,asset_turnover,1.708,0.1406,debt_to_equity,0.7681,1.2202,ebit_margin,0.6696,-0.067
BIO,2021,At-Risk,At-Risk,0.6085347533226013,0.050333935767412186,0.341131329536438,True,debt_to_equity,0.2089,0.3006,asset_turnover,0.1356,0.1642,current_ratio,0.0849,2.9231
BIO,2022,At-Risk,At-Risk,0.7282906174659729,0.23109816014766693,0.040611181408166885,True,net_margin,-0.6398,-1.2945,debt_to_equity,0.3719,0.4042,ebit_margin,0.1905,0.1722
BNED,2022,Distressed,At-Risk,0.774418294429779,0.21728476881980896,0.008296932093799114,False,asset_turnover,0.2697,1.3959,debt_to_equity,0.1781,3.6921,net_margin,0.1424,-0.046
BNED,2023,Distressed,At-Risk,0.7311547994613647,0.24379996955394745,0.02504521608352661,False,debt_to_equity,-0.399,6.5011,asset_turnover,0.3486,1.5735,net_margin,0.1517,-0.066
BNED,2024,Distressed,At-Risk,0.6864014863967896,0.2518766522407532,0.061721865087747574,False,debt_to_equity,-0.7943,11.8237,asset_turnover,0.3403,1.7315,net_margin,0.161,-0.0403
BOOM,2021,At-Risk,At-Risk,0.5145682096481323,0.469731867313385,0.01569991372525692,True,debt_to_equity,0.3986,0.5499,asset_turnover,-0.3006,0.3009,cost_growth,-0.1151,0.1501
BOOM,2022,At-Risk,At-Risk,0.8684229850769043,0.11353455483913422,0.01804245635867119,True,asset_turnover,0.3414,0.7441,debt_to_equity,0.2172,0.547,cost_growth,-0.1971,1.3922
BOOM,2023,At-Risk,At-Risk,0.8297001719474792,0.03259638696908951,0.13770347833633423,True,asset_turnover,0.3325,0.8131,net_margin,0.1079,0.0365,ebit_margin,0.0753,0.0903
BRFH,2021,Distressed,At-Risk,0.6687899231910706,0.14401991665363312,0.18719013035297394,False,debt_to_equity,0.3613,0.1887,cost_growth,0.2759,0.2978,current_ratio,-0.0849,5.0144
BRFH,2022,Distressed,Distressed,0.006854976527392864,0.991085946559906,0.002059047808870673,True,ebit_margin,1.7617,-0.5881,asset_turnover,-0.9896,1.6643,net_margin,0.8408,-0.6695
BRFH,2023,Distressed,Distressed,0.010504646226763725,0.9850586652755737,0.004436733201146126,True,ebit_margin,1.795,-0.3465,asset_turnover,-0.9491,1.6896,net_margin,0.8914,-0.3475
BRFH,2024,Distressed,Distressed,0.0030960796866565943,0.9786885976791382,0.018215361982584,True,ebit_margin,1.6349,-0.2587,asset_turnover,-1.2669,3.2036,net_margin,0.8438,-0.2636
BRK-A,2021,At-Risk,At-Risk,0.6470794081687927,0.27899274230003357,0.0739278495311737,True,asset_turnover,-0.5944,0.2881,ebit_margin,0.1929,0.4169,debt_to_equity,0.1633,0.862
BRK-A,2022,At-Risk,Distressed,0.04002797603607178,0.9584646224975586,0.0015074091497808695,False,asset_turnover,1.6184,0.3184,net_margin,0.5374,-0.0754,debt_to_equity,0.4461,0.9691
BRK-A,2023,At-Risk,At-Risk,0.5996044874191284,0.3862946331501007,0.014100934378802776,True,asset_turnover,-0.3095,0.3406,debt_to_equity,0.1822,0.8746,net_margin,0.1784,0.264
BRK-A,2024,At-Risk,At-Risk,0.7667555212974548,0.21957634389400482,0.013668183237314224,True,debt_to_equity,0.3554,0.7707,asset_turnover,-0.2784,0.3219,net_margin,0.0976,0.2396
BRKR,2021,At-Risk,At-Risk,0.8902060389518738,0.1029382050037384,0.006855784449726343,True,asset_turnover,0.3168,0.6624,debt_to_equity,0.2422,2.3647,net_margin,0.1845,0.1146
BRKR,2022,At-Risk,At-Risk,0.9221068620681763,0.07153451442718506,0.006358645390719175,True,asset_turnover,0.3119,0.7007,debt_to_equity,0.2624,2.1912,net_margin,0.1809,0.1172
BRKR,2023,At-Risk,At-Risk,0.931428074836731,0.06134280934929848,0.007229058537632227,True,asset_turnover,0.3535,0.6975,debt_to_equity,0.1771,2.0071,net_margin,0.1541,0.1441
BRKR,2024,At-Risk,Distressed,0.17632794380187988,0.8227066397666931,0.0009654158493503928,False,asset_turnover,1.0559,0.5797,debt_to_equity,1.0301,2.1989,ebit_margin,0.4383,0.0752
BROS,2022,Distressed,Distressed,0.01643793098628521,0.983347475528717,0.00021454492525663227,True,debt_to_equity,1.171,3.7082,ebit_margin,0.8237,-0.0035,current_ratio,0.724,0.3871
BROS,2023,Distressed,Distressed,0.23484529554843903,0.7638216614723206,0.0013330219080671668,True,asset_turnover,0.9212,0.5475,debt_to_equity,0.7346,1.6098,ebit_margin,0.3565,0.0479
BROS,2024,Distressed,Distressed,0.09092587977647781,0.9084793925285339,0.0005947688478045166,True,asset_turnover,1.4438,0.5122,debt_to_equity,1.2587,2.2743,ebit_margin,0.2916,0.0828
BSET,2024,At-Risk,At-Risk,0.8151573538780212,0.16879376769065857,0.01604885794222355,True,asset_turnover,0.22,0.967,debt_to_equity,0.1694,1.0389,net_margin,0.1568,-0.0294
BURL,2021,At-Risk,At-Risk,0.9527214169502258,0.02679845690727234,0.02048017457127571,True,asset_turnover,0.4515,1.3149,debt_to_equity,-0.2963,8.3232,net_margin,0.2052,0.0439
BURL,2022,At-Risk,At-Risk,0.935877799987793,0.03885890543460846,0.025263261049985886,True,asset_turnover,0.4109,1.1971,debt_to_equity,-0.3322,8.1452,net_margin,0.2032,0.0264
BURL,2023,At-Risk,At-Risk,0.9619280695915222,0.023698776960372925,0.014373200945556164,True,asset_turnover,0.4365,1.2622,net_margin,0.2353,0.0349,debt_to_equity,-0.2205,6.7306
BURL,2024,At-Risk,At-Risk,0.9644056558609009,0.023756321519613266,0.011838015168905258,True,asset_turnover,0.3716,1.2126,net_margin,0.2139,0.0474,ebit_margin,0.1185,0.0668
BURU,2023,Distressed,Distressed,0.0008742782520130277,0.9989491105079651,0.00017659227887634188,True,asset_turnover,0.9806,0.1974,ebit_margin,0.8351,-10.4193,debt_to_equity,0.5981,1.1519
BWMN,2021,At-Risk,At-Risk,0.7375723123550415,0.24344326555728912,0.018984438851475716,True,debt_to_equity,0.2701,0.7619,net_margin,0.181,0.002,asset_turnover,0.1759,1.0854
CACI,2023,At-Risk,At-Risk,0.9639719128608704,0.024798162281513214,0.0112299220636487,True,asset_turnover,0.3095,1.0154,debt_to_equity,0.2766,1.0472,net_margin,0.1804,0.0574
CACI,2024,At-Risk,At-Risk,0.9649724960327148,0.01600731536746025,0.0190201997756958,True,asset_turnover,0.3146,1.1271,debt_to_equity,0.2884,0.9317,net_margin,0.178,0.0548
CANO,2022,Healthy,At-Risk,0.604964554309845,0.038125745952129364,0.35690972208976746,False,gross_margin,-0.3078,0.9069,debt_to_equity,0.2087,2.9025,asset_turnover,0.1949,1.4199
CANO,2023,Healthy,Healthy,0.14351749420166016,0.30725255608558655,0.5492299795150757,True,asset_turnover,2.4011,3.0952,current_ratio,-0.7219,0.1292,debt_to_equity,-0.6841,1.1519
CASI,2021,Distressed,Distressed,0.13103093206882477,0.8594512939453125,0.009517749771475792,True,ebit_margin,1.1456,-1.1695,debt_to_equity,-1.0875,0.281,net_margin,0.8018,-1.215
CBIO,2023,At-Risk,At-Risk,0.3536888360977173,0.3310926854610443,0.315218448638916,True,net_margin,-0.3881,-0.8192,ebit_margin,0.2315,0.1694,debt_to_equity,0.1711,0.4851
CBIO,2024,At-Risk,Healthy,0.18022529780864716,0.0499628446996212,0.7698119282722473,False,debt_to_equity,1.4316,0.2744,asset_turnover,-0.641,0.8433,opex_ratio,-0.523,0.8098
CCO,2021,Distressed,Distressed,0.022362612187862396,0.9760240912437439,0.0016132441814988852,True,asset_turnover,1.3985,0.3338,debt_to_equity,0.7054,1.1519,net_margin,0.4852,-0.2453
CCO,2022,Distressed,Distressed,0.033586494624614716,0.9632737636566162,0.0031397307757288218,True,asset_turnover,1.4604,0.2716,debt_to_equity,0.6413,1.1519,ebit_margin,-0.5985,0.2016
CCO,2023,Distressed,Distressed,0.019083388149738312,0.9794774055480957,0.0014391803415492177,True,asset_turnover,1.4805,0.3037,debt_to_equity,0.6748,1.1519,net_margin,0.4996,-0.2168
CCO,2024,Distressed,Distressed,0.01892092078924179,0.979512095451355,0.0015669888816773891,True,asset_turnover,1.4732,0.3133,debt_to_equity,0.7158,1.1519,ebit_margin,-0.4848,0.1855
CCSI,2022,Distressed,At-Risk,0.5587469935417175,0.38631945848464966,0.054933562874794006,False,negative_equity,-0.59,1.0,asset_turnover,0.2221,0.5717,ebit_margin,0.1645,0.4192
CCSI,2023,Distressed,At-Risk,0.5733667016029358,0.3818451166152954,0.04478819668292999,False,negative_equity,-0.5902,1.0,asset_turnover,0.2106,0.5602,ebit_margin,0.1842,0.4061
CCSI,2024,Distressed,At-Risk,0.7731567025184631,0.18155311048030853,0.04529016464948654,False,negative_equity,-0.3533,1.0,asset_turnover,0.2552,0.5818,ebit_margin,0.2383,0.4264
CDXC,2021,Distressed,Distressed,0.00962222833186388,0.9884337782859802,0.0019440409960225224,True,ebit_margin,1.7512,-0.4014,net_margin,0.916,-0.4022,asset_turnover,-0.5029,1.1661
CDXC,2022,Distressed,Distressed,0.009723059833049774,0.9883567690849304,0.001920178416185081,True,ebit_margin,1.8179,-0.2585,net_margin,0.7974,-0.2296,asset_turnover,-0.7866,1.3329
CDXC,2023,Distressed,Distressed,0.2729512155056,0.7151827812194824,0.011866004206240177,True,asset_turnover,-1.2369,1.5204,ebit_margin,1.0242,-0.067,size_bucket_micro,0.6459,1.0
CDXC,2024,Distressed,Healthy,0.05390612408518791,0.0067598773166537285,0.9393340349197388,False,asset_turnover,1.6693,1.4587,debt_to_equity,0.2823,0.4813,size_bucket_micro,-0.2174,1.0
CELH,2021,At-Risk,At-Risk,0.6952497959136963,0.09335815161466599,0.21139204502105713,True,cost_growth,-0.1765,1.5922,net_margin,0.1203,0.0125,ebit_margin,0.0914,-0.013
CELH,2022,At-Risk,Distressed,0.14016133546829224,0.8511756658554077,0.008662955835461617,False,ebit_margin,0.9312,-0.2414,net_margin,0.7983,-0.2865,debt_to_equity,-0.6577,0.4135
CELH,2023,At-Risk,Healthy,0.3910217583179474,0.017659159377217293,0.5913190841674805,False,ebit_margin,0.6174,0.2021,asset_turnover,-0.5553,0.8579,debt_to_equity,0.3868,0.4114
CELH,2024,At-Risk,At-Risk,0.6720528602600098,0.015270741656422615,0.31267639994621277,True,asset_turnover,0.3009,0.7672,net_margin,0.1095,0.107,cost_growth,-0.0814,0.141
CF,2021,At-Risk,At-Risk,0.9411697387695312,0.05014841631054878,0.0086818877607584,True,asset_turnover,0.336,0.5283,debt_to_equity,0.2247,1.0502,ebit_margin,0.2051,0.337
CF,2022,Healthy,Healthy,0.2943667471408844,0.006059794221073389,0.6995734572410583,True,ebit_margin,1.5624,0.4954,net_margin,0.866,0.2991,debt_to_equity,-0.6804,0.6953
CF,2023,At-Risk,At-Risk,0.8701211810112,0.028501130640506744,0.10137761384248734,True,asset_turnover,0.3545,0.4613,debt_to_equity,0.2849,0.7169,current_ratio,-0.2028,3.8125
CF,2024,At-Risk,At-Risk,0.935437023639679,0.019992437213659286,0.04457051679491997,True,asset_turnover,0.3714,0.4408,debt_to_equity,0.2791,0.7737,opex_ratio,0.1052,0.0522
CGNX,2021,At-Risk,At-Risk,0.8440439105033875,0.01519870851188898,0.14075735211372375,True,asset_turnover,0.4599,0.5176,net_margin,0.0906,0.2699,debt_to_equity,0.0838,0.4011
CGNX,2022,At-Risk,At-Risk,0.5250619649887085,0.01018961425870657,0.46474844217300415,True,asset_turnover,0.4646,0.5138,current_ratio,-0.1589,3.8235,debt_to_equity,0.0766,0.3613
CGNX,2023,At-Risk,At-Risk,0.6732664704322815,0.02299741841852665,0.3037361204624176,True,asset_turnover,0.383,0.4151,current_ratio,-0.168,4.4705,revenue_growth,0.0994,-0.1675
CGNX,2024,At-Risk,Healthy,0.42003071308135986,0.017230363562703133,0.5627388954162598,False,asset_turnover,-1.6709,0.4589,debt_to_equity,1.016,0.3132,current_ratio,0.2029,3.6212
CHEF,2021,At-Risk,At-Risk,0.9541168808937073,0.015811193734407425,0.03007187880575657,True,net_margin,0.2441,-0.0028,debt_to_equity,0.2365,2.0661,asset_turnover,0.1951,1.6258
CHEF,2022,At-Risk,At-Risk,0.9423242211341858,0.013561899773776531,0.04411383718252182,True,debt_to_equity,0.3164,2.7591,net_margin,0.1969,0.0106,asset_turnover,0.1575,1.7315
CHEF,2023,At-Risk,At-Risk,0.9235860705375671,0.014184609055519104,0.06222934648394585,True,net_margin,0.3205,0.0101,debt_to_equity,0.311,2.7506,ebit_margin,0.1296,0.0294
CHEF,2024,At-Risk,At-Risk,0.8734481930732727,0.012333973310887814,0.11421776562929153,True,debt_to_equity,0.3355,2.4571,net_margin,0.3128,0.0146,asset_turnover,-0.1606,2.0413
CHGG,2021,Distressed,Distressed,0.08707208931446075,0.9108842611312866,0.0020436584018170834,True,asset_turnover,1.7866,0.2659,debt_to_equity,0.8978,1.6373,current_ratio,-0.5958,14.1909
CHGG,2022,Distressed,Distressed,0.17804238200187683,0.8162291049957275,0.005728458985686302,True,asset_turnover,1.2915,0.3111,debt_to_equity,0.6663,1.208,current_ratio,-0.6561,8.2406
CHGG,2023,Distressed,Distressed,0.09977590292692184,0.8988138437271118,0.0014102220302447677,True,ebit_margin,0.953,-0.0895,asset_turnover,0.8849,0.4147,current_ratio,0.3979,0.8001
CHGG,2024,Distressed,Distressed,0.008862853981554508,0.9903337359428406,0.0008034112979657948,True,ebit_margin,1.0256,-0.0969,debt_to_equity,0.9475,3.5028,net_margin,0.7135,-1.3554
CHMI,2022,Distressed,Distressed,0.02543048933148384,0.9711400866508484,0.0034294447395950556,True,asset_turnover,2.3601,0.0223,debt_to_equity,1.0047,4.306,ebit_margin,-0.8919,0.5194
CHMI,2023,Distressed,Distressed,0.01088795904070139,0.9878968000411987,0.0012152147246524692,True,asset_turnover,1.8361,0.0359,debt_to_equity,1.0831,4.3914,ebit_margin,-0.9324,0.5194
CHMI,2024,Distressed,Distressed,0.013601087965071201,0.9843288660049438,0.0020700828172266483,True,asset_turnover,2.4447,0.0374,debt_to_equity,1.1041,5.3829,ebit_margin,-0.8608,0.4285
CIVI,2021,At-Risk,Distressed,0.29256710410118103,0.6897158026695251,0.01771705038845539,False,asset_turnover,2.2186,0.1381,ebit_margin,-0.7118,0.5194,debt_to_equity,-0.7063,0.4481
CIVI,2022,At-Risk,At-Risk,0.8848083019256592,0.037814609706401825,0.07737710326910019,True,asset_turnover,0.4393,0.4756,cost_growth,-0.2261,1.8779,debt_to_equity,0.1922,0.4833
CIVI,2023,Distressed,Distressed,0.11845622211694717,0.85414057970047,0.027403203770518303,True,asset_turnover,2.1117,0.2468,ebit_margin,-1.0492,0.4312,debt_to_equity,0.598,1.2806
CLDT,2024,Distressed,Distressed,0.14637640118598938,0.8487478494644165,0.004875724669545889,True,asset_turnover,1.7392,0.2528,current_ratio,0.7301,0.167,debt_to_equity,-0.4414,0.5842
CLNN,2021,Distressed,Distressed,0.0009367031161673367,0.9988766312599182,0.00018669907876756042,True,asset_turnover,1.0748,0.0223,debt_to_equity,0.9752,3.2284,ebit_margin,0.9636,-21.0184
CLNN,2022,Distressed,Distressed,0.0010881624184548855,0.9986231327056885,0.00028873884002678096,True,asset_turnover,1.111,0.0223,debt_to_equity,1.0869,11.6114,ebit_margin,0.8965,-21.0184
CLNN,2023,Distressed,Distressed,0.0008040441898629069,0.9990511536598206,0.00014474603813141584,True,asset_turnover,1.168,0.0223,ebit_margin,0.9191,-21.0184,debt_to_equity,0.8954,2.906
CLX,2022,At-Risk,At-Risk,0.9382330775260925,0.0426376536488533,0.019129281863570213,True,asset_turnover,0.4257,1.1541,debt_to_equity,-0.2864,7.4472,net_margin,0.1961,0.065
CLX,2023,At-Risk,At-Risk,0.9172268509864807,0.045279987156391144,0.03749318793416023,True,debt_to_equity,-0.6687,14.3222,asset_turnover,0.3785,1.2429,net_margin,0.1737,0.0202
CLX,2024,At-Risk,At-Risk,0.925922691822052,0.03291966766119003,0.041157592087984085,True,debt_to_equity,-0.431,10.689,asset_turnover,0.3926,1.2334,net_margin,0.2021,0.0395
CMC,2021,Healthy,Healthy,0.35843604803085327,0.005097016226500273,0.6364669799804688,True,asset_turnover,1.4967,1.4508,debt_to_equity,-0.6446,1.0211,current_ratio,0.2909,2.7913
CMC,2022,Healthy,Healthy,0.19069713354110718,0.002188183134421706,0.8071147203445435,True,asset_turnover,1.7691,1.4291,debt_to_equity,-0.6026,0.8978,net_margin,0.5449,0.1366
CMC,2023,Healthy,Healthy,0.07047967612743378,0.0013769028009846807,0.9281433820724487,True,asset_turnover,1.2803,1.3254,ebit_margin,0.412,0.1325,current_ratio,0.3791,3.7266
CMC,2024,Healthy,Healthy,0.30705931782722473,0.007407661061733961,0.6855329871177673,True,asset_turnover,0.5476,1.1625,current_ratio,0.3829,3.9441,debt_to_equity,0.2267,0.5855
CMG,2021,At-Risk,At-Risk,0.9415664672851562,0.022218532860279083,0.03621497005224228,True,asset_turnover,0.3295,1.1344,debt_to_equity,0.237,1.8959,net_margin,0.1324,0.0865
CMG,2022,At-Risk,At-Risk,0.8669645190238953,0.018232125788927078,0.11480340361595154,True,asset_turnover,0.3273,1.2464,debt_to_equity,0.2338,1.9254,net_margin,0.1717,0.1041
CMG,2023,At-Risk,At-Risk,0.6679898500442505,0.01278020441532135,0.3192299008369446,True,asset_turnover,0.2928,1.2272,debt_to_equity,0.2591,1.627,net_margin,0.1364,0.1245
CMG,2024,At-Risk,At-Risk,0.6781294941902161,0.010995554737746716,0.31087496876716614,True,asset_turnover,0.2905,1.2292,debt_to_equity,0.2582,1.5179,net_margin,0.1357,0.1356
CMRE,2021,Distressed,Distressed,0.0651392787694931,0.9279434680938721,0.006917283404618502,True,asset_turnover,2.4189,0.1801,ebit_margin,-0.9393,0.5194,debt_to_equity,0.6334,1.5535
CMRE,2022,Distressed,Distressed,0.3415997624397278,0.6041300296783447,0.05427023768424988,True,asset_turnover,2.012,0.2275,ebit_margin,-0.9647,0.5194,debt_to_equity,0.5508,1.2663
CNDT,2021,Distressed,At-Risk,0.7911376357078552,0.2011047750711441,0.00775763439014554,False,asset_turnover,0.2759,1.0258,debt_to_equity,0.2739,2.168,net_margin,0.1505,-0.0068
CNDT,2022,Distressed,At-Risk,0.8182159662246704,0.17471523582935333,0.0070688058622181416,False,debt_to_equity,0.2551,2.372,asset_turnover,0.2544,1.0804,current_ratio,0.1679,1.7606
CNDT,2023,Distressed,At-Risk,0.8762158751487732,0.11106643080711365,0.012717705219984055,False,asset_turnover,0.2508,1.1771,debt_to_equity,0.2043,3.08,current_ratio,0.1313,1.9067
CNDT,2024,Distressed,At-Risk,0.9171404838562012,0.027347156777977943,0.055512405931949615,False,asset_turnover,0.2748,1.2913,debt_to_equity,0.2539,1.6386,net_margin,0.1388,0.1269
CNHI,2023,At-Risk,At-Risk,0.5740863084793091,0.41651418805122375,0.009399529546499252,True,net_margin,0.1475,0.0922,ebit_margin,0.1338,0.2003,asset_turnover,0.1204,0.5336
CNHI,2024,At-Risk,Distressed,0.47987085580825806,0.5113393068313599,0.008789814077317715,False,debt_to_equity,1.2929,4.5269,asset_turnover,1.1219,0.462,ebit_margin,-0.6798,0.1941
CNTY,2021,Distressed,Distressed,0.2650642395019531,0.7328715920448303,0.002064165659248829,True,debt_to_equity,1.1127,3.6779,asset_turnover,0.7731,0.5524,ebit_margin,-0.535,0.1764
CNTY,2022,Distressed,Distressed,0.0975320115685463,0.9010575413703918,0.00141039933077991,True,debt_to_equity,1.4236,4.7391,asset_turnover,1.155,0.4865,ebit_margin,-0.3865,0.1545
CNTY,2023,Distressed,Distressed,0.024082720279693604,0.9754075407981873,0.0005097533576190472,True,asset_turnover,1.3623,0.4047,debt_to_equity,1.2566,5.3405,net_margin,0.4307,-0.0512
CNTY,2024,Distressed,Distressed,0.004183354787528515,0.9950952529907227,0.0007213967619463801,True,debt_to_equity,1.3902,20.2087,asset_turnover,1.0862,0.48,net_margin,0.53,-0.2667
COMP,2021,At-Risk,At-Risk,0.3721786439418793,0.3599982261657715,0.26782315969467163,True,asset_turnover,-1.2724,3.2036,net_margin,0.3068,-0.077,cost_growth,0.1629,0.7355
COMP,2022,At-Risk,Distressed,0.3127240538597107,0.35399553179740906,0.33328038454055786,False,asset_turnover,-2.0666,3.2036,ebit_margin,1.1242,-0.0898,debt_to_equity,0.5549,1.9443
COMP,2023,At-Risk,Distressed,0.1500314623117447,0.5941747426986694,0.25579380989074707,False,asset_turnover,-1.7848,3.2036,ebit_margin,1.1193,-0.0582,net_margin,0.6339,-0.0658
COMP,2024,At-Risk,Healthy,0.058978088200092316,0.06932612508535385,0.8716957569122314,False,asset_turnover,3.5298,3.2036,debt_to_equity,-0.6091,1.8565,net_margin,-0.5715,-0.0274
CONN,2021,At-Risk,At-Risk,0.950477123260498,0.02941029518842697,0.020112553611397743,True,asset_turnover,0.3328,0.9063,debt_to_equity,0.2304,1.8536,net_margin,0.1867,0.0681
CONN,2022,At-Risk,At-Risk,0.8279418349266052,0.1650288999080658,0.007029317785054445,True,asset_turnover,0.2587,0.7823,debt_to_equity,0.2057,2.416,net_margin,0.1236,-0.0442
CONN,2023,Distressed,Distressed,0.1077016144990921,0.891297459602356,0.0010009667603299022,True,debt_to_equity,1.2705,3.9127,asset_turnover,1.0505,0.5064,ebit_margin,0.5305,0.0233
COP,2021,At-Risk,At-Risk,0.9008633494377136,0.08951063454151154,0.009625975042581558,True,asset_turnover,0.3471,0.5279,debt_to_equity,0.2144,0.9967,net_margin,0.1097,0.1688
COP,2022,At-Risk,At-Risk,0.8202316761016846,0.017756355926394463,0.16201193630695343,True,asset_turnover,0.2868,0.8641,debt_to_equity,0.2803,0.9546,ebit_margin,0.1888,0.3428
COP,2023,At-Risk,At-Risk,0.9300750494003296,0.03670746088027954,0.03321751207113266,True,asset_turnover,0.3711,0.6083,debt_to_equity,0.257,0.9465,cost_growth,-0.2534,-0.223
COP,2024,At-Risk,At-Risk,0.9509367942810059,0.04120655357837677,0.007856709882616997,True,asset_turnover,0.3308,0.4634,debt_to_equity,0.2401,0.8949,ebit_margin,0.1024,0.2568
COUP,2021,Distressed,Distressed,0.001334827276878059,0.9985074400901794,0.0001577017828822136,True,asset_turnover,1.2373,0.2271,debt_to_equity,1.1075,2.5258,ebit_margin,0.9057,-0.3365
CPHI,2021,Distressed,Distressed,0.0035817292518913746,0.9960522651672363,0.00036602531326934695,True,ebit_margin,1.2399,-0.3231,debt_to_equity,1.0543,2.7637,asset_turnover,0.7485,0.4257
CPHI,2022,Distressed,Distressed,0.0015531136887148023,0.998044490814209,0.0004024363588541746,True,ebit_margin,1.2328,-0.4495,debt_to_equity,0.9973,3.1455,net_margin,0.5824,-0.4902
CPHI,2023,Distressed,Distressed,0.0042308964766561985,0.995123565196991,0.0006455725524574518,True,ebit_margin,1.2435,-0.3947,net_margin,0.7064,-0.4391,debt_to_equity,0.6343,1.2093
CPHI,2024,Distressed,Distressed,0.0033048507757484913,0.9960646033287048,0.0006305505521595478,True,ebit_margin,1.1295,-1.012,asset_turnover,0.888,0.3042,net_margin,0.6391,-1.0458
CPIX,2023,Distressed,Distressed,0.006607855204492807,0.9929267764091492,0.0004653609648812562,True,debt_to_equity,1.0991,1.7948,ebit_margin,0.8305,-0.0367,asset_turnover,0.6871,0.4837
CPIX,2024,Distressed,Distressed,0.008180009201169014,0.9913568496704102,0.0004630706971511245,True,debt_to_equity,1.1012,2.3524,ebit_margin,0.8196,-0.0445,asset_turnover,0.6751,0.501
CPRI,2021,At-Risk,At-Risk,0.9068800806999207,0.08692169189453125,0.006198277696967125,True,asset_turnover,0.3489,0.7559,debt_to_equity,0.1839,1.9242,net_margin,0.1547,0.1449
CPRI,2022,At-Risk,At-Risk,0.9310592412948608,0.06126558780670166,0.007675153203308582,True,asset_turnover,0.327,0.7703,debt_to_equity,0.2403,2.9454,net_margin,0.1906,0.1091
CPSR,2022,Distressed,Distressed,0.0008884347043931484,0.9989393353462219,0.00017224012117367238,True,asset_turnover,0.9155,0.2494,ebit_margin,0.8713,-4.7272,debt_to_equity,0.6238,1.1519
CR,2021,At-Risk,Distressed,0.2373509705066681,0.751854419708252,0.010794660076498985,False,asset_turnover,1.9463,0.2998,ebit_margin,-0.5733,0.2048,debt_to_equity,0.5528,1.4449
CR,2024,At-Risk,At-Risk,0.9536547064781189,0.04150225222110748,0.004843025468289852,True,asset_turnover,0.3432,0.623,debt_to_equity,0.2163,1.2411,net_margin,0.1795,0.1238
CRI,2021,At-Risk,At-Risk,0.9410895705223083,0.02235008031129837,0.036560337990522385,True,debt_to_equity,0.3144,2.3551,asset_turnover,0.2829,1.0936,net_margin,0.1791,0.0974
CRI,2022,At-Risk,At-Risk,0.8719762563705444,0.009534495882689953,0.11848926544189453,True,asset_turnover,0.2762,1.3168,debt_to_equity,0.2401,2.0634,net_margin,0.1441,0.0778
CRI,2023,At-Risk,At-Risk,0.8758227229118347,0.010298182256519794,0.11387908458709717,True,asset_turnover,0.2892,1.2384,debt_to_equity,0.2582,1.8141,net_margin,0.1434,0.0789
CRI,2024,At-Risk,At-Risk,0.9453802704811096,0.013739042915403843,0.04088062047958374,True,asset_turnover,0.2938,1.1689,debt_to_equity,0.2555,1.8473,net_margin,0.1756,0.0652
CRMZ,2021,Distressed,At-Risk,0.7144972085952759,0.2562120258808136,0.029290806502103806,False,size_bucket_micro,-0.3207,1.0,asset_turnover,0.2752,0.8355,debt_to_equity,0.131,2.3326
CTLT,2022,Distressed,At-Risk,0.7342939376831055,0.2566542625427246,0.009051724337041378,False,asset_turnover,0.2629,0.457,debt_to_equity,0.1749,1.2006,net_margin,0.1506,0.1006
CTLT,2023,Distressed,Distressed,0.1605725884437561,0.8381009101867676,0.001326549332588911,True,asset_turnover,1.2361,0.3956,debt_to_equity,0.7078,1.3372,net_margin,0.518,-0.0601
CTLT,2024,Distressed,Distressed,0.03456063196063042,0.9645401835441589,0.0008991874055936933,True,debt_to_equity,1.1861,1.7062,asset_turnover,0.9868,0.4492,net_margin,0.7398,-0.2381
CTS,2021,Healthy,At-Risk,0.6988197565078735,0.0747508630156517,0.22642937302589417,False,asset_turnover,0.239,0.7719,cost_growth,-0.1183,0.1529,net_margin,0.0663,-0.0816
CTS,2022,At-Risk,At-Risk,0.6576089859008789,0.01825922541320324,0.3241318166255951,True,asset_turnover,0.3234,0.7841,net_margin,0.0924,0.1015,cost_growth,-0.063,0.1315
CTS,2023,Healthy,At-Risk,0.6738423109054565,0.016123713925480843,0.31003397703170776,False,asset_turnover,0.3475,0.7426,debt_to_equity,-0.0679,0.4069,net_margin,0.061,0.11
CTS,2024,At-Risk,At-Risk,0.9381876587867737,0.017535515129566193,0.044276848435401917,True,asset_turnover,0.4242,0.6725,debt_to_equity,0.1385,0.4491,net_margin,0.0875,0.1078
CTV,2021,At-Risk,At-Risk,0.8994551301002502,0.04357130825519562,0.05697363242506981,True,debt_to_equity,0.4836,0.2746,gross_margin,0.2968,0.804,ebit_margin,0.2545,-0.0648
CTV,2022,At-Risk,At-Risk,0.8701937794685364,0.08902475982904434,0.0407814159989357,True,debt_to_equity,0.6203,0.2607,cost_growth,0.3384,0.6316,asset_turnover,0.1453,0.4897
CTV,2023,At-Risk,At-Risk,0.6556298732757568,0.2651347815990448,0.07923536747694016,True,debt_to_equity,0.4313,0.2753,net_margin,-0.2209,-0.2281,cost_growth,-0.1227,0.0094
CTVA,2021,Distressed,Distressed,0.48641374707221985,0.5081658959388733,0.00542037608101964,True,asset_turnover,1.3849,0.3697,net_margin,-0.3622,0.1124,current_ratio,0.2979,1.6265
CTVA,2022,At-Risk,At-Risk,0.7673503756523132,0.22529807686805725,0.0073515260592103004,True,debt_to_equity,0.3084,0.6686,asset_turnover,0.182,0.4096,net_margin,0.1407,0.0657
CTVA,2023,At-Risk,At-Risk,0.7459819316864014,0.2481999397277832,0.00581808527931571,True,debt_to_equity,0.3428,0.7009,net_margin,0.1358,0.0427,asset_turnover,0.1307,0.4006
CTVA,2024,At-Risk,At-Risk,0.7847159504890442,0.2090741991996765,0.006209819111973047,True,debt_to_equity,0.2914,0.6989,asset_turnover,0.1961,0.4142,net_margin,0.1451,0.0536
CURI,2021,Distressed,Distressed,0.15070882439613342,0.8468659520149231,0.0024252240546047688,True,ebit_margin,1.0935,-0.7364,debt_to_equity,-0.8958,0.3436,net_margin,0.785,-0.5281
CURI,2022,Distressed,Distressed,0.08785177767276764,0.9062805771827698,0.005867673084139824,True,ebit_margin,1.2674,-0.6622,debt_to_equity,-0.885,0.3102,net_margin,0.7982,-0.6524
CURO,2021,Healthy,Healthy,0.04338818043470383,0.004536479711532593,0.9520753026008606,True,debt_to_equity,2.3927,0.1683,asset_turnover,-1.1595,0.3324,current_ratio,0.4221,5.0495
CURO,2022,Distressed,Distressed,0.01393012423068285,0.9849905371665955,0.001079364214092493,True,asset_turnover,1.0461,0.3678,debt_to_equity,0.7574,1.1519,negative_equity,0.5543,1.0
CW,2021,At-Risk,At-Risk,0.9568597078323364,0.037777677178382874,0.005362648516893387,True,asset_turnover,0.3477,0.6094,debt_to_equity,0.2093,1.2467,net_margin,0.1732,0.1051
CW,2022,At-Risk,At-Risk,0.9452929496765137,0.04873485863208771,0.005972232669591904,True,asset_turnover,0.3432,0.5748,debt_to_equity,0.2042,1.2452,net_margin,0.1748,0.1151
CW,2023,At-Risk,At-Risk,0.9682946801185608,0.023155568167567253,0.008549775928258896,True,asset_turnover,0.3863,0.6158,debt_to_equity,0.2503,0.9846,net_margin,0.1498,0.1246
CW,2024,At-Risk,At-Risk,0.9713468551635742,0.022163480520248413,0.006489679217338562,True,asset_turnover,0.3631,0.626,debt_to_equity,0.239,1.0351,net_margin,0.1648,0.1298
CYRX,2021,Distressed,Distressed,0.046172916889190674,0.9478552341461182,0.005971802864223719,True,asset_turnover,0.9551,0.0484,ebit_margin,0.763,-0.1495,debt_to_equity,0.5582,0.7743
CYRX,2022,Distressed,Distressed,0.029238548129796982,0.96989506483078,0.0008663570042699575,True,asset_turnover,1.0876,0.0599,ebit_margin,0.8299,-0.1599,debt_to_equity,0.6043,0.8699
CYRX,2023,Distressed,Distressed,0.002186546800658107,0.997490406036377,0.0003230654401704669,True,ebit_margin,1.0307,-0.3325,asset_turnover,0.995,0.2184,net_margin,0.6493,-0.5753
CYRX,2024,Distressed,Distressed,0.011613955721259117,0.9873731732368469,0.0010128678986802697,True,ebit_margin,1.1963,-0.3289,asset_turnover,0.8457,0.2826,net_margin,0.7455,-0.6407
D,2021,Distressed,Distressed,0.018439676612615585,0.9797223210334778,0.0018379474058747292,True,asset_turnover,2.5955,0.1147,debt_to_equity,0.9108,2.4439,ebit_margin,-0.5231,0.2281
D,2022,Distressed,Distressed,0.009312337264418602,0.9902523756027222,0.0004352865507826209,True,asset_turnover,2.742,0.1337,debt_to_equity,0.884,2.7389,ebit_margin,-0.5582,0.2339
DAC,2024,At-Risk,Healthy,0.06212976202368736,0.005009836051613092,0.9328603744506836,False,asset_turnover,-1.4767,0.2335,ebit_margin,1.3244,0.5194,debt_to_equity,1.2496,0.2683
DAN,2021,At-Risk,At-Risk,0.9682276248931885,0.024907361716032028,0.006864982191473246,True,asset_turnover,0.3625,1.172,debt_to_equity,0.2834,2.5122,opex_ratio,0.194,0.053
DAN,2022,At-Risk,At-Risk,0.9724963903427124,0.01909208483994007,0.008411544375121593,True,asset_turnover,0.3347,1.3634,debt_to_equity,0.2501,3.1429,opex_ratio,0.2008,0.0501
DAN,2023,Distressed,At-Risk,0.6805289387702942,0.31422579288482666,0.005245308857411146,False,asset_turnover,0.2943,0.9558,opex_ratio,0.249,0.0588,net_margin,0.2037,0.0053
DAN,2024,At-Risk,At-Risk,0.7138495445251465,0.27921557426452637,0.006934866309165955,True,asset_turnover,0.3012,1.0331,debt_to_equity,0.2195,3.723,opex_ratio,0.1916,0.0565
DEA,2021,Distressed,Distressed,0.03256065398454666,0.9657589197158813,0.0016804552869871259,True,asset_turnover,2.5449,0.0973,current_ratio,0.8099,0.126,ebit_margin,-0.5936,0.2654
DEA,2022,Distressed,Distressed,0.01753295585513115,0.9814988970756531,0.0009681088849902153,True,asset_turnover,2.5969,0.1038,current_ratio,0.8305,0.121,ebit_margin,-0.5179,0.2482
DEA,2023,Distressed,Distressed,0.019810287281870842,0.9792810678482056,0.0009085819474421442,True,asset_turnover,2.4711,0.0997,current_ratio,0.8303,0.121,ebit_margin,-0.5219,0.2311
DEA,2024,Distressed,Distressed,0.015339890494942665,0.9837732315063477,0.0008868587319739163,True,asset_turnover,2.4758,0.0937,current_ratio,0.8048,0.121,debt_to_equity,0.6153,1.3236
DEN,2021,At-Risk,At-Risk,0.8207200169563293,0.15493038296699524,0.024349601939320564,True,asset_turnover,0.2572,0.6612,debt_to_equity,0.2555,0.676,cost_growth,-0.2274,1.8779
DEN,2022,At-Risk,At-Risk,0.7203351855278015,0.02948489598929882,0.25017988681793213,True,asset_turnover,0.36,0.7367,debt_to_equity,0.2097,0.5186,gross_margin,-0.1453,0.9624
DENN,2021,At-Risk,At-Risk,0.47919246554374695,0.4127829372882843,0.10802464932203293,True,debt_to_equity,0.2306,1.1519,negative_equity,-0.2141,1.0,asset_turnover,0.1612,0.9142
DENN,2022,Distressed,At-Risk,0.5006465911865234,0.4828823506832123,0.01647106371819973,False,negative_equity,-0.2616,1.0,asset_turnover,0.2325,0.9159,debt_to_equity,0.2112,1.1519
DENN,2023,Distressed,Distressed,0.419814795255661,0.5717350840568542,0.008450118824839592,True,negative_equity,1.0013,1.0,asset_turnover,-0.72,0.9981,current_ratio,0.6219,0.4264
DENN,2024,Distressed,Distressed,0.3948672115802765,0.6004450917243958,0.004687726031988859,True,negative_equity,0.836,1.0,current_ratio,0.6253,0.4183,asset_turnover,-0.561,0.9115
DG,2021,At-Risk,At-Risk,0.9704217314720154,0.011248691007494926,0.01832961104810238,True,asset_turnover,0.3153,1.2998,debt_to_equity,0.2819,3.2043,net_margin,0.1678,0.0701
DG,2022,At-Risk,At-Risk,0.966020941734314,0.012152635492384434,0.021826457232236862,True,asset_turnover,0.3528,1.3013,debt_to_equity,0.2141,4.248,net_margin,0.1736,0.0638
DG,2023,At-Risk,At-Risk,0.982079029083252,0.01138605922460556,0.006534873507916927,True,asset_turnover,0.2981,1.2564,debt_to_equity,0.2797,3.5629,net_margin,0.1857,0.0429
DG,2024,At-Risk,At-Risk,0.9795056581497192,0.012213504873216152,0.008280815556645393,True,asset_turnover,0.3197,1.3045,debt_to_equity,0.2588,3.1993,net_margin,0.1705,0.0277
DHRM,2021,Healthy,Healthy,0.02030644565820694,0.004255993291735649,0.975437581539154,True,asset_turnover,3.842,3.2036,debt_to_equity,-0.6853,2.173,current_ratio,-0.2717,1.232
DHRM,2022,Healthy,Healthy,0.1247316226363182,0.06794000416994095,0.8073284029960632,True,asset_turnover,3.1926,3.1734,debt_to_equity,-0.6663,2.1811,ebit_margin,-0.5955,-0.0288
DHRM,2023,At-Risk,Healthy,0.3370867669582367,0.19083164632320404,0.47208157181739807,False,asset_turnover,2.7091,2.9996,ebit_margin,-1.4029,-0.0475,debt_to_equity,-0.7406,2.4517
DHRM,2024,At-Risk,Healthy,0.3145800828933716,0.1969500482082367,0.48846983909606934,False,asset_turnover,2.7506,3.0334,ebit_margin,-1.3843,-0.0417,debt_to_equity,-0.7344,2.3585
DIN,2021,Distressed,Distressed,0.1649196594953537,0.8324832320213318,0.002597101265564561,True,asset_turnover,0.7415,0.4482,negative_equity,0.6114,1.0,debt_to_equity,0.5597,1.1519
DIN,2022,Distressed,Distressed,0.2611043155193329,0.7355297803878784,0.00336592854000628,True,asset_turnover,0.6762,0.4833,debt_to_equity,0.5749,1.1519,ebit_margin,-0.5317,0.1936
DIN,2023,Distressed,Distressed,0.48199787735939026,0.5135023593902588,0.004499784205108881,True,ebit_margin,-0.6672,0.226,debt_to_equity,0.4966,1.1519,asset_turnover,0.4826,0.4776
DIN,2024,Distressed,Distressed,0.3108474016189575,0.6865456104278564,0.0026069441810250282,True,asset_turnover,0.7157,0.4536,debt_to_equity,0.6302,1.1519,ebit_margin,-0.617,0.2066
DM,2021,Healthy,Healthy,0.1502373218536377,0.2403782159090042,0.6093845367431641,True,debt_to_equity,2.4563,0.1123,ebit_margin,-0.9903,-1.5646,asset_turnover,-0.5097,0.081
DM,2022,Distressed,Distressed,0.010424756444990635,0.9884217381477356,0.0011535108787938952,True,ebit_margin,1.1442,-1.1145,net_margin,0.9273,-3.5419,asset_turnover,0.8037,0.2771
DM,2023,Distressed,Distressed,0.003699876368045807,0.9959061145782471,0.0003939912130590528,True,ebit_margin,1.2753,-1.0638,net_margin,0.8753,-1.7041,asset_turnover,0.5748,0.4142
DMRC,2021,Distressed,Distressed,0.1832953691482544,0.788339376449585,0.028365226462483406,True,debt_to_equity,-1.595,0.1715,ebit_margin,1.2227,-1.5032,net_margin,0.9573,-1.3107
DMRC,2022,Distressed,Distressed,0.17894776165485382,0.797096312046051,0.023955971002578735,True,debt_to_equity,-1.6751,0.1659,ebit_margin,1.1444,-2.0166,net_margin,0.9512,-1.9803
DMRC,2023,Distressed,Distressed,0.0349857397377491,0.9616040587425232,0.0034101821947842836,True,ebit_margin,1.3386,-1.3761,net_margin,0.9876,-1.3187,debt_to_equity,-0.8178,0.3008
DMRC,2024,Distressed,Distressed,0.15049006044864655,0.8346117734909058,0.014898178167641163,True,ebit_margin,1.3024,-1.0752,debt_to_equity,-1.2168,0.2348,net_margin,0.8766,-1.0154
DOOR,2021,At-Risk,At-Risk,0.9729111194610596,0.012108253315091133,0.014980634674429893,True,debt_to_equity,0.3335,2.2105,asset_turnover,0.3224,1.1559,net_margin,0.1718,0.0364
DOOR,2022,At-Risk,At-Risk,0.8784753084182739,0.006838757079094648,0.11468595266342163,True,asset_turnover,0.2933,1.2862,debt_to_equity,0.259,2.0267,net_margin,0.1642,0.0741
DOOR,2023,At-Risk,At-Risk,0.9631593823432922,0.025429105386137962,0.011411428451538086,True,debt_to_equity,0.3166,2.125,asset_turnover,0.305,1.0541,net_margin,0.1748,0.0418
DT,2021,Distressed,Distressed,0.10465691238641739,0.8938884139060974,0.0014546827878803015,True,asset_turnover,1.3567,0.3657,current_ratio,0.3809,1.0957,opex_ratio,0.3443,0.7265
DT,2022,Distressed,Distressed,0.4601462483406067,0.5369718670845032,0.002881925320252776,True,asset_turnover,1.0725,0.4189,current_ratio,0.4126,1.0782,opex_ratio,0.3317,0.7275
DT,2023,Distressed,At-Risk,0.5244122743606567,0.4719603955745697,0.0036273240111768246,False,debt_to_equity,0.2732,0.6918,gross_margin,0.2052,0.8137,asset_turnover,0.1849,0.4195
DT,2024,At-Risk,At-Risk,0.785609781742096,0.20425133407115936,0.010138830170035362,True,debt_to_equity,0.3179,0.5793,asset_turnover,0.2555,0.4103,opex_ratio,-0.2065,0.7059
DTC,2021,At-Risk,At-Risk,0.8857859373092651,0.08784284442663193,0.02637118101119995,True,asset_turnover,0.3983,0.4819,debt_to_equity,0.2081,0.459,cost_growth,-0.1429,1.8779
DV,2021,Healthy,Healthy,0.026056060567498207,0.004223821219056845,0.969720184803009,True,debt_to_equity,2.9785,0.1165,asset_turnover,-0.9145,0.3729,current_ratio,0.3478,6.4493
DV,2022,Healthy,Healthy,0.12026653438806534,0.008398348465561867,0.8713350892066956,True,debt_to_equity,2.2832,0.1827,asset_turnover,-1.1232,0.4363,ebit_margin,0.3907,0.1305
DV,2023,Healthy,Healthy,0.03917327895760536,0.003422023728489876,0.9574047327041626,True,debt_to_equity,2.6716,0.1575,asset_turnover,-1.094,0.4606,ebit_margin,0.3709,0.1497
DV,2024,Healthy,Healthy,0.06664509326219559,0.006009612698107958,0.927345335483551,True,debt_to_equity,2.3546,0.1779,asset_turnover,-1.0504,0.5147,ebit_margin,0.3704,0.1255
EAR,2021,Distressed,Distressed,0.002124706981703639,0.9974973797798157,0.0003779051185119897,True,asset_turnover,1.087,0.2006,ebit_margin,0.993,-4.8785,net_margin,0.6582,-4.9111
EAR,2022,Distressed,Distressed,0.018667379394173622,0.9788495898246765,0.002482987940311432,True,ebit_margin,1.2861,-3.0004,net_margin,0.9747,-4.2281,debt_to_equity,-0.8456,0.3096
ECOR,2021,Distressed,Distressed,0.1928935945034027,0.7881549596786499,0.018951451405882835,True,debt_to_equity,-1.7194,0.1688,ebit_margin,1.0142,-3.6769,net_margin,0.891,-3.1587
ECOR,2022,Distressed,Distressed,0.013141623698174953,0.9860162138938904,0.0008421220700256526,True,ebit_margin,1.224,-2.6622,net_margin,1.0183,-2.5794,asset_turnover,0.663,0.3471
ECOR,2023,Distressed,Distressed,0.0029292465187609196,0.9964554309844971,0.0006153499125503004,True,ebit_margin,1.5131,-1.2021,net_margin,0.8427,-1.1749,debt_to_equity,0.5022,1.1637
ECOR,2024,Distressed,Distressed,0.0036212780978530645,0.9953716397285461,0.001007037004455924,True,ebit_margin,1.6891,-0.483,asset_turnover,-0.93,1.2301,net_margin,0.855,-0.472
EKSO,2021,Distressed,Distressed,0.07364308834075928,0.9199758768081665,0.006380972918123007,True,ebit_margin,1.2224,-1.2296,debt_to_equity,-1.0002,0.321,net_margin,0.7758,-0.8682
EKSO,2022,Distressed,Distressed,0.00519148726016283,0.9942373037338257,0.0005711455596610904,True,ebit_margin,1.2255,-1.2048,net_margin,0.8463,-1.1679,asset_turnover,0.8343,0.3157
EKSO,2023,Distressed,Distressed,0.001874591107480228,0.997880220413208,0.0002451971231494099,True,ebit_margin,1.3546,-0.8267,net_margin,0.7383,-0.8314,debt_to_equity,0.6043,1.294
EKSO,2024,Distressed,Distressed,0.0030746092088520527,0.9965384006500244,0.0003870559739880264,True,ebit_margin,1.4678,-0.5835,net_margin,0.7661,-0.6321,debt_to_equity,0.5286,1.0974
ELA,2021,Healthy,Healthy,0.012738469056785107,0.007187789771705866,0.9800737500190735,True,asset_turnover,3.1786,2.3785,debt_to_equity,-0.619,1.1452,current_ratio,0.2835,3.508
ELA,2022,Healthy,Healthy,0.01695580594241619,0.005965351592749357,0.9770788550376892,True,asset_turnover,2.7634,2.563,debt_to_equity,-0.3464,0.6455,revenue_growth,-0.2876,0.296
ELA,2023,Healthy,Healthy,0.018130706623196602,0.0074698179960250854,0.9743994474411011,True,asset_turnover,2.5681,2.3854,current_ratio,0.3109,5.548,size_bucket_micro,-0.209,1.0
ELA,2024,Healthy,Healthy,0.021769654005765915,0.00843955297023058,0.9697908163070679,True,asset_turnover,2.3634,2.3164,current_ratio,0.3135,4.9431,size_bucket_micro,-0.2502,1.0
ELF,2021,Distressed,At-Risk,0.9287945032119751,0.039888497442007065,0.03131702542304993,False,asset_turnover,0.3054,0.7928,debt_to_equity,0.2598,0.5832,net_margin,0.1516,0.0555
ELF,2022,At-Risk,Healthy,0.2930324077606201,0.010809050872921944,0.6961585283279419,False,debt_to_equity,0.4278,0.4491,ebit_margin,0.3313,0.1177,revenue_growth,-0.2538,0.4761
ELF,2023,At-Risk,At-Risk,0.8423330783843994,0.06526964902877808,0.09239727258682251,True,debt_to_equity,0.2791,0.7574,asset_turnover,0.2687,0.9067,cost_growth,0.1404,0.7119
ELF,2024,At-Risk,At-Risk,0.6985150575637817,0.02519576996564865,0.276289165019989,True,debt_to_equity,0.2926,0.6405,asset_turnover,0.2406,1.0524,opex_ratio,-0.1656,0.592
ELSE,2021,Healthy,Healthy,0.006655828561633825,0.004227384924888611,0.9891167283058167,True,debt_to_equity,2.997,0.0697,asset_turnover,-0.6161,0.6196,current_ratio,0.5588,18.1176
ELSE,2022,Healthy,Healthy,0.00552703719586134,0.0039586517959833145,0.9905142784118652,True,debt_to_equity,2.9845,0.0697,current_ratio,0.5833,18.9842,asset_turnover,-0.4989,0.6429
ELSE,2023,Healthy,Healthy,0.00947087537497282,0.006167763844132423,0.9843612909317017,True,debt_to_equity,2.9288,0.0697,asset_turnover,-0.6278,0.5922,current_ratio,0.6182,18.9842
ELSE,2024,Healthy,Healthy,0.007569430395960808,0.005435883533209562,0.9869946837425232,True,debt_to_equity,2.9971,0.0697,current_ratio,0.5675,18.9842,asset_turnover,-0.5517,0.6297
ERII,2021,Healthy,Healthy,0.02492709830403328,0.003849314758554101,0.9712236523628235,True,debt_to_equity,2.3226,0.1953,asset_turnover,-1.1203,0.4862,current_ratio,0.5182,7.6706
ERII,2022,Healthy,Healthy,0.012090623378753662,0.002807095181196928,0.9851022958755493,True,debt_to_equity,2.413,0.171,asset_turnover,-0.9542,0.5787,ebit_margin,0.5354,0.1977
ERII,2023,Healthy,Healthy,0.01075420156121254,0.0025470335967838764,0.9866987466812134,True,debt_to_equity,2.6539,0.1509,asset_turnover,-1.0415,0.5074,current_ratio,0.5051,9.4244
ERII,2024,Healthy,Healthy,0.00788981094956398,0.0024909491185098886,0.9896191954612732,True,debt_to_equity,2.6212,0.1561,asset_turnover,-0.9021,0.597,current_ratio,0.4871,8.1117
ESP,2022,Healthy,Healthy,0.12485428154468536,0.029068414121866226,0.8460773229598999,True,debt_to_equity,1.7188,0.2429,asset_turnover,-0.5263,0.8047,current_ratio,0.3723,4.8688
ESP,2023,Healthy,At-Risk,0.6251999735832214,0.0447792112827301,0.33002084493637085,False,asset_turnover,0.3377,0.7493,net_margin,0.099,0.1033,opex_ratio,0.0908,0.1054
ESP,2024,Healthy,At-Risk,0.7644084095954895,0.04013649374246597,0.19545511901378632,False,asset_turnover,0.4118,0.6851,opex_ratio,0.0943,0.1062,debt_to_equity,0.0933,0.3699
ESTC,2022,Distressed,Distressed,0.0033665208611637354,0.9964166879653931,0.0002168376959161833,True,debt_to_equity,1.2452,2.9547,ebit_margin,0.9638,-0.2014,asset_turnover,0.673,0.5249
ESTC,2023,Distressed,Distressed,0.004245327785611153,0.9954928159713745,0.0002617963182274252,True,ebit_margin,1.1506,-0.1758,debt_to_equity,1.1261,3.3708,net_margin,0.6518,-0.2209
ESTC,2024,Distressed,Distressed,0.045753758400678635,0.9538048505783081,0.0004413887218106538,True,ebit_margin,1.256,-0.0986,debt_to_equity,1.0602,2.0379,asset_turnover,0.671,0.5651
ETN,2021,At-Risk,At-Risk,0.9118077754974365,0.08234725892543793,0.005844953935593367,True,asset_turnover,0.3514,0.5768,debt_to_equity,0.2049,1.0684,net_margin,0.1689,0.1092
ETN,2022,At-Risk,At-Risk,0.9504542946815491,0.04298436641693115,0.006561277434229851,True,asset_turnover,0.363,0.5927,debt_to_equity,0.2329,1.0507,net_margin,0.1648,0.1186
ETN,2023,At-Risk,At-Risk,0.9655579328536987,0.027351107448339462,0.00709092803299427,True,asset_turnover,0.3621,0.6036,debt_to_equity,0.2397,1.0153,net_margin,0.1502,0.1387
ETN,2024,At-Risk,At-Risk,0.9634758234024048,0.02832113951444626,0.008203081786632538,True,asset_turnover,0.3741,0.6482,debt_to_equity,0.2313,1.0711,ebit_margin,0.1059,0.1862
ETR,2021,Distressed,Distressed,0.005575643386691809,0.9941058158874512,0.00031847445643506944,True,asset_turnover,2.5217,0.1975,debt_to_equity,1.094,3.9858,current_ratio,0.4903,0.5853
ETR,2022,Distressed,Distressed,0.007587560918182135,0.992017388343811,0.00039508446934632957,True,asset_turnover,2.4177,0.2349,debt_to_equity,1.046,3.4109,current_ratio,0.3597,0.7856
ETR,2023,Distressed,Distressed,0.01005717646330595,0.9891411066055298,0.0008017419604584575,True,asset_turnover,2.5509,0.2035,debt_to_equity,0.9791,2.9902,current_ratio,0.5522,0.6397
ETR,2024,Distressed,Distressed,0.010728202760219574,0.9887210726737976,0.0005507016903720796,True,asset_turnover,2.6192,0.1834,debt_to_equity,0.9576,3.2059,ebit_margin,-0.5236,0.2322
EVC,2021,Distressed,At-Risk,0.8887588977813721,0.10409275442361832,0.007148351985961199,False,asset_turnover,0.3299,0.8929,debt_to_equity,0.2428,2.3136,cost_growth,-0.1916,1.3052
EVC,2022,Distressed,Distressed,0.01715049520134926,0.9821922183036804,0.0006572691490873694,True,asset_turnover,1.6232,0.3678,debt_to_equity,1.1087,2.0867,opex_ratio,0.3556,0.6845
EVC,2023,Distressed,Distressed,0.010832881554961205,0.9888429641723633,0.0003242139355279505,True,asset_turnover,1.2895,0.343,debt_to_equity,1.1823,2.2519,ebit_margin,0.5876,-0.0352
EVC,2024,Distressed,Distressed,0.025508834049105644,0.9732037782669067,0.0012873460073024035,True,debt_to_equity,0.9319,2.3371,net_margin,0.6763,-0.408,ebit_margin,0.4763,0.0255
EXE,2021,At-Risk,At-Risk,0.7708247900009155,0.21437259018421173,0.014802615158259869,True,asset_turnover,0.3071,0.504,cost_growth,-0.2159,1.8779,ebit_margin,0.1951,0.3118
EXE,2022,At-Risk,At-Risk,0.6530675888061523,0.057670656591653824,0.28926175832748413,True,debt_to_equity,0.2776,0.6953,gross_margin,-0.2668,0.8694,asset_turnover,0.2526,0.7592
EXE,2023,At-Risk,Healthy,0.38242584466934204,0.018055880442261696,0.5995182991027832,False,asset_turnover,-1.4309,0.6066,ebit_margin,1.0967,0.3609,debt_to_equity,0.6373,0.3399
EXE,2024,Distressed,Distressed,0.021077701821923256,0.9771340489387512,0.0017881897510960698,True,asset_turnover,1.2799,0.1518,ebit_margin,0.6739,-0.1842,net_margin,0.4823,-0.1686
EXEL,2021,Healthy,Healthy,0.06027394160628319,0.00836964976042509,0.9313564300537109,True,debt_to_equity,2.1768,0.1835,asset_turnover,-1.0964,0.5485,ebit_margin,0.6059,0.1998
EXEL,2022,At-Risk,Healthy,0.32968297600746155,0.015779826790094376,0.6545372009277344,False,debt_to_equity,1.5571,0.2343,asset_turnover,-1.2448,0.5245,opex_ratio,-0.4258,0.839
EXEL,2023,At-Risk,At-Risk,0.675758421421051,0.05905996635556221,0.26518160104751587,True,asset_turnover,0.2799,0.622,debt_to_equity,-0.2,0.2997,gross_margin,-0.0711,0.9604
EXEL,2024,Healthy,Healthy,0.07360545545816422,0.007689402438700199,0.9187051057815552,True,ebit_margin,1.2698,0.3181,debt_to_equity,1.0739,0.3135,asset_turnover,-0.6138,0.7357
EXPD,2021,Healthy,Healthy,0.048354849219322205,0.02620772272348404,0.9254373908042908,True,asset_turnover,2.7072,2.1713,debt_to_equity,-0.6608,1.1755,opex_ratio,-0.3863,0.7596
EXPD,2022,Healthy,Healthy,0.013341369107365608,0.003994650673121214,0.9826639294624329,True,asset_turnover,3.0109,3.0537,opex_ratio,-0.4519,0.7604,debt_to_equity,-0.3701,0.7955
EXPD,2023,Healthy,Healthy,0.02759193256497383,0.007419919595122337,0.964988112449646,True,asset_turnover,2.5511,2.0558,debt_to_equity,-0.4598,0.8917,opex_ratio,-0.3619,0.6911
EXPD,2024,Healthy,Healthy,0.04960161820054054,0.016651349142193794,0.9337470531463623,True,asset_turnover,2.7904,2.2296,debt_to_equity,-0.6638,1.1361,opex_ratio,-0.4172,0.7128
EXTR,2022,Distressed,At-Risk,0.7637685537338257,0.21847981214523315,0.01775164157152176,False,debt_to_equity,-0.5498,10.8273,asset_turnover,0.2934,1.041,net_margin,0.217,0.0398
EXTR,2023,Distressed,At-Risk,0.9211423993110657,0.054756131023168564,0.024101505056023598,False,asset_turnover,0.407,1.1496,debt_to_equity,-0.2858,8.7789,net_margin,0.2197,0.0595
EXTR,2024,Distressed,Distressed,0.03856333717703819,0.9502888321876526,0.01114790141582489,True,debt_to_equity,1.0433,33.065,ebit_margin,0.7371,-0.0259,net_margin,0.5852,-0.0769
EZPW,2021,At-Risk,At-Risk,0.5980603098869324,0.3929627239704132,0.008976954966783524,True,asset_turnover,0.2665,0.5759,debt_to_equity,0.2017,0.8846,net_margin,0.1747,0.0118
EZPW,2022,At-Risk,At-Risk,0.8196762204170227,0.17252136766910553,0.007802481297403574,True,asset_turnover,0.317,0.6575,debt_to_equity,0.2387,0.9472,net_margin,0.1941,0.0566
EZPW,2023,At-Risk,At-Risk,0.8680425882339478,0.12463635206222534,0.007321057841181755,True,asset_turnover,0.3171,0.7147,debt_to_equity,0.2497,0.9681,net_margin,0.2033,0.0367
EZPW,2024,At-Risk,At-Risk,0.9545274972915649,0.03380509093403816,0.01166747510433197,True,asset_turnover,0.3434,0.7779,debt_to_equity,0.2541,0.8559,net_margin,0.1833,0.0715
FA,2021,At-Risk,At-Risk,0.6930078268051147,0.2941649854183197,0.012827178463339806,True,debt_to_equity,0.3449,0.6662,cost_growth,0.1272,0.3669,net_margin,0.1151,0.0225
FA,2022,At-Risk,At-Risk,0.8836948871612549,0.09850786626338959,0.017797233536839485,True,debt_to_equity,0.2982,0.6739,asset_turnover,0.2532,0.4295,net_margin,0.1278,0.0798
FA,2023,At-Risk,At-Risk,0.7746874690055847,0.20853669941425323,0.016775818541646004,True,asset_turnover,0.2719,0.4684,debt_to_equity,0.2284,0.7984,net_margin,0.1327,0.0488
FA,2024,Distressed,Distressed,0.005631640553474426,0.9940308928489685,0.00033742794767022133,True,asset_turnover,1.4758,0.2193,debt_to_equity,1.2524,2.0014,ebit_margin,0.617,-0.0725
FAST,2021,Healthy,Healthy,0.010881401598453522,0.000387395266443491,0.9887312054634094,True,asset_turnover,1.3498,1.3982,ebit_margin,0.8191,0.2025,net_margin,0.5521,0.1539
FAST,2022,Healthy,Healthy,0.0073668984696269035,0.00036498610279522836,0.9922681450843811,True,asset_turnover,1.5551,1.5347,ebit_margin,0.8566,0.2082,net_margin,0.5382,0.1557
FAST,2023,Healthy,Healthy,0.0031483678612858057,0.0002891389885917306,0.9965625405311584,True,asset_turnover,1.326,1.6462,ebit_margin,0.8257,0.2081,debt_to_equity,0.6443,0.3327
FAST,2024,Healthy,Healthy,0.003167867660522461,0.0003172086435370147,0.9965149164199829,True,asset_turnover,1.1945,1.6062,debt_to_equity,0.7962,0.2991,ebit_margin,0.7787,0.2001
FIZZ,2022,Healthy,Healthy,0.009303061291575432,0.0006744670099578798,0.9900224804878235,True,asset_turnover,2.8361,2.4327,debt_to_equity,-0.4801,0.9538,net_margin,0.4772,0.1393
FIZZ,2023,Healthy,Healthy,0.0044167619198560715,0.0003055263077840209,0.9952777624130249,True,asset_turnover,2.273,2.0422,ebit_margin,0.5903,0.1592,net_margin,0.4817,0.1212
FLT,2021,Distressed,Distressed,0.05626700073480606,0.935493528842926,0.008239466696977615,True,asset_turnover,2.3779,0.2114,ebit_margin,-1.0347,0.4385,debt_to_equity,0.906,3.6762
FLT,2022,Distressed,Distressed,0.06208203732967377,0.929711639881134,0.0082063227891922,True,asset_turnover,2.1475,0.2432,ebit_margin,-1.0977,0.4221,debt_to_equity,1.059,4.5437
FLT,2023,Distressed,Distressed,0.09378846734762192,0.8905631303787231,0.015648385509848595,True,asset_turnover,2.2155,0.2428,ebit_margin,-1.129,0.4409,debt_to_equity,0.9606,3.715
FLT,2024,Distressed,Distressed,0.05855825915932655,0.9266587495803833,0.014783023856580257,True,asset_turnover,2.2281,0.2213,debt_to_equity,1.1075,4.7079,ebit_margin,-1.0638,0.4418
FOCS,2021,At-Risk,At-Risk,0.9087042808532715,0.07392540574073792,0.01737035997211933,True,debt_to_equity,0.2875,0.3412,asset_turnover,0.2336,0.3818,net_margin,0.1403,0.0058
FOCS,2022,At-Risk,At-Risk,0.7944209575653076,0.07364342361688614,0.13193561136722565,True,asset_turnover,0.3624,0.4404,debt_to_equity,-0.1985,0.276,net_margin,0.1059,0.0428
FOR,2021,At-Risk,At-Risk,0.8046765327453613,0.19120144844055176,0.004121992737054825,True,asset_turnover,0.3735,0.6308,current_ratio,-0.2455,0.4304,debt_to_equity,0.2044,1.0688
FOR,2022,At-Risk,At-Risk,0.9585153460502625,0.0358973927795887,0.005587228108197451,True,asset_turnover,0.3884,0.6484,debt_to_equity,0.2711,0.9536,net_margin,0.1591,0.1177
FOR,2023,At-Risk,At-Risk,0.9596938490867615,0.03126576915383339,0.009040383622050285,True,asset_turnover,0.3419,0.5816,debt_to_equity,0.2622,0.8036,opex_ratio,0.1408,0.068
FOR,2024,At-Risk,At-Risk,0.9313936233520508,0.06058470532298088,0.008021625690162182,True,debt_to_equity,0.293,0.7805,asset_turnover,0.2704,0.5315,opex_ratio,0.1402,0.0785
FRGI,2021,At-Risk,Distressed,0.3386309742927551,0.6546173095703125,0.006751700304448605,False,ebit_margin,0.7224,-0.0045,asset_turnover,-0.7098,0.9732,debt_to_equity,0.5203,1.3704
FRGI,2022,At-Risk,Distressed,0.2247498482465744,0.7685365676879883,0.006713582202792168,False,asset_turnover,-0.8403,1.1109,ebit_margin,0.7391,-0.03,debt_to_equity,0.5842,1.4005
FTEK,2021,Healthy,Healthy,0.016526957973837852,0.007167179137468338,0.9763058423995972,True,debt_to_equity,2.9903,0.0817,current_ratio,0.5493,12.8653,asset_turnover,-0.5482,0.4855
FTEK,2022,At-Risk,Healthy,0.009467016905546188,0.004073997028172016,0.9864590167999268,False,debt_to_equity,2.9005,0.1178,current_ratio,0.47,7.5168,ebit_margin,-0.3982,-0.0567
FTEK,2023,At-Risk,Healthy,0.03677673637866974,0.008611618541181087,0.9546116590499878,False,debt_to_equity,2.6489,0.1527,ebit_margin,-0.5017,-0.0981,asset_turnover,-0.4192,0.5374
FTEK,2024,Distressed,Healthy,0.09047507494688034,0.0136202871799469,0.8959046602249146,False,debt_to_equity,2.552,0.1631,ebit_margin,-0.5379,-0.1871,asset_turnover,-0.4728,0.5151
FTV,2021,At-Risk,Distressed,0.45169761776924133,0.5415602922439575,0.006742063909769058,False,asset_turnover,1.6637,0.3191,ebit_margin,-0.5094,0.1481,current_ratio,0.4586,0.677
FTV,2022,At-Risk,At-Risk,0.8928183913230896,0.09917654097080231,0.008005140349268913,True,debt_to_equity,0.5381,0.6401,net_margin,0.1362,0.1296,ebit_margin,0.0728,0.1726
FTV,2023,At-Risk,At-Risk,0.684869647026062,0.29932501912117004,0.01580534502863884,True,debt_to_equity,0.5359,0.6379,cost_growth,-0.2423,-0.3071,asset_turnover,-0.234,0.2314
FTV,2024,At-Risk,At-Risk,0.6941530704498291,0.2955143451690674,0.010332552716135979,True,debt_to_equity,0.5673,0.669,asset_turnover,-0.3021,0.2398,net_margin,0.1033,0.2041
FXLV,2021,Distressed,Distressed,0.00861757155507803,0.9901397824287415,0.0012426438042894006,True,ebit_margin,1.3128,-0.7649,net_margin,0.9039,-1.545,opex_ratio,0.3262,1.4447
FXLV,2022,Distressed,Distressed,0.002352733863517642,0.9970410466194153,0.0006062205065973103,True,ebit_margin,1.3081,-1.1447,net_margin,0.6862,-1.7123,debt_to_equity,0.5195,1.1519
GAMB,2023,Healthy,Healthy,0.11219070106744766,0.018060997128486633,0.8697482347488403,True,debt_to_equity,1.2163,0.3023,ebit_margin,1.122,0.2727,asset_turnover,-0.761,0.7016
GAMB,2024,At-Risk,At-Risk,0.6377773880958557,0.09511532634496689,0.2671073079109192,True,asset_turnover,0.3181,0.7122,debt_to_equity,0.2866,0.4497,size_bucket_micro,-0.1235,1.0
GDDY,2021,Distressed,Distressed,0.03529426082968712,0.963527262210846,0.0011784499511122704,True,debt_to_equity,1.3429,33.065,asset_turnover,1.1813,0.5144,current_ratio,0.2678,0.7833
GDDY,2022,Distressed,Distressed,0.4527035057544708,0.5431526303291321,0.004143886733800173,True,debt_to_equity,0.5301,1.1519,negative_equity,0.4584,1.0,ebit_margin,-0.4307,0.1258
GDDY,2023,Distressed,Distressed,0.21260181069374084,0.7707036137580872,0.016694579273462296,True,debt_to_equity,1.1422,33.065,ebit_margin,-0.6314,0.15,net_margin,-0.5316,0.3232
GDDY,2024,Distressed,Distressed,0.2961244285106659,0.692032516002655,0.01184302382171154,True,debt_to_equity,1.1431,10.8991,ebit_margin,-0.8973,0.204,net_margin,-0.43,0.2049
GES,2021,At-Risk,At-Risk,0.9514840841293335,0.03278300166130066,0.015732940286397934,True,asset_turnover,0.3341,1.0141,debt_to_equity,0.2632,2.8538,net_margin,0.1784,0.0661
GES,2022,At-Risk,At-Risk,0.9561665654182434,0.03053334355354309,0.013300135731697083,True,asset_turnover,0.2911,1.108,debt_to_equity,0.252,3.1681,net_margin,0.1999,0.0557
GES,2023,At-Risk,At-Risk,0.9569221138954163,0.026340698823332787,0.016737135127186775,True,asset_turnover,0.2914,1.072,debt_to_equity,0.2875,2.5223,net_margin,0.1827,0.0714
GES,2024,At-Risk,At-Risk,0.8991466760635376,0.0907161608338356,0.01013713888823986,True,asset_turnover,0.3253,1.0826,net_margin,0.1835,0.0202,debt_to_equity,0.1817,4.0232
GFF,2021,At-Risk,At-Risk,0.94722580909729,0.046761613339185715,0.006012601777911186,True,asset_turnover,0.313,0.8717,debt_to_equity,0.2963,2.227,net_margin,0.1795,0.0349
GFF,2022,At-Risk,At-Risk,0.8845680356025696,0.09594947099685669,0.01948254182934761,True,asset_turnover,0.2876,1.0114,debt_to_equity,0.1657,4.8975,net_margin,0.1148,-0.0672
GFF,2023,At-Risk,At-Risk,0.9171185493469238,0.059664223343133926,0.023217208683490753,True,asset_turnover,0.3431,1.1101,debt_to_equity,-0.2536,6.673,net_margin,0.1828,0.0289
GFF,2024,At-Risk,At-Risk,0.8731944561004639,0.04090658947825432,0.08589891344308853,True,debt_to_equity,-0.3679,9.5428,asset_turnover,0.3391,1.1065,net_margin,0.174,0.08
GHC,2021,At-Risk,At-Risk,0.5167122483253479,0.4751083254814148,0.008179430849850178,True,debt_to_equity,0.2827,0.6777,asset_turnover,0.1945,0.4291,net_margin,0.1452,0.1105
GHC,2022,At-Risk,At-Risk,0.6823946237564087,0.30980566143989563,0.007799763232469559,True,asset_turnover,0.2771,0.5989,debt_to_equity,0.2361,0.7362,net_margin,0.1408,0.0171
GHC,2023,At-Risk,At-Risk,0.7345455884933472,0.2566923499107361,0.008762093260884285,True,asset_turnover,0.3068,0.6142,debt_to_equity,0.2554,0.7853,net_margin,0.1394,0.0465
GHC,2024,At-Risk,At-Risk,0.8547250032424927,0.13809119164943695,0.007183825131505728,True,asset_turnover,0.3255,0.624,debt_to_equity,0.2863,0.7728,ebit_margin,0.1062,0.0554
GHL,2021,At-Risk,Distressed,0.4131285548210144,0.5702004432678223,0.016670994460582733,False,debt_to_equity,1.3512,10.7389,ebit_margin,-1.0137,0.2244,net_margin,-0.4916,0.1332
GHL,2022,Distressed,Distressed,0.06097089499235153,0.9379374980926514,0.0010916782775893807,True,debt_to_equity,1.6236,5.8276,asset_turnover,1.2816,0.4675,leverage_tier_high,0.3342,1.0
GIG,2022,Distressed,Distressed,0.0009504974586889148,0.9988092184066772,0.00024029061023611575,True,ebit_margin,1.4185,-0.3237,net_margin,0.6888,-0.7849,debt_to_equity,0.5872,1.1519
GIG,2023,Distressed,Distressed,0.002419819589704275,0.9971073269844055,0.0004728615749627352,True,ebit_margin,1.2485,-0.2287,net_margin,0.6825,-0.389,debt_to_equity,0.6209,1.1519
GIII,2021,At-Risk,At-Risk,0.8494769930839539,0.011856764554977417,0.1386663019657135,True,asset_turnover,0.286,1.0088,debt_to_equity,0.2616,0.8038,net_margin,0.1454,0.0725
GIII,2022,At-Risk,At-Risk,0.9216574430465698,0.03345002606511116,0.04489254578948021,True,debt_to_equity,0.2513,0.959,asset_turnover,0.2483,1.1896,net_margin,0.1237,-0.0412
GIII,2023,At-Risk,At-Risk,0.7287426590919495,0.013681254349648952,0.257576048374176,True,debt_to_equity,0.2929,0.732,asset_turnover,0.1894,1.1556,net_margin,0.1725,0.0569
GIII,2024,Healthy,Healthy,0.10947307199239731,0.0019955190364271402,0.8885313868522644,True,asset_turnover,1.0525,1.2809,debt_to_equity,0.7509,0.4786,current_ratio,0.2218,2.6003
GLGI,2022,Distressed,At-Risk,0.760715663433075,0.17537520825862885,0.063909150660038,False,size_bucket_micro,-0.3005,1.0,debt_to_equity,0.1874,2.0332,asset_turnover,0.1725,1.6214
GLGI,2023,At-Risk,At-Risk,0.8532149195671082,0.0725901797413826,0.07419483363628387,True,size_bucket_micro,-0.3347,1.0,asset_turnover,0.3184,1.2267,opex_ratio,0.2322,0.0839
GLGI,2024,At-Risk,At-Risk,0.8347920179367065,0.06393013894557953,0.10127787292003632,True,asset_turnover,0.3222,1.1823,size_bucket_micro,-0.2976,1.0,opex_ratio,0.1751,0.0837
GMED,2021,Healthy,Healthy,0.007771238684654236,0.0015095953131094575,0.9907191395759583,True,debt_to_equity,2.8115,0.124,asset_turnover,-1.097,0.4895,ebit_margin,0.4714,0.2034
GMED,2022,Healthy,Healthy,0.008596093393862247,0.001131136785261333,0.9902728199958801,True,debt_to_equity,2.6494,0.1244,asset_turnover,-1.1371,0.4927,ebit_margin,0.629,0.231
GMED,2023,At-Risk,Healthy,0.43413448333740234,0.02082446590065956,0.545041024684906,False,asset_turnover,-1.5478,0.3084,debt_to_equity,1.4857,0.2722,current_ratio,0.3252,5.9978
GMED,2024,At-Risk,Healthy,0.47390469908714294,0.019492708146572113,0.5066025853157043,False,debt_to_equity,1.5451,0.2572,asset_turnover,-1.2978,0.4797,current_ratio,0.3424,5.9073
GNE,2021,At-Risk,At-Risk,0.8910212516784668,0.01297936774790287,0.0959993302822113,True,asset_turnover,0.2951,1.4088,debt_to_equity,0.2411,1.0712,net_margin,0.1617,0.0904
GNE,2022,Healthy,Healthy,0.05390362814068794,0.0018789691384881735,0.9442174434661865,True,asset_turnover,1.1558,1.1366,ebit_margin,1.0294,0.253,net_margin,0.783,0.2783
GNE,2023,At-Risk,Healthy,0.21326085925102234,0.0047309850342571735,0.782008171081543,False,asset_turnover,1.2483,1.2969,net_margin,0.5478,0.1219,ebit_margin,0.3281,0.1285
GNE,2024,At-Risk,Healthy,0.19638140499591827,0.005170294549316168,0.7984483242034912,False,asset_turnover,0.9497,1.1497,debt_to_equity,0.2684,0.5726,net_margin,0.1859,0.0835
GO,2021,At-Risk,At-Risk,0.9635335803031921,0.02771386317908764,0.008752614259719849,True,asset_turnover,0.3191,1.1535,debt_to_equity,0.2391,1.6453,net_margin,0.1754,0.0202
GO,2022,At-Risk,At-Risk,0.9680802226066589,0.020607301965355873,0.011312408372759819,True,asset_turnover,0.311,1.2906,debt_to_equity,0.2309,1.4972,net_margin,0.1922,0.0182
GO,2023,At-Risk,At-Risk,0.9701914191246033,0.016853168606758118,0.012955422513186932,True,asset_turnover,0.3418,1.3367,debt_to_equity,0.2215,1.4354,net_margin,0.1789,0.02
GO,2024,At-Risk,At-Risk,0.9723499417304993,0.01562848687171936,0.012021527625620365,True,asset_turnover,0.3195,1.3774,debt_to_equity,0.2446,1.6506,net_margin,0.1978,0.009
GPI,2021,Healthy,Healthy,0.17753490805625916,0.008247589692473412,0.8142175078392029,True,asset_turnover,3.012,2.345,debt_to_equity,-0.8051,2.1497,current_ratio,-0.4144,1.0794
GPI,2022,Healthy,Healthy,0.03323394060134888,0.003472581971436739,0.9632934331893921,True,asset_turnover,3.2775,2.4149,debt_to_equity,-0.7518,2.0022,current_ratio,-0.4355,1.0332
GPI,2023,Healthy,Healthy,0.04566258192062378,0.003757727798074484,0.9505796432495117,True,asset_turnover,3.2105,2.2991,debt_to_equity,-0.7571,1.9067,current_ratio,-0.5014,1.114
GPI,2024,At-Risk,At-Risk,0.7953271269798279,0.014043004252016544,0.19062989950180054,True,debt_to_equity,0.3731,2.3032,asset_turnover,-0.2227,2.0291,ebit_margin,0.1521,0.0481
GSAT,2021,Distressed,Distressed,0.0017865492263808846,0.997911274433136,0.0003021335578523576,True,asset_turnover,1.1374,0.1527,ebit_margin,0.9686,-0.525,debt_to_equity,0.7105,1.2278
GSAT,2022,Distressed,Distressed,0.0007634444627910852,0.9990623593330383,0.00017418056086171418,True,asset_turnover,1.09,0.2011,ebit_margin,0.943,-0.367,debt_to_equity,0.7079,1.3461
GSAT,2023,Distressed,Distressed,0.002748549450188875,0.997011661529541,0.00023974200303200632,True,asset_turnover,1.3102,0.2421,debt_to_equity,0.8889,1.4389,current_ratio,0.4839,0.8659
GSAT,2024,Distressed,Distressed,0.0024228806141763926,0.9973113536834717,0.0002657453005667776,True,asset_turnover,1.638,0.1464,debt_to_equity,1.1759,3.7654,net_margin,0.4254,-0.2523
GSKY,2021,Distressed,Distressed,0.19065912067890167,0.7996379733085632,0.009702855721116066,True,ebit_margin,-0.9404,0.3044,negative_equity,0.6907,1.0,debt_to_equity,0.5976,1.1519
GUER,2021,At-Risk,At-Risk,0.5051989555358887,0.40224021673202515,0.09256080538034439,True,debt_to_equity,0.3794,0.1928,net_margin,0.0783,-0.2707,revenue_growth,-0.0715,0.7507
GUER,2022,Distressed,Distressed,0.001614700653590262,0.9980728626251221,0.00031237327493727207,True,ebit_margin,1.3428,-0.9587,debt_to_equity,1.0016,6.0764,net_margin,0.689,-1.0367
GUER,2023,Distressed,Distressed,0.0014673735713586211,0.9982613921165466,0.00027125721680931747,True,ebit_margin,1.2735,-0.8572,net_margin,0.6204,-1.0589,debt_to_equity,0.5399,1.1519
GUER,2024,Distressed,Distressed,0.0022387669887393713,0.9973846077919006,0.0003766590671148151,True,ebit_margin,1.5665,-0.4356,net_margin,0.7369,-0.5346,debt_to_equity,0.6467,2.1885
GXO,2022,At-Risk,At-Risk,0.7437897324562073,0.24931779503822327,0.006892457604408264,True,asset_turnover,0.3389,0.9755,debt_to_equity,0.233,2.4854,net_margin,0.1437,0.0219
HBIO,2021,Distressed,Distressed,0.4124735891819,0.5832971930503845,0.004229198209941387,True,ebit_margin,0.633,0.0174,size_bucket_micro,0.2935,1.0,current_ratio,-0.2791,2.4326
HBIO,2022,Distressed,Distressed,0.1755361109972,0.821716845035553,0.0027471052017062902,True,ebit_margin,0.8691,-0.0632,net_margin,0.4349,-0.084,opex_ratio,0.328,0.5999
HBIO,2023,Distressed,At-Risk,0.6325730681419373,0.3616308569908142,0.005796043202280998,False,debt_to_equity,0.2427,0.8798,asset_turnover,0.237,0.8172,size_bucket_micro,-0.1799,1.0
HBIO,2024,Distressed,Distressed,0.028845231980085373,0.9698427319526672,0.0013120624935254455,True,ebit_margin,0.9973,-0.066,net_margin,0.5364,-0.1318,current_ratio,0.4296,0.8209
HCKT,2022,Healthy,Healthy,0.4780649244785309,0.012302433140575886,0.5096326470375061,True,asset_turnover,1.4562,1.5879,debt_to_equity,-0.9566,2.1743,net_margin,0.7754,0.1389
HCP,2021,At-Risk,Distressed,0.3189114034175873,0.6567783355712891,0.02431025728583336,False,debt_to_equity,-1.4557,0.2662,ebit_margin,1.1137,-0.9019,net_margin,0.7345,-0.9045
HCP,2022,Distressed,Distressed,0.31335631012916565,0.6812248229980469,0.005418861284852028,True,ebit_margin,1.0724,-0.6247,debt_to_equity,-0.9774,0.3509,net_margin,0.836,-0.5764
HCP,2023,Distressed,Distressed,0.045980993658304214,0.9520451426506042,0.0019738716073334217,True,ebit_margin,1.2355,-0.4361,net_margin,0.8854,-0.327,debt_to_equity,-0.6103,0.3949
HCTI,2021,At-Risk,Distressed,0.23262105882167816,0.740645170211792,0.026733728125691414,False,ebit_margin,1.356,-0.1519,asset_turnover,-0.8927,1.433,net_margin,0.6528,-0.1687
HCTI,2022,Distressed,Distressed,0.0298357754945755,0.9619200825691223,0.008244145661592484,True,ebit_margin,1.48,-0.227,asset_turnover,-0.847,2.21,net_margin,0.7383,-0.2094
HCTI,2023,Distressed,Distressed,0.0032131222542375326,0.9804872870445251,0.016299640759825706,True,ebit_margin,1.3411,-0.1803,asset_turnover,-0.8285,3.2036,net_margin,0.7369,-0.2616
HII,2021,At-Risk,At-Risk,0.8925773501396179,0.10244239866733551,0.004980255383998156,True,asset_turnover,0.3468,0.8962,debt_to_equity,0.2605,2.7845,net_margin,0.1772,0.0571
HII,2022,At-Risk,At-Risk,0.9076905250549316,0.08639315515756607,0.005916320253163576,True,asset_turnover,0.3794,0.9833,debt_to_equity,0.2597,2.1118,opex_ratio,0.1866,0.0865
HII,2023,At-Risk,At-Risk,0.9305404424667358,0.06160948798060417,0.007850023917853832,True,asset_turnover,0.3784,1.0213,debt_to_equity,0.222,1.74,opex_ratio,0.1947,0.0892
HII,2024,At-Risk,At-Risk,0.9069004654884338,0.08627506345510483,0.00682446826249361,True,asset_turnover,0.3766,0.9501,debt_to_equity,0.2354,1.602,opex_ratio,0.2057,0.0844
HLF,2021,At-Risk,Healthy,0.19587554037570953,0.3511810302734375,0.45294347405433655,False,asset_turnover,2.1082,2.0579,debt_to_equity,-0.7521,1.1519,leverage_tier_high,-0.3923,1.0
HLF,2022,At-Risk,Healthy,0.3067047595977783,0.26287996768951416,0.43041524291038513,False,asset_turnover,2.0321,1.905,debt_to_equity,-0.7069,1.1519,leverage_tier_high,-0.3691,1.0
HLF,2023,At-Risk,At-Risk,0.43567711114883423,0.35695019364356995,0.20737271010875702,True,negative_equity,-0.2953,1.0,opex_ratio,-0.2238,0.6963,net_margin,0.1114,0.0281
HLF,2024,At-Risk,At-Risk,0.44781893491744995,0.3251630663871765,0.22701798379421234,True,opex_ratio,-0.1926,0.7026,negative_equity,-0.1922,1.0,current_ratio,0.1759,0.9295
HLI,2022,At-Risk,At-Risk,0.977922797203064,0.015359272249042988,0.006717918440699577,True,asset_turnover,0.3505,0.6095,debt_to_equity,0.2875,0.8402,net_margin,0.1288,0.1405
HLI,2023,At-Risk,At-Risk,0.9705222249031067,0.017374785616993904,0.012102972716093063,True,asset_turnover,0.3216,0.6038,debt_to_equity,0.3012,0.7263,ebit_margin,0.1136,0.2085
HLI,2024,At-Risk,At-Risk,0.9543458223342896,0.03529954329133034,0.010354648344218731,True,asset_turnover,0.3458,0.6255,debt_to_equity,0.2798,0.7563,ebit_margin,0.1102,0.2328
HLX,2021,At-Risk,At-Risk,0.7236864566802979,0.2643280327320099,0.011985492892563343,True,debt_to_equity,0.453,0.4119,asset_turnover,-0.2333,0.2901,current_ratio,0.1412,1.9029
HLX,2022,Distressed,Distressed,0.31847891211509705,0.6786598563194275,0.002861191052943468,True,asset_turnover,1.0232,0.3654,net_margin,0.4714,-0.1005,ebit_margin,0.4613,-0.0299
HLX,2023,At-Risk,At-Risk,0.6821392178535461,0.31225350499153137,0.005607296712696552,True,debt_to_equity,0.2394,0.7029,asset_turnover,0.178,0.5046,opex_ratio,0.157,0.0732
HLX,2024,At-Risk,At-Risk,0.8906545042991638,0.10154007375240326,0.0078054312616586685,True,debt_to_equity,0.3069,0.7089,asset_turnover,0.2787,0.5231,net_margin,0.1487,0.041
HMTV,2021,Distressed,Distressed,0.013240715488791466,0.9863142967224121,0.0004450427950359881,True,asset_turnover,1.6688,0.3261,debt_to_equity,0.79,1.404,opex_ratio,0.3128,0.6556
HOLX,2021,At-Risk,At-Risk,0.9183031320571899,0.019966203719377518,0.06173069775104523,True,asset_turnover,0.3662,0.6314,debt_to_equity,0.2129,1.1144,ebit_margin,0.1759,0.4408
HOLX,2022,At-Risk,At-Risk,0.9100003242492676,0.015332762151956558,0.07466687262058258,True,asset_turnover,0.3165,0.5361,debt_to_equity,0.2652,0.8603,current_ratio,-0.1844,4.1186
HOLX,2023,At-Risk,At-Risk,0.9591313600540161,0.019986320286989212,0.020882343873381615,True,asset_turnover,0.3173,0.441,debt_to_equity,0.2577,0.8217,net_margin,0.1536,0.1131
HOLX,2024,At-Risk,At-Risk,0.9440615177154541,0.027164556086063385,0.028773954138159752,True,asset_turnover,0.3195,0.4402,debt_to_equity,0.2738,0.7848,ebit_margin,0.0635,0.2407
HQY,2021,Distressed,Distressed,0.1448063850402832,0.8522043824195862,0.0029892241582274437,True,asset_turnover,1.6482,0.2435,net_margin,0.4762,-0.0585,debt_to_equity,0.2487,0.6772
HQY,2022,Distressed,Distressed,0.1633061021566391,0.8301727175712585,0.006521148141473532,True,asset_turnover,1.5647,0.279,net_margin,0.4642,-0.0303,current_ratio,-0.3052,3.167
HQY,2023,At-Risk,At-Risk,0.7996515035629272,0.1564699113368988,0.043878596276044846,True,debt_to_equity,0.442,0.5547,current_ratio,-0.1422,5.1764,net_margin,0.0868,0.0557
HQY,2024,At-Risk,At-Risk,0.8715788125991821,0.11509713530540466,0.013324089348316193,True,debt_to_equity,0.4632,0.6306,net_margin,0.1248,0.0806,ebit_margin,0.0657,0.1691
HSAI,2022,At-Risk,At-Risk,0.8876760601997375,0.09283092617988586,0.019492998719215393,True,debt_to_equity,0.9257,0.2181,cost_growth,0.2798,0.5372,net_margin,-0.2052,-0.2501
HSAI,2023,Distressed,Distressed,0.45375269651412964,0.5401396751403809,0.006107627879828215,True,debt_to_equity,-1.1122,0.3628,ebit_margin,1.0578,-0.3045,net_margin,0.753,-0.2536
HSAI,2024,Distressed,At-Risk,0.7253938913345337,0.26247459650039673,0.0121315224096179,False,debt_to_equity,0.3823,0.4178,asset_turnover,0.1058,0.3468,net_margin,0.0996,-0.0493
HTLD,2021,Healthy,Healthy,0.10688542574644089,0.009646649472415447,0.8834679126739502,True,debt_to_equity,1.7822,0.277,asset_turnover,-1.0285,0.654,net_margin,0.2776,0.1305
HTLD,2022,At-Risk,At-Risk,0.6801574230194092,0.3150772154331207,0.004765348043292761,True,asset_turnover,0.3166,0.5798,debt_to_equity,0.2135,0.9515,net_margin,0.1544,0.138
HTLD,2023,At-Risk,At-Risk,0.7421318292617798,0.250701904296875,0.007166239898651838,True,asset_turnover,0.2604,0.7998,debt_to_equity,0.2209,0.7466,net_margin,0.17,0.0122
HTLD,2024,At-Risk,At-Risk,0.7656497955322266,0.22350198030471802,0.01084822602570057,True,debt_to_equity,0.2222,0.6237,asset_turnover,0.1907,0.7851,net_margin,0.1257,-0.0284
HURC,2021,At-Risk,At-Risk,0.8835257887840271,0.06868568062782288,0.04778853431344032,True,asset_turnover,0.3302,0.7064,cost_growth,0.1342,0.2811,ebit_margin,0.1317,0.0436
HURC,2022,Healthy,At-Risk,0.7740291357040405,0.027746835723519325,0.1982240378856659,False,asset_turnover,0.2976,0.819,ebit_margin,0.1335,0.0508,net_margin,0.0849,0.0328
HURC,2023,Healthy,Healthy,0.30020615458488464,0.06750541925430298,0.6322884559631348,True,debt_to_equity,1.108,0.3076,asset_turnover,-0.5767,0.7839,current_ratio,0.3415,4.5155
HURC,2024,Healthy,At-Risk,0.5121215581893921,0.053103893995285034,0.4347745478153229,False,ebit_margin,0.3173,-0.0444,current_ratio,-0.2459,5.1997,size_bucket_micro,-0.1365,1.0
IBP,2021,At-Risk,At-Risk,0.9714449644088745,0.01099691167473793,0.01755814626812935,True,debt_to_equity,0.3189,2.966,asset_turnover,0.2986,1.1908,net_margin,0.1775,0.0603
IBP,2022,At-Risk,At-Risk,0.8478406071662903,0.009448797442018986,0.14271056652069092,True,debt_to_equity,0.3302,2.6047,asset_turnover,0.1161,1.5008,cost_growth,0.0915,0.3135
IBP,2023,At-Risk,At-Risk,0.7178844809532166,0.005562606267631054,0.2765529155731201,True,debt_to_equity,0.2799,1.9558,asset_turnover,0.2518,1.4024,net_margin,0.1297,0.0877
IBP,2024,At-Risk,At-Risk,0.5410521030426025,0.0043557737953960896,0.45459210872650146,True,debt_to_equity,0.2806,1.9206,asset_turnover,0.2166,1.4279,net_margin,0.114,0.0872
ICCC,2021,At-Risk,At-Risk,0.8939793705940247,0.06521385163068771,0.04080682992935181,True,asset_turnover,0.3452,0.4328,debt_to_equity,0.2099,0.3649,size_bucket_micro,-0.1267,1.0
ICCC,2022,Distressed,Distressed,0.270397424697876,0.7100614905357361,0.019541099667549133,True,ebit_margin,0.7187,-0.1238,net_margin,0.5415,-0.1343,asset_turnover,0.4893,0.4139
ICCC,2023,Distressed,Distressed,0.012569980695843697,0.9863065481185913,0.001123500056564808,True,ebit_margin,1.235,-0.329,net_margin,0.789,-0.3305,asset_turnover,0.5824,0.3988
ICCC,2024,Distressed,Distressed,0.3258538246154785,0.6690587997436523,0.005087363533675671,True,ebit_margin,0.6138,-0.0619,net_margin,0.4478,-0.0814,current_ratio,-0.3114,3.4093
IHRT,2021,Distressed,Distressed,0.006493802182376385,0.9931875467300415,0.00031863542972132564,True,asset_turnover,1.4571,0.4007,debt_to_equity,1.3717,8.6982,net_margin,0.3944,-0.0447
IHRT,2022,Distressed,Distressed,0.02222609519958496,0.976966917514801,0.0008070140611380339,True,debt_to_equity,1.3457,11.178,asset_turnover,1.0801,0.4693,net_margin,0.409,-0.0676
IHRT,2023,Distressed,Distressed,0.020003024488687515,0.978686511516571,0.0013104298850521445,True,debt_to_equity,0.6973,1.1519,asset_turnover,0.6932,0.5395,net_margin,0.581,-0.294
IHRT,2024,Distressed,Distressed,0.019560785964131355,0.9788913130760193,0.0015478599816560745,True,debt_to_equity,0.6742,1.1519,net_margin,0.6081,-0.262,negative_equity,0.5404,1.0
III,2021,At-Risk,At-Risk,0.9500763416290283,0.021651627495884895,0.028272056952118874,True,asset_turnover,0.3041,1.1733,debt_to_equity,0.2481,1.4066,net_margin,0.1982,0.0559
III,2022,At-Risk,At-Risk,0.9099859595298767,0.020428653806447983,0.06958536058664322,True,asset_turnover,0.2857,1.1779,debt_to_equity,0.2608,1.4199,net_margin,0.1795,0.0689
III,2023,At-Risk,At-Risk,0.9561902284622192,0.026572246104478836,0.017237532883882523,True,asset_turnover,0.2759,1.1767,debt_to_equity,0.2277,1.423,net_margin,0.1829,0.0211
III,2024,At-Risk,At-Risk,0.9303094744682312,0.03295291215181351,0.036737605929374695,True,asset_turnover,0.2261,1.2106,debt_to_equity,0.2188,1.124,net_margin,0.2123,0.0115
INFY,2021,Healthy,Healthy,0.06773584336042404,0.0015268566785380244,0.930737316608429,True,asset_turnover,0.995,1.0486,ebit_margin,0.962,0.2302,net_margin,0.7487,0.182
INGR,2021,At-Risk,At-Risk,0.9644080400466919,0.027031758800148964,0.008560240268707275,True,asset_turnover,0.3982,0.985,debt_to_equity,0.2164,1.1702,opex_ratio,0.1637,0.092
INGR,2022,At-Risk,At-Risk,0.9677047729492188,0.017917757853865623,0.01437751017510891,True,asset_turnover,0.386,1.0509,debt_to_equity,0.2493,1.3179,net_margin,0.1799,0.0619
INGR,2023,At-Risk,At-Risk,0.9587322473526001,0.012610460631549358,0.028657300397753716,True,asset_turnover,0.3883,1.0678,debt_to_equity,0.2459,1.0937,opex_ratio,0.169,0.0957
INGR,2024,At-Risk,At-Risk,0.9249157905578613,0.01334686204791069,0.061737291514873505,True,asset_turnover,0.3424,0.9981,debt_to_equity,0.2959,0.9136,opex_ratio,0.1786,0.1051
INMD,2021,Healthy,Healthy,0.003328939899802208,0.0010035602608695626,0.9956674575805664,True,debt_to_equity,1.8617,0.1509,ebit_margin,1.187,0.4661,net_margin,0.4466,0.4614
INMD,2022,Healthy,Healthy,0.007791957817971706,0.0008350235293619335,0.9913730621337891,True,debt_to_equity,1.9893,0.1619,ebit_margin,1.1594,0.4355,asset_turnover,-0.5557,0.7049
INMD,2023,Healthy,Healthy,0.003488515503704548,0.0007258988916873932,0.9957855343818665,True,debt_to_equity,2.4033,0.0964,asset_turnover,-0.8528,0.57,ebit_margin,0.7392,0.3976
INMD,2024,Healthy,Healthy,0.009501654654741287,0.001624674303457141,0.9888736009597778,True,debt_to_equity,2.3349,0.1163,asset_turnover,-1.0875,0.5025,ebit_margin,0.708,0.285
INNV,2022,At-Risk,At-Risk,0.7888815999031067,0.060170479118824005,0.1509479582309723,True,net_margin,0.1291,-0.0093,debt_to_equity,0.1152,0.5706,asset_turnover,0.0941,1.2575
INNV,2023,At-Risk,At-Risk,0.6306556463241577,0.3531213104724884,0.01622304879128933,True,debt_to_equity,0.2185,0.8023,asset_turnover,0.1751,1.2128,net_margin,0.1426,-0.0591
INNV,2024,At-Risk,At-Risk,0.8031169772148132,0.1777752786874771,0.019107721745967865,True,debt_to_equity,0.225,0.8267,asset_turnover,0.2172,1.3948,net_margin,0.1246,-0.0279
INSG,2021,Distressed,Distressed,0.06072923168540001,0.9281634092330933,0.011107410304248333,True,ebit_margin,1.325,-0.1727,asset_turnover,-0.9986,1.2157,net_margin,0.5733,-0.1834
INSM,2021,Distressed,Distressed,0.0017533578211441636,0.9980243444442749,0.00022233206254895777,True,asset_turnover,1.1489,0.1516,ebit_margin,1.0409,-1.9514,debt_to_equity,0.9782,2.0295
INSM,2022,Distressed,Distressed,0.0008325233939103782,0.99898761510849,0.0001798827579477802,True,asset_turnover,1.2262,0.1481,debt_to_equity,1.1646,17.8336,ebit_margin,0.8909,-1.9487
INSM,2023,Distressed,Distressed,0.0009689029539003968,0.998855471611023,0.00017564026347827166,True,asset_turnover,1.0127,0.2295,ebit_margin,0.9144,-2.231,debt_to_equity,0.6086,1.1519
INSM,2024,Distressed,Distressed,0.001068276702426374,0.9987443685531616,0.00018731743330135942,True,asset_turnover,1.2071,0.1796,debt_to_equity,1.0958,6.0966,ebit_margin,0.9732,-2.1626
INSP,2021,At-Risk,At-Risk,0.6824255585670471,0.26884526014328003,0.04872915893793106,True,debt_to_equity,0.4404,0.2883,cost_growth,0.2334,0.5924,gross_margin,-0.162,0.8574
INSP,2022,Healthy,Healthy,0.04423980787396431,0.011106835678219795,0.9446533918380737,True,debt_to_equity,2.7913,0.1388,ebit_margin,-0.4943,-0.1167,current_ratio,0.4589,8.6626
INSP,2023,Healthy,Healthy,0.3029657304286957,0.04324232041835785,0.6537919640541077,True,debt_to_equity,1.55,0.1822,ebit_margin,-0.9756,-0.0645,current_ratio,0.4388,7.6018
INSP,2024,Healthy,Healthy,0.06408748775720596,0.012235483154654503,0.9236769676208496,True,debt_to_equity,1.9724,0.1721,current_ratio,0.3824,7.1277,opex_ratio,-0.3738,0.8019
INTA,2022,Distressed,Distressed,0.004387137945741415,0.9951517581939697,0.0004610583418980241,True,ebit_margin,1.3319,-0.3656,net_margin,0.7392,-0.3664,current_ratio,0.3458,0.6594
INTA,2023,Distressed,Distressed,0.005192659329622984,0.9943680167198181,0.00043936879956163466,True,ebit_margin,1.1581,-0.1928,net_margin,0.7115,-0.1979,current_ratio,0.3647,0.9826
INTA,2024,Distressed,Distressed,0.053874265402555466,0.9450387358665466,0.0010869742836803198,True,ebit_margin,0.8864,-0.0748,net_margin,0.5068,-0.0744,asset_turnover,0.4185,0.5873
INUV,2021,Distressed,At-Risk,0.5995594263076782,0.3808134198188782,0.01962713710963726,False,debt_to_equity,0.4479,0.341,cost_growth,0.2694,0.283,ebit_margin,0.1377,-0.1299
INUV,2022,Distressed,Distressed,0.05264374241232872,0.9355369210243225,0.011819359846413136,True,ebit_margin,1.4111,-0.1673,asset_turnover,-0.9368,2.1263,net_margin,0.608,-0.1734
IONM,2021,At-Risk,Distressed,0.15628007054328918,0.8383404612541199,0.005379504058510065,False,ebit_margin,0.6924,-0.0729,revenue_growth,0.5029,4.1703,net_margin,0.4327,-0.0944
IONM,2022,Distressed,Distressed,0.0014960821717977524,0.9982031583786011,0.00030068703927099705,True,asset_turnover,1.0502,0.0223,ebit_margin,0.9798,-21.0184,debt_to_equity,0.965,3.4371
IONM,2023,Distressed,Distressed,0.0011459251400083303,0.998544454574585,0.00030967389466241,True,asset_turnover,0.9509,0.0339,ebit_margin,0.8684,-21.0184,debt_to_equity,0.6024,1.1519
IONQ,2022,Healthy,Healthy,0.015393773093819618,0.029154149815440178,0.955452024936676,True,debt_to_equity,3.2368,0.0697,ebit_margin,-0.6801,-7.7034,current_ratio,0.4795,18.4339
IONQ,2023,At-Risk,Distressed,0.3403121531009674,0.4139466881752014,0.24574114382266998,False,debt_to_equity,-2.0959,0.1404,ebit_margin,0.917,-7.157,net_margin,0.7374,-7.1577
IONQ,2024,Distressed,Distressed,0.09205794334411621,0.9002478718757629,0.0076941861771047115,True,ebit_margin,1.1137,-5.3968,debt_to_equity,-1.0245,0.3244,net_margin,0.8883,-7.6996
IQV,2021,Distressed,Distressed,0.21769841015338898,0.7808132171630859,0.00148837361484766,True,debt_to_equity,0.9626,3.0862,asset_turnover,0.8121,0.562,current_ratio,0.4001,0.9088
IQV,2022,Distressed,Distressed,0.43366172909736633,0.5638812184333801,0.0024570187088102102,True,debt_to_equity,0.921,3.395,asset_turnover,0.5839,0.5687,ebit_margin,-0.3717,0.1268
IQV,2023,Distressed,At-Risk,0.5619964599609375,0.4346994161605835,0.003304140642285347,False,asset_turnover,0.2547,0.5616,net_margin,0.1574,0.0906,debt_to_equity,0.1415,3.3653
IQV,2024,Distressed,At-Risk,0.6479525566101074,0.3479886054992676,0.004058766178786755,False,asset_turnover,0.2742,0.5727,net_margin,0.1523,0.0891,debt_to_equity,0.1446,3.4337
ITCI,2021,Distressed,Distressed,0.12708349525928497,0.8483155965805054,0.024600937962532043,True,debt_to_equity,-1.6746,0.1724,ebit_margin,1.0477,-3.409,net_margin,0.8944,-3.3904
ITCI,2022,Distressed,At-Risk,0.47018516063690186,0.4338954985141754,0.09591934084892273,False,debt_to_equity,0.2126,0.1505,cost_growth,0.1059,0.3909,asset_turnover,-0.1013,0.3316
ITCI,2023,Distressed,Distressed,0.4161246120929718,0.537474513053894,0.046400897204875946,True,debt_to_equity,-1.6271,0.2314,ebit_margin,1.1147,-0.3432,net_margin,0.4515,-0.3008
ITCI,2024,At-Risk,At-Risk,0.7112691402435303,0.05384574085474014,0.23488512635231018,True,cost_growth,0.1886,0.2787,ebit_margin,0.1834,-0.1714,asset_turnover,0.1833,0.4981
ITGR,2021,At-Risk,At-Risk,0.9011878371238708,0.09079493582248688,0.008017241023480892,True,asset_turnover,0.2892,0.4729,debt_to_equity,0.2302,0.9061,net_margin,0.1513,0.0721
ITGR,2022,At-Risk,At-Risk,0.8063673377037048,0.1871522068977356,0.006480483803898096,True,asset_turnover,0.2854,0.4764,debt_to_equity,0.2272,0.9714,net_margin,0.172,0.0499
ITGR,2023,At-Risk,At-Risk,0.902297854423523,0.08966152369976044,0.008040589280426502,True,asset_turnover,0.3106,0.5287,debt_to_equity,0.2274,0.9372,net_margin,0.1627,0.0583
ITGR,2024,At-Risk,At-Risk,0.953892707824707,0.0387297086417675,0.0073776026256382465,True,asset_turnover,0.3298,0.5577,debt_to_equity,0.2464,0.9009,net_margin,0.1518,0.0698
JAN,2021,Distressed,Distressed,0.04019631817936897,0.8928333520889282,0.06697025150060654,True,ebit_margin,1.1478,-0.0805,asset_turnover,-1.1035,2.6391,current_ratio,0.7106,0.3901
JBLU,2021,Distressed,Distressed,0.007862072438001633,0.9919775724411011,0.0001603289128979668,True,debt_to_equity,1.2394,2.5443,ebit_margin,1.0365,-0.1512,asset_turnover,0.8313,0.4425
JBLU,2022,Distressed,Distressed,0.03640250116586685,0.9632518887519836,0.000345667009241879,True,debt_to_equity,1.0729,2.6612,ebit_margin,0.7518,-0.0202,current_ratio,0.6496,0.5112
JBLU,2023,Distressed,Distressed,0.0476868562400341,0.9518755674362183,0.0004375959688331932,True,debt_to_equity,1.0422,3.1513,ebit_margin,0.8128,-0.0034,net_margin,0.6454,-0.0322
JBLU,2024,Distressed,Distressed,0.02495819702744484,0.9745873808860779,0.0004544589319266379,True,debt_to_equity,1.344,5.3768,asset_turnover,0.8176,0.551,ebit_margin,0.7277,-0.01
JOB,2021,At-Risk,At-Risk,0.6746494174003601,0.2537290155887604,0.07162155210971832,True,size_bucket_micro,-0.1475,1.0,ebit_margin,0.119,0.05,net_margin,0.1177,0.0
JOB,2022,Healthy,Healthy,0.03819965571165085,0.005558802280575037,0.9562415480613708,True,debt_to_equity,1.7808,0.1837,asset_turnover,0.5671,1.3811,net_margin,0.2862,0.1187
JOB,2023,Healthy,Healthy,0.01828955113887787,0.01223260723054409,0.9694778919219971,True,debt_to_equity,2.3188,0.1309,ebit_margin,-0.36,0.0133,current_ratio,0.3161,3.6387
JOB,2024,Healthy,Healthy,0.12171576917171478,0.08671371638774872,0.7915705442428589,True,debt_to_equity,2.2942,0.1388,ebit_margin,-1.1058,-0.0563,net_margin,-0.3184,-0.2069
JOBY,2024,Distressed,Distressed,0.10425905138254166,0.8721806406974792,0.02356029860675335,True,ebit_margin,1.1325,-21.0184,net_margin,0.9711,-24.696,debt_to_equity,-0.9562,0.3191
JOE,2021,Distressed,Distressed,0.4143640995025635,0.5726898312568665,0.012946033850312233,True,asset_turnover,1.8213,0.221,ebit_margin,-1.0033,0.3538,net_margin,-0.5352,0.2792
JOE,2022,Distressed,Distressed,0.023509856313467026,0.9743691682815552,0.00212096911855042,True,asset_turnover,2.487,0.1763,current_ratio,0.8982,0.2832,debt_to_equity,0.5507,1.1975
JOE,2023,Distressed,Distressed,0.04282955452799797,0.955778956413269,0.0013914519222453237,True,asset_turnover,2.1069,0.2555,current_ratio,0.6228,0.7089,ebit_margin,-0.5917,0.2331
JOE,2024,Distressed,Distressed,0.18473489582538605,0.808998703956604,0.006266421638429165,True,asset_turnover,1.8151,0.2618,ebit_margin,-0.8125,0.2373,current_ratio,0.579,0.7838
JUSHF,2023,Distressed,Distressed,0.01561351865530014,0.9837026596069336,0.0006838538683950901,True,debt_to_equity,0.7149,1.1519,ebit_margin,0.6347,0.0214,net_margin,0.5342,-0.2416
JUSHF,2024,Distressed,Distressed,0.03214113414287567,0.9665486216545105,0.0013102430384606123,True,debt_to_equity,0.6864,1.1519,net_margin,0.5868,-0.1894,asset_turnover,0.5326,0.5849
KAR,2021,Distressed,Distressed,0.00934507418423891,0.9902909398078918,0.0003639751230366528,True,asset_turnover,2.4362,0.1947,debt_to_equity,1.0867,2.5414,current_ratio,0.2399,1.1271
KAR,2022,Distressed,Distressed,0.05527101457118988,0.9430738687515259,0.001655183034017682,True,asset_turnover,2.0607,0.2968,debt_to_equity,0.6468,1.4028,net_margin,-0.3603,0.1587
KAR,2023,Distressed,Distressed,0.06176098436117172,0.936804473400116,0.0014345195377245545,True,asset_turnover,1.597,0.3481,debt_to_equity,0.7279,1.4382,net_margin,0.5831,-0.0937
KHC,2021,Distressed,Distressed,0.21011441946029663,0.7838176488876343,0.006067915819585323,True,asset_turnover,1.9308,0.2788,ebit_margin,-0.6546,0.1956,current_ratio,0.453,0.9923
KHC,2022,Distressed,Distressed,0.17724324762821198,0.818750262260437,0.004006464499980211,True,asset_turnover,2.095,0.2926,current_ratio,0.466,0.8747,ebit_margin,-0.4223,0.1717
KHC,2023,Distressed,Distressed,0.3979436755180359,0.5933567881584167,0.008699561469256878,True,asset_turnover,1.8803,0.2949,ebit_margin,-0.6815,0.1965,current_ratio,0.481,0.9866
KHC,2024,Distressed,Distressed,0.39679044485092163,0.593039870262146,0.010169670917093754,True,asset_turnover,1.9201,0.2927,ebit_margin,-0.6947,0.2071,current_ratio,0.4146,1.0554
KLXE,2021,Distressed,Distressed,0.016374442726373672,0.9808643460273743,0.0027611905243247747,True,ebit_margin,1.4881,-0.144,asset_turnover,-1.0439,1.2024,debt_to_equity,1.026,10.2991
KMB,2021,At-Risk,At-Risk,0.7919247150421143,0.14804697036743164,0.060028329491615295,True,debt_to_equity,-0.818,22.3775,asset_turnover,0.3557,1.0899,net_margin,0.1118,0.0933
KMB,2022,At-Risk,At-Risk,0.8251006007194519,0.09138931334018707,0.08351009339094162,True,debt_to_equity,-0.8008,24.6714,asset_turnover,0.3666,1.1227,net_margin,0.1108,0.0959
KMB,2023,At-Risk,At-Risk,0.7405269145965576,0.08288571983575821,0.17658734321594238,True,debt_to_equity,-0.7832,15.2397,asset_turnover,0.3892,1.178,net_margin,0.0828,0.0863
KMB,2024,At-Risk,At-Risk,0.6148194074630737,0.046406880021095276,0.3387736678123474,True,debt_to_equity,-0.7188,15.9703,asset_turnover,0.3545,1.2123,net_margin,0.0752,0.1269
KOPN,2021,Distressed,Distressed,0.02758661098778248,0.9708719253540039,0.0015415223315358162,True,ebit_margin,1.3474,-0.3016,net_margin,0.8286,-0.2942,opex_ratio,0.2861,0.753
KOPN,2022,Distressed,Distressed,0.010750427842140198,0.9879006147384644,0.001348961959592998,True,ebit_margin,1.6627,-0.4597,net_margin,0.8934,-0.4077,size_bucket_micro,0.461,1.0
KOPN,2023,Distressed,Distressed,0.01519719511270523,0.9829673767089844,0.001835466013289988,True,ebit_margin,1.5803,-0.4252,net_margin,0.8926,-0.4889,size_bucket_micro,0.363,1.0
KOPN,2024,Distressed,Distressed,0.002458289498463273,0.9972051978111267,0.00033646830706857145,True,ebit_margin,1.4187,-0.3637,debt_to_equity,0.9002,2.0396,net_margin,0.855,-0.8717
KOS,2021,Distressed,Distressed,0.009578350931406021,0.989261269569397,0.0011604463215917349,True,asset_turnover,1.5766,0.27,debt_to_equity,1.2141,8.3354,ebit_margin,-0.8318,0.2727
KOS,2022,Distressed,Distressed,0.4415576159954071,0.5516867637634277,0.0067556435242295265,True,ebit_margin,-1.4021,0.5032,debt_to_equity,1.0829,4.8133,asset_turnover,0.7216,0.5021
KOS,2023,Distressed,Distressed,0.18846240639686584,0.8026346564292908,0.008902853354811668,True,asset_turnover,1.5456,0.3446,ebit_margin,-1.1768,0.4259,debt_to_equity,0.9988,3.7835
KOS,2024,Distressed,Distressed,0.04924217611551285,0.9481931328773499,0.0025646849535405636,True,asset_turnover,2.0554,0.3156,debt_to_equity,1.0163,3.4226,ebit_margin,-0.8413,0.2794
KRA,2021,At-Risk,At-Risk,0.8233509063720703,0.17086265981197357,0.005786420777440071,True,asset_turnover,0.3687,0.7422,debt_to_equity,0.2676,2.1304,net_margin,0.1382,0.0864
KSS,2021,At-Risk,At-Risk,0.9686645865440369,0.015748480334877968,0.015586967580020428,True,debt_to_equity,0.2984,2.2298,asset_turnover,0.2922,1.2909,net_margin,0.1905,0.0483
KSS,2022,At-Risk,At-Risk,0.9592262506484985,0.027884475886821747,0.012889317236840725,True,debt_to_equity,0.2721,2.8151,asset_turnover,0.2516,1.2616,net_margin,0.2019,-0.001
KSS,2023,At-Risk,At-Risk,0.9684368968009949,0.017991526052355766,0.013571586459875107,True,asset_turnover,0.2743,1.2475,debt_to_equity,0.266,2.5985,net_margin,0.1925,0.0181
KSS,2024,At-Risk,At-Risk,0.9514474868774414,0.03616674244403839,0.012385733425617218,True,debt_to_equity,0.2644,2.5663,asset_turnover,0.2553,1.1963,net_margin,0.2076,0.0067
KTOS,2023,Distressed,At-Risk,0.8167446851730347,0.16941553354263306,0.013839755207300186,False,asset_turnover,0.2506,0.6353,debt_to_equity,0.2428,0.635,net_margin,0.1133,-0.0086
KTOS,2024,At-Risk,At-Risk,0.9187259078025818,0.05010254681110382,0.031171508133411407,True,asset_turnover,0.387,0.5824,net_margin,0.1287,0.0143,debt_to_equity,0.1061,0.4417
KVUE,2024,Distressed,At-Risk,0.852342963218689,0.14377924799919128,0.0038777885492891073,False,asset_turnover,0.3328,0.6037,net_margin,0.1808,0.0666,debt_to_equity,0.1515,1.648
LAD,2021,Healthy,Healthy,0.0928569808602333,0.004677710589021444,0.902465283870697,True,asset_turnover,2.6471,2.0483,debt_to_equity,-0.6286,1.3904,current_ratio,-0.2481,1.3774
LAD,2022,Healthy,Healthy,0.12317773699760437,0.0030924915336072445,0.8737297654151917,True,asset_turnover,2.5482,1.8784,debt_to_equity,-0.9422,1.8578,current_ratio,0.2491,2.5477
LAD,2023,At-Risk,At-Risk,0.9664223790168762,0.008789093233644962,0.024788523092865944,True,debt_to_equity,0.3619,2.1248,asset_turnover,0.2643,1.5812,net_margin,0.1877,0.0322
LAD,2024,At-Risk,At-Risk,0.9585120677947998,0.009234690107405186,0.03225325420498848,True,debt_to_equity,0.3334,2.4645,asset_turnover,0.2926,1.5651,net_margin,0.1777,0.0222
LAWS,2021,At-Risk,At-Risk,0.7078990340232849,0.2860514223575592,0.006049518473446369,True,asset_turnover,0.295,1.0589,debt_to_equity,0.2061,1.9641,net_margin,0.1433,-0.0097
LAWS,2022,At-Risk,At-Risk,0.8571905493736267,0.1287076622247696,0.014101782813668251,True,asset_turnover,0.2995,0.9472,cost_growth,-0.217,1.1806,net_margin,0.1816,0.0064
LAWS,2023,At-Risk,At-Risk,0.8882550001144409,0.09706093370914459,0.014684096910059452,True,asset_turnover,0.2697,1.0129,debt_to_equity,0.1889,1.3433,net_margin,0.1672,-0.0057
LAWS,2024,At-Risk,At-Risk,0.884508490562439,0.1008373275399208,0.01465420052409172,True,asset_turnover,0.284,1.0445,debt_to_equity,0.2207,1.6965,net_margin,0.1976,-0.0041
LAZY,2022,At-Risk,At-Risk,0.8569227457046509,0.005831924732774496,0.1372452825307846,True,debt_to_equity,0.3231,1.845,net_margin,0.188,0.05,ebit_margin,0.148,0.0676
LAZY,2023,At-Risk,At-Risk,0.816965639591217,0.14085988700389862,0.042174484580755234,True,debt_to_equity,0.2374,3.3986,asset_turnover,0.1672,1.1546,ebit_margin,0.0791,0.011
LAZY,2024,At-Risk,Distressed,0.12078163027763367,0.8588350415229797,0.020383339375257492,False,asset_turnover,-1.2179,1.2896,ebit_margin,1.0902,-0.0687,debt_to_equity,1.0342,6.5427
LBRT,2021,At-Risk,At-Risk,0.6229230761528015,0.3572307527065277,0.019846148788928986,True,debt_to_equity,0.2212,0.6585,cost_growth,-0.1916,1.3491,asset_turnover,0.1486,1.2108
LBRT,2022,Healthy,Healthy,0.17595280706882477,0.0037488306406885386,0.8202983736991882,True,asset_turnover,2.0419,1.6108,current_ratio,-0.7424,1.2451,ebit_margin,0.426,0.1198
LBRT,2023,Healthy,Healthy,0.09787365049123764,0.0013716359389945865,0.9007546901702881,True,asset_turnover,1.9577,1.5651,ebit_margin,0.6241,0.1592,current_ratio,-0.5403,1.2691
LBRT,2024,At-Risk,At-Risk,0.7189298272132874,0.007877246476709843,0.2731929421424866,True,debt_to_equity,0.3011,0.6658,asset_turnover,0.1905,1.3091,net_margin,0.128,0.0732
LBUY,2022,Distressed,Distressed,0.022806931287050247,0.9686126708984375,0.008580388501286507,True,ebit_margin,1.4172,-0.4216,asset_turnover,-1.063,1.6071,current_ratio,0.5981,0.1278
LBUY,2023,Distressed,Distressed,0.012986802496016026,0.9794408082962036,0.007572336588054895,True,asset_turnover,-1.1591,2.7735,ebit_margin,1.0152,-0.0825,current_ratio,0.7195,0.4112
LDI,2022,Distressed,Distressed,0.0008284471114166081,0.998946487903595,0.00022514050942845643,True,asset_turnover,1.1138,0.0303,debt_to_equity,1.0466,6.1732,ebit_margin,0.8886,-6.4061
LDI,2023,Distressed,Distressed,0.001003995887003839,0.9987564086914062,0.0002396088239038363,True,debt_to_equity,1.1037,7.7313,asset_turnover,1.0849,0.0223,ebit_margin,0.8735,-4.3695
LDI,2024,Distressed,Distressed,0.000469976948807016,0.9993603825569153,0.00016968931595329195,True,debt_to_equity,1.1466,11.5225,asset_turnover,1.1132,0.0231,ebit_margin,0.915,-4.3259
LGF-B,2021,Distressed,Distressed,0.011482925154268742,0.9883086681365967,0.00020836610929109156,True,asset_turnover,1.2327,0.4009,debt_to_equity,1.2065,1.9925,current_ratio,0.6484,0.4403
LGIH,2021,Healthy,Healthy,0.11268281191587448,0.001253890455700457,0.8860633373260498,True,asset_turnover,1.3367,1.2969,ebit_margin,0.6974,0.1796,net_margin,0.5603,0.1409
LGIH,2022,At-Risk,At-Risk,0.9199257493019104,0.06885706633329391,0.011217120103538036,True,asset_turnover,0.3545,0.7375,current_ratio,-0.3409,0.121,debt_to_equity,0.2712,0.9026
LGIH,2023,At-Risk,At-Risk,0.8489910364151001,0.14390501379966736,0.0071039265021681786,True,asset_turnover,0.3776,0.6921,current_ratio,-0.329,0.121,debt_to_equity,0.2637,0.8361
LGIH,2024,At-Risk,At-Risk,0.7306107878684998,0.2633054554462433,0.00608372176066041,True,current_ratio,-0.3699,0.121,asset_turnover,0.3288,0.586,debt_to_equity,0.2428,0.8449
LHX,2024,Distressed,Distressed,0.4044584333896637,0.5928086638450623,0.002732938854023814,True,asset_turnover,1.073,0.5077,debt_to_equity,0.4479,1.1452,current_ratio,0.4189,1.0766
LIDR,2022,Distressed,Distressed,0.014737538062036037,0.9834081530570984,0.001854304107837379,True,ebit_margin,1.1409,-21.0184,net_margin,1.0428,-24.696,asset_turnover,0.7403,0.0274
LIDR,2023,Distressed,Distressed,0.003958717454224825,0.9954788088798523,0.0005624942714348435,True,ebit_margin,1.0476,-21.0184,asset_turnover,0.9829,0.027,net_margin,0.7737,-24.696
LIDR,2024,Distressed,Distressed,0.005959153175354004,0.9933111667633057,0.0007297081756405532,True,asset_turnover,0.9932,0.0223,ebit_margin,0.9873,-21.0184,net_margin,0.7276,-24.696
LINK,2021,Healthy,Healthy,0.004629948176443577,0.002948323031887412,0.9924216866493225,True,debt_to_equity,2.9954,0.0845,current_ratio,0.553,12.6008,asset_turnover,-0.5007,0.5427
LINK,2022,Healthy,Healthy,0.012592456303536892,0.007632951717823744,0.9797746539115906,True,debt_to_equity,2.927,0.082,asset_turnover,-0.6178,0.5001,ebit_margin,-0.5583,-0.0891
LINK,2023,Distressed,Healthy,0.04360589757561684,0.02870219387114048,0.9276919364929199,False,debt_to_equity,2.4858,0.1561,ebit_margin,-0.6511,-0.0315,current_ratio,0.3573,6.784
LIVE,2021,At-Risk,At-Risk,0.8455342054367065,0.01989770121872425,0.13456816971302032,True,asset_turnover,0.3043,1.2892,debt_to_equity,0.2447,1.8202,net_margin,0.1256,0.1143
LIVE,2022,At-Risk,At-Risk,0.9374642372131348,0.02243337407708168,0.04010239616036415,True,asset_turnover,0.327,1.0297,debt_to_equity,0.2607,1.8678,net_margin,0.1414,0.0862
LIVE,2023,At-Risk,At-Risk,0.7578782439231873,0.23719361424446106,0.004928090609610081,True,asset_turnover,0.3433,0.842,debt_to_equity,0.1706,3.2125,net_margin,0.1588,-0.0003
LIVE,2024,At-Risk,At-Risk,0.6316757202148438,0.35964611172676086,0.008678163401782513,True,asset_turnover,0.2795,1.1602,net_margin,0.169,-0.0564,cost_growth,0.1539,0.3789
LJPC,2021,Distressed,Distressed,0.1066226214170456,0.7382327318191528,0.155144602060318,True,negative_equity,0.8494,1.0,ebit_margin,-0.8432,0.2883,debt_to_equity,0.4502,1.1519
LMAT,2021,Healthy,Healthy,0.007543281652033329,0.0019714266527444124,0.9904852509498596,True,debt_to_equity,2.6302,0.1521,asset_turnover,-0.9853,0.5274,ebit_margin,0.6875,0.2359
LMAT,2022,Healthy,Healthy,0.008969968184828758,0.0021366472356021404,0.988893449306488,True,debt_to_equity,2.6179,0.1576,asset_turnover,-0.9807,0.5207,ebit_margin,0.481,0.1852
LMAT,2023,Healthy,Healthy,0.011404354125261307,0.0030113195534795523,0.9855843186378479,True,debt_to_equity,2.6296,0.1641,asset_turnover,-0.9666,0.5579,ebit_margin,0.4755,0.1922
LMAT,2024,At-Risk,At-Risk,0.9486053586006165,0.028070097789168358,0.023324601352214813,True,debt_to_equity,0.439,0.636,current_ratio,0.3088,13.1405,asset_turnover,0.2453,0.3984
LNG,2021,Distressed,Distressed,0.003980701789259911,0.9957004189491272,0.00031880009919404984,True,asset_turnover,0.9023,0.4041,debt_to_equity,0.8277,1.1519,ebit_margin,0.6114,-0.0442
LNG,2022,Distressed,Distressed,0.41176939010620117,0.5852475166320801,0.002983098616823554,True,negative_equity,0.9506,1.0,current_ratio,0.5929,0.3804,ebit_margin,-0.4359,0.1364
LNG,2023,At-Risk,At-Risk,0.7251989841461182,0.1373610943555832,0.13743989169597626,True,asset_turnover,0.2832,0.4734,cost_growth,-0.2091,-0.4636,revenue_growth,-0.1767,-0.3899
LNG,2024,Distressed,Distressed,0.23791827261447906,0.7398533821105957,0.022228339686989784,True,ebit_margin,-1.3444,0.3902,asset_turnover,1.2495,0.358,debt_to_equity,1.1183,6.6863
LNN,2021,At-Risk,At-Risk,0.9618031978607178,0.02242392674088478,0.015772901475429535,True,asset_turnover,0.3634,0.8909,debt_to_equity,0.2869,0.8827,net_margin,0.1559,0.075
LNN,2022,Healthy,At-Risk,0.7050561308860779,0.013533559627830982,0.281410276889801,False,asset_turnover,0.2964,1.0846,debt_to_equity,0.2689,0.8066,cost_growth,0.1279,0.3166
LNN,2023,Healthy,At-Risk,0.6727896928787231,0.012300880625844002,0.3149094581604004,False,debt_to_equity,0.3099,0.6365,asset_turnover,0.2496,0.904,net_margin,0.118,0.1074
LNN,2024,Healthy,At-Risk,0.9115067720413208,0.01839255727827549,0.07010065019130707,False,asset_turnover,0.3354,0.7985,debt_to_equity,0.2703,0.5809,current_ratio,-0.1236,3.9201
LOPE,2021,Healthy,Healthy,0.0101253567263484,0.0008489430183544755,0.9890256524085999,True,debt_to_equity,1.7733,0.17,ebit_margin,0.9061,0.3147,asset_turnover,-0.5236,0.7332
LOPE,2022,Healthy,Healthy,0.008225145749747753,0.0007889372063800693,0.9909859895706177,True,ebit_margin,1.2024,0.2606,debt_to_equity,0.7556,0.306,net_margin,0.5841,0.2026
LOPE,2023,Healthy,Healthy,0.008230284787714481,0.0009921452729031444,0.9907776117324829,True,ebit_margin,1.2165,0.2594,debt_to_equity,0.8143,0.2959,net_margin,0.572,0.2133
LOPE,2024,Healthy,Healthy,0.009867541491985321,0.0011039602104574442,0.9890284538269043,True,ebit_margin,1.2364,0.2684,debt_to_equity,0.7358,0.2993,net_margin,0.5741,0.219
LOW,2021,At-Risk,Healthy,0.2891332507133484,0.039246685802936554,0.6716200709342957,False,asset_turnover,2.4344,2.1561,debt_to_equity,-0.7633,1.1519,current_ratio,-0.5406,1.0199
LOW,2022,At-Risk,Healthy,0.3396681547164917,0.04631064087152481,0.6140212416648865,False,asset_turnover,2.5253,2.2206,debt_to_equity,-0.7784,1.1519,current_ratio,-0.5935,1.099
LOW,2023,At-Risk,Healthy,0.3275803327560425,0.03787575289607048,0.6345439553260803,False,asset_turnover,2.195,2.0667,debt_to_equity,-0.7729,1.1519,current_ratio,-0.5814,1.225
LOW,2024,At-Risk,At-Risk,0.5782410502433777,0.03328526392579079,0.38847365975379944,True,debt_to_equity,0.1953,1.1519,negative_equity,-0.1854,1.0,current_ratio,0.1543,1.0854
LPX,2024,Healthy,Healthy,0.05323906987905502,0.0011022008256986737,0.945658802986145,True,asset_turnover,1.1694,1.1511,ebit_margin,0.7134,0.1823,net_margin,0.5381,0.1431
LSTR,2021,Healthy,Healthy,0.012919737957417965,0.0018052714876830578,0.9852750301361084,True,asset_turnover,3.6314,3.1961,debt_to_equity,-0.5793,1.3729,revenue_growth,-0.2342,0.7224
LSTR,2022,Healthy,Healthy,0.009349795989692211,0.001205907203257084,0.9894443154335022,True,asset_turnover,3.6091,3.2036,debt_to_equity,-0.575,1.1774,current_ratio,-0.3093,1.6391
LSTR,2023,Healthy,Healthy,0.008627763018012047,0.0014304234646260738,0.9899418950080872,True,asset_turnover,3.414,2.9489,debt_to_equity,-0.4481,0.8313,revenue_growth,0.2113,-0.2855
LSTR,2024,Healthy,Healthy,0.017095379531383514,0.0017816894687712193,0.9811229109764099,True,asset_turnover,3.3639,2.6659,debt_to_equity,-0.4473,0.8647,ebit_margin,-0.1936,0.0515
LTRX,2022,Distressed,At-Risk,0.6365231871604919,0.3511497974395752,0.012326988391578197,False,debt_to_equity,0.2528,0.7194,asset_turnover,0.1783,0.9438,cost_growth,0.1617,0.795
LTRX,2023,Distressed,At-Risk,0.5194233059883118,0.4756412208080292,0.004935473669320345,False,debt_to_equity,0.229,0.955,asset_turnover,0.2118,0.8652,size_bucket_micro,-0.1915,1.0
LTRX,2024,Distressed,At-Risk,0.7380103468894958,0.20613734424114227,0.05585234612226486,False,debt_to_equity,0.2766,0.6742,size_bucket_micro,-0.1635,1.0,net_margin,0.1325,-0.0282
LULU,2021,Healthy,Healthy,0.1748461276292801,0.0035062343813478947,0.821647584438324,True,asset_turnover,1.3934,1.2659,ebit_margin,0.9478,0.2197,net_margin,0.7101,0.1559
LULU,2022,Healthy,Healthy,0.08415771275758743,0.0014508836902678013,0.9143914580345154,True,asset_turnover,1.8771,1.4465,ebit_margin,0.7735,0.2128,net_margin,0.3471,0.1054
LULU,2023,Healthy,Healthy,0.04058624804019928,0.0007224273285828531,0.9586913585662842,True,asset_turnover,1.586,1.3564,ebit_margin,1.0545,0.2295,net_margin,0.7343,0.1612
LULU,2024,Healthy,Healthy,0.04156769439578056,0.0007124149706214666,0.9577198624610901,True,asset_turnover,1.6885,1.3926,ebit_margin,1.0499,0.2367,net_margin,0.7563,0.1714
LUNG,2021,Distressed,At-Risk,0.5559779405593872,0.4189254343509674,0.025096623227000237,False,debt_to_equity,0.7455,0.217,ebit_margin,-0.2377,-0.977,net_margin,-0.2252,-1.0051
LUNG,2022,Distressed,Distressed,0.14992593228816986,0.8346623778343201,0.015411661937832832,True,ebit_margin,1.2684,-1.0927,debt_to_equity,-1.2078,0.2576,net_margin,0.8743,-1.098
LUNG,2023,Distressed,Distressed,0.010924621485173702,0.9882043600082397,0.0008710166439414024,True,ebit_margin,1.2787,-0.9019,net_margin,0.9473,-0.886,asset_turnover,0.5552,0.3863
LUNG,2024,Distressed,Distressed,0.004110686015337706,0.9954641461372375,0.00042524136370047927,True,ebit_margin,1.3738,-0.6887,net_margin,0.8467,-0.673,opex_ratio,0.3691,1.4286
LVLU,2021,At-Risk,Healthy,0.06591950356960297,0.02077522687613964,0.9133053421974182,False,asset_turnover,3.5671,3.2036,debt_to_equity,-0.6473,1.5555,current_ratio,-0.3635,1.1378
LVLU,2022,At-Risk,Healthy,0.15047889947891235,0.02892194874584675,0.8205991983413696,False,asset_turnover,3.152,2.6294,debt_to_equity,-0.6597,1.5766,net_margin,-0.4051,0.0085
LVLU,2023,Distressed,Distressed,0.23962964117527008,0.7131561040878296,0.04721424728631973,True,asset_turnover,-1.445,2.3766,ebit_margin,1.0392,-0.0569,current_ratio,0.7955,0.9746
LXU,2021,Distressed,At-Risk,0.6674959659576416,0.3280484974384308,0.004455575719475746,False,asset_turnover,0.2572,0.491,opex_ratio,0.1593,0.0684,debt_to_equity,0.1575,1.4601
LXU,2022,At-Risk,At-Risk,0.9293054342269897,0.05036122351884842,0.020333340391516685,True,asset_turnover,0.3394,0.6263,debt_to_equity,0.1903,1.791,opex_ratio,0.1487,0.0437
LXU,2023,Distressed,At-Risk,0.6026451587677002,0.39140257239341736,0.005952286068350077,False,asset_turnover,0.24,0.4573,debt_to_equity,0.1698,1.5045,net_margin,0.1697,0.047
LXU,2024,Distressed,Distressed,0.3433791697025299,0.6544172763824463,0.0022035541478544474,True,asset_turnover,0.9518,0.44,debt_to_equity,0.7071,1.4148,net_margin,0.4977,-0.037
LYTS,2022,At-Risk,At-Risk,0.9286770820617676,0.021703902631998062,0.04961908981204033,True,debt_to_equity,0.2211,1.1052,asset_turnover,0.1885,1.463,ebit_margin,0.1611,0.0466
LYTS,2023,Healthy,Healthy,0.2792538106441498,0.006419863551855087,0.7143263816833496,True,asset_turnover,1.8004,1.6781,net_margin,-0.2451,0.0518,debt_to_equity,-0.2072,0.6677
LYTS,2024,At-Risk,At-Risk,0.7651745080947876,0.011797509156167507,0.2230280190706253,True,debt_to_equity,0.2756,0.7068,asset_turnover,0.2077,1.3464,net_margin,0.1512,0.0532
MARA,2021,Distressed,Distressed,0.001239174627698958,0.9985648989677429,0.00019599861116148531,True,asset_turnover,1.1884,0.1102,ebit_margin,0.8767,-0.3618,debt_to_equity,0.7406,1.1175
MARA,2022,Distressed,Distressed,0.0019994901958853006,0.9976555109024048,0.00034502323251217604,True,asset_turnover,1.1882,0.0985,debt_to_equity,0.9855,2.097,ebit_margin,0.8672,-0.5459
MARA,2023,At-Risk,At-Risk,0.8228013515472412,0.11602293699979782,0.06117573380470276,True,debt_to_equity,0.5811,0.2321,cost_growth,-0.2146,1.7362,current_ratio,0.1411,3.1323
MASI,2021,Healthy,Healthy,0.018307557329535484,0.0013899693731218576,0.9803024530410767,True,debt_to_equity,2.0508,0.2173,asset_turnover,-0.9474,0.6567,ebit_margin,0.7906,0.2226
MASI,2022,At-Risk,At-Risk,0.7489780187606812,0.24645493924617767,0.004567007068544626,True,asset_turnover,0.3539,0.6341,debt_to_equity,0.1648,1.3979,net_margin,0.1633,0.0705
MBUU,2022,Healthy,Healthy,0.070892333984375,0.0008890876779332757,0.9282185435295105,True,asset_turnover,1.9057,1.427,ebit_margin,0.7064,0.176,net_margin,0.5683,0.1298
MBUU,2023,Healthy,Healthy,0.07236377894878387,0.0018024471355602145,0.9258338212966919,True,asset_turnover,1.8156,1.4994,current_ratio,-0.436,1.404,ebit_margin,0.3538,0.1043
MBUU,2024,Healthy,At-Risk,0.49128833413124084,0.15104486048221588,0.3576667606830597,False,debt_to_equity,-0.2185,0.3832,cost_growth,-0.1738,-0.3665,revenue_growth,-0.1595,-0.4029
MCD,2021,At-Risk,At-Risk,0.6684398651123047,0.26949238777160645,0.06206774711608887,True,negative_equity,-0.5449,1.0,ebit_margin,0.2051,0.5194,asset_turnover,0.187,0.4312
MCD,2022,At-Risk,At-Risk,0.6788281202316284,0.2752126455307007,0.0459592342376709,True,negative_equity,-0.5537,1.0,ebit_margin,0.2492,0.4042,asset_turnover,0.1681,0.4596
MCD,2023,At-Risk,At-Risk,0.7362569570541382,0.20786184072494507,0.055881183594465256,True,negative_equity,-0.5312,1.0,ebit_margin,0.2396,0.4569,asset_turnover,0.1891,0.4541
MCD,2024,At-Risk,At-Risk,0.7484872937202454,0.1958947479724884,0.05561790615320206,True,negative_equity,-0.5361,1.0,ebit_margin,0.2417,0.4519,asset_turnover,0.1937,0.4697
MCK,2021,Healthy,Healthy,0.028264518827199936,0.03470172360539436,0.9370337128639221,True,asset_turnover,3.5355,3.2036,debt_to_equity,-0.6336,1.1519,current_ratio,-0.3787,0.9539
MCK,2022,Healthy,Healthy,0.03358713537454605,0.037459541112184525,0.9289532899856567,True,asset_turnover,3.5533,3.2036,debt_to_equity,-0.6133,1.1519,current_ratio,-0.3936,0.9236
MCK,2023,Healthy,Healthy,0.028107689693570137,0.032907843589782715,0.9389844536781311,True,asset_turnover,3.5351,3.2036,debt_to_equity,-0.6355,1.1519,current_ratio,-0.3846,0.9162
MCK,2024,Healthy,Healthy,0.03118075244128704,0.03842674195766449,0.9303925633430481,True,asset_turnover,3.5382,3.2036,debt_to_equity,-0.6335,1.1519,current_ratio,-0.378,0.8993
MED,2021,Healthy,Healthy,0.03345617279410362,0.01095652487128973,0.9555873274803162,True,asset_turnover,3.0793,3.2036,debt_to_equity,-0.5151,0.9673,current_ratio,-0.3208,1.8069
MED,2022,Healthy,Healthy,0.023175986483693123,0.007396756671369076,0.969427227973938,True,asset_turnover,3.225,3.2036,debt_to_equity,-0.4985,1.0395,opex_ratio,-0.3027,0.5978
MED,2023,Healthy,Healthy,0.019499164074659348,0.005970620084553957,0.9745302200317383,True,asset_turnover,2.6979,3.2036,current_ratio,-0.5441,1.8248,opex_ratio,-0.2623,0.6058
MED,2024,Healthy,Healthy,0.15755121409893036,0.01570112258195877,0.8267475962638855,True,asset_turnover,1.9201,2.1198,ebit_margin,-0.408,0.0048,opex_ratio,-0.3926,0.7332
MEDP,2021,At-Risk,At-Risk,0.963074266910553,0.027196625247597694,0.00972916278988123,True,asset_turnover,0.3638,0.6882,debt_to_equity,0.3022,0.7419,opex_ratio,0.108,0.1134
MEDP,2022,At-Risk,At-Risk,0.9016952514648438,0.030987735837697983,0.06731696426868439,True,asset_turnover,0.3455,1.0795,debt_to_equity,0.3082,2.5004,opex_ratio,0.1435,0.1053
MEDP,2023,At-Risk,At-Risk,0.76924729347229,0.010633008554577827,0.22011972963809967,True,asset_turnover,0.3447,1.1382,debt_to_equity,0.283,1.9642,opex_ratio,0.1671,0.0995
MEDP,2024,At-Risk,Healthy,0.4807778000831604,0.005277384538203478,0.5139448046684265,False,debt_to_equity,-1.0119,1.5448,ebit_margin,0.8935,0.2119,net_margin,0.8455,0.1917
MGNI,2021,Distressed,Distressed,0.0021490929648280144,0.9976760745048523,0.00017483376723248512,True,asset_turnover,1.7741,0.1727,debt_to_equity,1.1615,2.0799,ebit_margin,0.7126,-0.0916
MGNI,2022,Distressed,Distressed,0.0013925957027822733,0.9984585046768188,0.0001488822599640116,True,asset_turnover,1.3178,0.2128,debt_to_equity,1.1678,2.4275,ebit_margin,0.8017,-0.1825
MGNI,2023,Distressed,Distressed,0.0009628533152863383,0.9988420605659485,0.0001951185113284737,True,asset_turnover,1.2822,0.2305,debt_to_equity,1.1676,2.8319,ebit_margin,0.9312,-0.2381
MGNI,2024,Distressed,Distressed,0.005409336183220148,0.9942846894264221,0.0003059663577005267,True,asset_turnover,2.1543,0.2341,debt_to_equity,1.0835,2.7161,current_ratio,0.2161,1.1413
MGRC,2021,Distressed,Distressed,0.09220279008150101,0.9047735333442688,0.003023691475391388,True,asset_turnover,1.6453,0.335,current_ratio,0.9091,0.259,ebit_margin,-0.7283,0.2324
MGRC,2022,At-Risk,At-Risk,0.5014954805374146,0.4885852038860321,0.009919327683746815,True,asset_turnover,-0.294,0.3722,ebit_margin,0.1537,0.2317,net_margin,0.1419,0.1329
MITK,2021,Distressed,Distressed,0.11054722964763641,0.8839225769042969,0.0055301799438893795,True,asset_turnover,1.5205,0.2854,current_ratio,-0.6746,5.2043,debt_to_equity,0.5649,1.1765
MITK,2022,Distressed,Distressed,0.3298044800758362,0.6639255881309509,0.006269917357712984,True,asset_turnover,0.8948,0.3973,ebit_margin,-0.682,0.2015,debt_to_equity,0.4746,1.1317
MITK,2023,At-Risk,At-Risk,0.6234013438224792,0.36642056703567505,0.01017813477665186,True,asset_turnover,0.2067,0.4257,opex_ratio,-0.203,0.6542,debt_to_equity,0.1826,0.9756
MITK,2024,Distressed,Distressed,0.4189550578594208,0.5732409954071045,0.007803976070135832,True,asset_turnover,0.8624,0.4159,current_ratio,-0.3695,4.3906,ebit_margin,-0.3398,0.1121
MLKN,2022,At-Risk,At-Risk,0.6057395935058594,0.3892095983028412,0.005050851032137871,True,asset_turnover,0.2769,0.8742,net_margin,0.1742,-0.0069,cost_growth,0.1741,0.7517
MLKN,2023,At-Risk,At-Risk,0.9042214751243591,0.08922481536865234,0.006553709972649813,True,asset_turnover,0.2959,0.9561,debt_to_equity,0.2066,1.7755,net_margin,0.201,0.0103
MLKN,2024,At-Risk,At-Risk,0.9204829931259155,0.07148213684558868,0.008034891448915005,True,asset_turnover,0.3144,0.8973,debt_to_equity,0.2005,1.7715,net_margin,0.1709,0.0227
MLP,2021,Distressed,Distressed,0.24651466310024261,0.7447729706764221,0.008712382055819035,True,asset_turnover,0.9235,0.3281,net_margin,0.7419,-0.2749,ebit_margin,-0.5728,0.1316
MLP,2022,At-Risk,Healthy,0.08506198227405548,0.016529254615306854,0.8984087705612183,False,debt_to_equity,1.4848,0.2557,asset_turnover,-1.4086,0.2007,ebit_margin,1.1926,0.5194
MMI,2021,Healthy,Healthy,0.033013198524713516,0.0010044242953881621,0.9659823179244995,True,asset_turnover,1.3446,1.2404,ebit_margin,0.7345,0.1461,debt_to_equity,0.4884,0.5011
MMI,2022,Healthy,Healthy,0.03143533691763878,0.0007312134257517755,0.967833399772644,True,asset_turnover,1.0749,1.2969,debt_to_equity,0.8716,0.4067,current_ratio,0.3807,8.8283
MMI,2023,At-Risk,At-Risk,0.6352094411849976,0.11537114530801773,0.2494194358587265,True,asset_turnover,0.2044,0.7353,cost_growth,-0.1943,-0.3942,revenue_growth,-0.193,-0.5038
MMI,2024,At-Risk,At-Risk,0.7629891633987427,0.08374962210655212,0.153261199593544,True,asset_turnover,0.1606,0.8003,net_margin,0.1051,-0.0178,opex_ratio,0.0615,0.4274
MMM,2021,At-Risk,At-Risk,0.9337995648384094,0.05263875424861908,0.013561652973294258,True,asset_turnover,0.3149,0.7511,debt_to_equity,0.2716,2.1138,ebit_margin,0.0975,0.2084
MMM,2022,At-Risk,Distressed,0.3517821431159973,0.6442037224769592,0.004014167003333569,False,debt_to_equity,0.8917,2.1452,asset_turnover,0.8897,0.5631,ebit_margin,0.4904,0.0732
MMM,2023,Distressed,Distressed,0.0021015373058617115,0.9975711703300476,0.00032730470411479473,True,ebit_margin,1.2266,-0.4358,debt_to_equity,1.2127,9.3903,asset_turnover,0.6311,0.4866
MMM,2024,At-Risk,Distressed,0.43919965624809265,0.5474245548248291,0.013375766575336456,False,debt_to_equity,1.1887,9.2383,ebit_margin,-0.9042,0.1962,net_margin,-0.4642,0.1698
MMS,2021,At-Risk,At-Risk,0.9598348140716553,0.022557871416211128,0.017607349902391434,True,asset_turnover,0.3843,1.0329,debt_to_equity,0.2443,1.7825,net_margin,0.1547,0.0684
MMS,2022,At-Risk,At-Risk,0.9651111364364624,0.02055370807647705,0.014335105195641518,True,asset_turnover,0.3478,1.1599,debt_to_equity,0.2468,1.577,net_margin,0.1774,0.044
MMS,2023,At-Risk,At-Risk,0.9771369099617004,0.011611325666308403,0.011251716874539852,True,asset_turnover,0.3297,1.2306,debt_to_equity,0.2321,1.3898,net_margin,0.161,0.033
MMS,2024,At-Risk,At-Risk,0.959425687789917,0.008295613341033459,0.03227871656417847,True,asset_turnover,0.332,1.2843,debt_to_equity,0.2492,1.242,net_margin,0.1774,0.0578
MNTK,2022,At-Risk,At-Risk,0.8309913277626038,0.07341519743204117,0.09559345990419388,True,asset_turnover,0.423,0.6186,debt_to_equity,0.244,0.4634,size_bucket_micro,-0.1393,1.0
MNTK,2023,At-Risk,At-Risk,0.944743275642395,0.036577485501766205,0.018679184839129448,True,asset_turnover,0.4439,0.4994,debt_to_equity,0.298,0.3996,gross_margin,0.2331,0.8007
MNTK,2024,At-Risk,At-Risk,0.868893563747406,0.11621376872062683,0.014892678707838058,True,asset_turnover,0.3857,0.5035,debt_to_equity,0.2784,0.3558,gross_margin,0.1341,0.8207
MODV,2021,At-Risk,At-Risk,0.7341993451118469,0.2591215968132019,0.006679069250822067,True,asset_turnover,0.345,0.9876,net_margin,0.1573,-0.0033,debt_to_equity,0.15,4.4316
MODV,2022,At-Risk,At-Risk,0.8571913242340088,0.1325487494468689,0.010259896516799927,True,asset_turnover,0.3245,1.2919,current_ratio,-0.1465,0.7041,debt_to_equity,0.1197,4.4837
MODV,2023,At-Risk,At-Risk,0.540181577205658,0.41681107878685,0.043007370084524155,True,debt_to_equity,-0.4354,10.3145,asset_turnover,0.3757,1.5596,size_bucket_mid,0.096,1.0
MODV,2024,At-Risk,At-Risk,0.6481248736381531,0.2985786199569702,0.0532965250313282,True,negative_equity,-0.3046,1.0,asset_turnover,0.2875,1.685,debt_to_equity,0.1468,1.1519
MPC,2021,At-Risk,At-Risk,0.9650591611862183,0.008637824095785618,0.02630305103957653,True,asset_turnover,0.3481,1.4162,debt_to_equity,0.2606,1.5423,opex_ratio,0.2171,0.0548
MPC,2022,Healthy,Healthy,0.10049359500408173,0.0036213134881109,0.8958850502967834,True,asset_turnover,2.5751,1.9898,debt_to_equity,-0.7345,1.5623,current_ratio,-0.3041,1.7933
MPC,2023,Healthy,Healthy,0.28882378339767456,0.003945814445614815,0.7072304487228394,True,asset_turnover,2.0232,1.7455,debt_to_equity,-0.8784,1.7385,revenue_growth,0.2507,-0.161
MPC,2024,At-Risk,At-Risk,0.9444838166236877,0.008631465956568718,0.04688467085361481,True,debt_to_equity,0.3812,2.2179,asset_turnover,0.188,1.7802,net_margin,0.1508,0.0245
MRAM,2021,Distressed,Healthy,0.07681035250425339,0.008035032078623772,0.9151545763015747,False,asset_turnover,1.2559,1.4004,debt_to_equity,0.5363,0.4458,current_ratio,0.3435,3.5582
MRAM,2022,Distressed,Healthy,0.18714968860149384,0.021331919357180595,0.7915183305740356,False,debt_to_equity,0.4649,0.4311,asset_turnover,0.4134,1.0841,current_ratio,0.2922,4.1249
MRAM,2023,At-Risk,Healthy,0.03933120146393776,0.007086713332682848,0.9535820484161377,False,debt_to_equity,1.6289,0.2482,current_ratio,0.34,6.5936,net_margin,0.3399,0.142
MRAM,2024,Distressed,Healthy,0.45808544754981995,0.06306502968072891,0.4788495600223541,False,debt_to_equity,1.3737,0.2428,ebit_margin,-0.9058,-0.1407,asset_turnover,-0.5539,0.6479
MRK,2021,At-Risk,At-Risk,0.8718374371528625,0.11610610783100128,0.012056469917297363,True,asset_turnover,0.3173,0.4608,net_margin,0.1769,0.2679,ebit_margin,0.1549,0.271
MRK,2022,At-Risk,At-Risk,0.9243143796920776,0.061137642711400986,0.014547907747328281,True,asset_turnover,0.3238,0.5431,debt_to_equity,0.1935,1.3701,ebit_margin,0.1506,0.3084
MRK,2023,At-Risk,Distressed,0.08624241501092911,0.9129930734634399,0.000764533004257828,False,debt_to_equity,1.0995,1.8345,asset_turnover,0.8806,0.5635,ebit_margin,0.5596,0.0491
MRK,2024,At-Risk,At-Risk,0.8937340974807739,0.06866409629583359,0.03760175406932831,True,asset_turnover,0.3473,0.5479,cost_growth,-0.2188,-0.2312,debt_to_equity,0.185,1.5254
MSGM,2021,Distressed,Distressed,0.035551320761442184,0.9597260355949402,0.004722618963569403,True,ebit_margin,1.2087,-2.2692,net_margin,1.0037,-2.1997,debt_to_equity,-0.8595,0.3349
MSGM,2022,Distressed,Distressed,0.0011659449664875865,0.9984591007232666,0.000374938448658213,True,ebit_margin,1.2178,-2.4611,debt_to_equity,0.9205,8.9284,net_margin,0.6282,-3.4859
MSGM,2023,Distressed,Distressed,0.001897574169561267,0.9976420402526855,0.0004603683773893863,True,ebit_margin,1.3409,-1.7898,net_margin,0.7233,-2.0729,debt_to_equity,0.7204,3.6699
MSGM,2024,Distressed,Distressed,0.001773214084096253,0.9968372583389282,0.0013894735602661967,True,ebit_margin,1.6243,-0.5753,asset_turnover,-0.9921,1.386,net_margin,0.7656,-0.3169
MSI,2021,At-Risk,At-Risk,0.7027859687805176,0.28280383348464966,0.014410167932510376,True,negative_equity,-0.4438,1.0,debt_to_equity,0.2009,1.1519,asset_turnover,0.1811,0.6704
MSI,2022,At-Risk,At-Risk,0.5216194987297058,0.45502549409866333,0.023355014622211456,True,debt_to_equity,-0.9042,33.065,asset_turnover,0.1393,0.7111,net_margin,0.109,0.1496
MSI,2023,At-Risk,At-Risk,0.6205101609230042,0.33088186383247375,0.048607997596263885,True,debt_to_equity,-0.8866,17.046,asset_turnover,0.2852,0.7482,ebit_margin,0.1337,0.2299
MSI,2024,At-Risk,At-Risk,0.7926234006881714,0.1808120459318161,0.026564564555883408,True,debt_to_equity,-0.4823,7.4904,asset_turnover,0.3215,0.7411,ebit_margin,0.1234,0.2485
MTBC,2021,At-Risk,At-Risk,0.5731777548789978,0.36538439989089966,0.06143782287836075,True,size_bucket_micro,-0.1159,1.0,ebit_margin,0.1008,0.0216,net_margin,0.0942,0.0203
MTBC,2022,At-Risk,At-Risk,0.5320032238960266,0.4391513764858246,0.028845379129052162,True,debt_to_equity,0.293,0.3391,net_margin,-0.2481,-0.4158,ebit_margin,0.2312,-0.0343
MTBC,2023,Distressed,Distressed,0.11275763064622879,0.8751832842826843,0.012059113010764122,True,asset_turnover,-1.2103,1.5041,net_margin,0.7614,-0.4158,ebit_margin,0.6884,-0.0343
MTBC,2024,At-Risk,Healthy,0.18193380534648895,0.04561922326683998,0.7724469900131226,False,asset_turnover,1.6146,1.5477,current_ratio,-0.7146,1.2404,debt_to_equity,0.2611,0.4388
MTCH,2021,Distressed,At-Risk,0.5225495100021362,0.46720388531684875,0.01024659350514412,False,negative_equity,-0.4812,1.0,asset_turnover,0.1881,0.5892,net_margin,0.1781,0.0931
MTCH,2022,Distressed,Distressed,0.46048447489738464,0.4786384701728821,0.06087709590792656,True,negative_equity,1.1148,1.0,ebit_margin,-0.9171,0.2764,net_margin,-0.4158,0.1135
MTCH,2023,Distressed,Distressed,0.4071548283100128,0.4598577320575714,0.13298740983009338,True,ebit_margin,-0.9474,0.2867,negative_equity,0.922,1.0,debt_to_equity,0.4364,1.1519
MTCH,2024,Distressed,Distressed,0.3022204041481018,0.6563679575920105,0.041411641985177994,True,negative_equity,1.2862,1.0,ebit_margin,-0.8075,0.2579,debt_to_equity,0.3957,1.1519
MUSA,2021,Healthy,Healthy,0.029565364122390747,0.0033948812633752823,0.9670398235321045,True,asset_turnover,3.8123,3.2036,debt_to_equity,-0.6142,4.0151,current_ratio,-0.3153,1.137
MUSA,2022,Healthy,Healthy,0.026072127744555473,0.00411907397210598,0.9698088765144348,True,asset_turnover,3.7827,3.2036,debt_to_equity,-0.6114,5.4355,current_ratio,-0.3525,0.8509
MUSA,2023,Healthy,Healthy,0.014254382811486721,0.0033143474720418453,0.9824312329292297,True,asset_turnover,3.7441,3.2036,debt_to_equity,-0.6107,4.236,current_ratio,-0.3276,0.947
MUSA,2024,Healthy,Healthy,0.012084759771823883,0.0034821967128664255,0.9844330549240112,True,asset_turnover,3.757,3.2036,debt_to_equity,-0.6074,4.406,current_ratio,-0.3308,0.7892
MVIS,2021,Distressed,Distressed,0.20583869516849518,0.6669286489486694,0.1272326409816742,True,debt_to_equity,-1.8299,0.1549,net_margin,1.0101,-17.28,ebit_margin,1.0101,-17.5476
MVIS,2022,Distressed,Distressed,0.05234045162796974,0.9288903474807739,0.01876917853951454,True,ebit_margin,1.1803,-21.0184,net_margin,1.0546,-24.696,debt_to_equity,-0.957,0.2814
MVIS,2023,Distressed,Distressed,0.0398259237408638,0.9571521878242493,0.0030219026375561953,True,ebit_margin,1.0611,-12.2481,net_margin,0.9828,-11.4123,debt_to_equity,-0.814,0.3531
MVIS,2024,Distressed,Distressed,0.0022758792620152235,0.9973783493041992,0.000345740671036765,True,asset_turnover,1.037,0.0388,ebit_margin,0.9824,-17.2902,net_margin,0.6725,-20.6378
MXC,2021,Healthy,Healthy,0.005704032722860575,0.0024580140598118305,0.9918379187583923,True,debt_to_equity,2.4511,0.0867,ebit_margin,0.9886,0.4572,asset_turnover,-0.9332,0.4959
MXC,2022,Healthy,Healthy,0.004291646182537079,0.0017788778059184551,0.9939295053482056,True,debt_to_equity,2.4878,0.0697,ebit_margin,0.9279,0.5088,asset_turnover,-0.8248,0.5363
MXC,2023,Healthy,Healthy,0.005600268486887217,0.002496215747669339,0.9919034838676453,True,debt_to_equity,2.5908,0.0812,asset_turnover,-1.1875,0.3466,ebit_margin,0.6577,0.2824
MXC,2024,Healthy,Healthy,0.005914604291319847,0.002342918422073126,0.9917424917221069,True,debt_to_equity,2.7196,0.0874,asset_turnover,-1.17,0.3509,ebit_margin,0.601,0.2468
MXL,2021,At-Risk,At-Risk,0.9007275700569153,0.09238498657941818,0.006887516472488642,True,asset_turnover,0.3465,0.8496,net_margin,0.1687,0.047,debt_to_equity,0.1687,1.1472
MXL,2022,At-Risk,At-Risk,0.7797908782958984,0.023336714133620262,0.19687239825725555,True,debt_to_equity,0.2804,0.7446,asset_turnover,0.2593,0.9493,net_margin,0.1153,0.1116
MXL,2023,At-Risk,At-Risk,0.6033421158790588,0.3819710612297058,0.014686847105622292,True,asset_turnover,0.2296,0.6418,debt_to_equity,0.2071,0.5741,cost_growth,-0.1811,-0.2414
MXL,2024,Distressed,Distressed,0.010567967779934406,0.9883467555046082,0.0010852391133084893,True,ebit_margin,1.2243,-0.468,net_margin,0.8071,-0.6801,asset_turnover,0.6839,0.417
MYRG,2021,Healthy,Healthy,0.022823000326752663,0.002131182001903653,0.9750458598136902,True,asset_turnover,3.1496,2.2284,debt_to_equity,-0.5506,1.1597,current_ratio,-0.174,1.501
MYRG,2022,Healthy,Healthy,0.08295506238937378,0.005433153361082077,0.911611795425415,True,asset_turnover,2.9643,2.1507,debt_to_equity,-0.6147,1.4971,current_ratio,-0.5494,1.2395
MYRG,2023,Healthy,Healthy,0.031135212630033493,0.003275524126365781,0.9655892848968506,True,asset_turnover,3.2269,2.3081,debt_to_equity,-0.5472,1.4244,current_ratio,-0.2919,1.2844
MYRG,2024,Healthy,Healthy,0.34046658873558044,0.013348819687962532,0.6461845636367798,True,asset_turnover,2.6481,2.2584,debt_to_equity,-0.6542,1.4799,net_margin,-0.5433,0.009
NANX,2022,Distressed,Distressed,0.049920860677957535,0.9488258361816406,0.0012533545959740877,True,ebit_margin,1.1076,-0.0605,debt_to_equity,0.9807,4.9405,asset_turnover,-0.5873,1.112
NARI,2021,At-Risk,Healthy,0.4427422285079956,0.09196478873491287,0.4652929902076721,False,debt_to_equity,0.777,0.3024,opex_ratio,-0.5179,0.8715,asset_turnover,-0.4974,0.8891
NARI,2022,Healthy,At-Risk,0.5965024828910828,0.05299988016486168,0.35049763321876526,False,ebit_margin,0.2595,-0.0733,gross_margin,-0.2374,0.8839,debt_to_equity,-0.1951,0.209
NARI,2023,At-Risk,At-Risk,0.8514427542686462,0.13170187175273895,0.016855362802743912,True,asset_turnover,0.2685,0.7321,debt_to_equity,0.2578,0.4502,gross_margin,-0.2073,0.8803
NBIX,2021,At-Risk,At-Risk,0.9236192107200623,0.04349661245942116,0.032884154468774796,True,asset_turnover,0.3725,0.5469,debt_to_equity,0.2762,0.5084,gross_margin,-0.1477,0.9635
NBIX,2022,At-Risk,At-Risk,0.9198516011238098,0.03193743899464607,0.04821091145277023,True,asset_turnover,0.4048,0.6285,debt_to_equity,0.168,0.387,net_margin,0.1314,0.1038
NBIX,2023,At-Risk,At-Risk,0.9433311223983765,0.025513608008623123,0.03115522302687168,True,asset_turnover,0.415,0.5804,debt_to_equity,0.2636,0.4567,net_margin,0.1295,0.1323
NBIX,2024,At-Risk,At-Risk,0.898185670375824,0.02307627722620964,0.07873806357383728,True,asset_turnover,0.3984,0.6334,debt_to_equity,0.2182,0.436,net_margin,0.0935,0.1449
NC,2021,At-Risk,At-Risk,0.8556995391845703,0.06828659027814865,0.07601390033960342,True,asset_turnover,0.3543,0.3782,debt_to_equity,0.3287,0.4405,current_ratio,-0.1396,4.4127
NC,2022,At-Risk,At-Risk,0.7790014147758484,0.07214397937059402,0.14885467290878296,True,asset_turnover,0.4034,0.4255,net_margin,0.1092,0.3068,size_bucket_micro,-0.086,1.0
NC,2023,At-Risk,Distressed,0.13751599192619324,0.8068290948867798,0.05565490946173668,False,ebit_margin,0.9304,-0.2515,debt_to_equity,-0.746,0.4116,net_margin,0.6594,-0.1843
NC,2024,At-Risk,At-Risk,0.5594156980514526,0.41769587993621826,0.02288842387497425,True,debt_to_equity,0.3222,0.5599,ebit_margin,-0.2842,-0.1705,asset_turnover,0.1826,0.3763
NGS,2021,At-Risk,At-Risk,0.758138120174408,0.0728219747543335,0.16903990507125854,True,debt_to_equity,0.5852,0.2653,net_margin,-0.2285,-0.1268,asset_turnover,-0.1329,0.2426
NGVC,2021,At-Risk,At-Risk,0.951034665107727,0.025033077225089073,0.023932287469506264,True,asset_turnover,0.2777,1.6113,debt_to_equity,0.2754,3.5896,net_margin,0.2072,0.0195
NGVC,2022,At-Risk,At-Risk,0.9583734273910522,0.020122794434428215,0.021503815427422523,True,debt_to_equity,0.2859,3.2558,asset_turnover,0.2818,1.6432,net_margin,0.2146,0.0196
NGVC,2023,At-Risk,At-Risk,0.9559230208396912,0.02113339491188526,0.022943519055843353,True,debt_to_equity,0.3141,2.917,asset_turnover,0.2488,1.7044,net_margin,0.173,0.0204
NGVC,2024,At-Risk,At-Risk,0.9086880087852478,0.012643380090594292,0.07866855710744858,True,debt_to_equity,0.3564,2.7616,net_margin,0.141,0.0273,current_ratio,0.0967,0.896
NHHS,2023,Distressed,Distressed,0.003981533460319042,0.9955292344093323,0.0004892706638202071,True,asset_turnover,1.6483,0.1935,debt_to_equity,1.3943,7.0454,net_margin,0.5581,-0.7654
NHHS,2024,Distressed,Distressed,0.005151791963726282,0.9943089485168457,0.000539231114089489,True,asset_turnover,2.1771,0.1829,debt_to_equity,1.1697,3.9335,current_ratio,0.6602,0.4775
NHTC,2021,At-Risk,At-Risk,0.6483897566795349,0.3418845534324646,0.009725688956677914,True,debt_to_equity,0.2761,0.6534,asset_turnover,0.2439,0.6101,net_margin,0.1564,0.0181
NHTC,2022,At-Risk,At-Risk,0.6551712155342102,0.33416610956192017,0.010662673972547054,True,debt_to_equity,0.273,0.6514,asset_turnover,0.2146,0.5933,net_margin,0.1702,0.0064
NHTC,2023,At-Risk,At-Risk,0.6381652355194092,0.35521838068962097,0.006616363767534494,True,debt_to_equity,0.2545,0.6608,asset_turnover,0.1969,0.6357,net_margin,0.1736,0.0129
NHTC,2024,At-Risk,At-Risk,0.6922453045845032,0.30088359117507935,0.00687113031744957,True,debt_to_equity,0.2495,0.6841,asset_turnover,0.1946,0.7761,net_margin,0.1805,0.0133
NJR,2021,Distressed,Distressed,0.029729770496487617,0.9698284864425659,0.0004417034506332129,True,asset_turnover,1.7728,0.3769,debt_to_equity,1.1254,2.5087,current_ratio,0.529,0.6028
NJR,2022,At-Risk,At-Risk,0.9024373292922974,0.08497420698404312,0.012588446959853172,True,asset_turnover,0.3529,0.4641,debt_to_equity,0.1912,0.4553,net_margin,0.0996,0.0946
NJR,2023,Distressed,Distressed,0.037951480597257614,0.9600026607513428,0.0020458747167140245,True,asset_turnover,2.275,0.3003,debt_to_equity,1.0356,2.284,ebit_margin,-0.5792,0.2073
NJR,2024,Distressed,Distressed,0.03396754711866379,0.9641627073287964,0.0018697349587455392,True,asset_turnover,2.48,0.2573,debt_to_equity,0.9759,2.1728,ebit_margin,-0.7353,0.255
NOV,2021,Distressed,At-Risk,0.49912795424461365,0.4961068034172058,0.00476522883400321,False,asset_turnover,0.2255,0.5784,debt_to_equity,0.204,0.8859,net_margin,0.1197,-0.0453
NR,2021,At-Risk,At-Risk,0.8290178775787354,0.15253542363643646,0.01844668947160244,True,asset_turnover,0.2435,0.8166,debt_to_equity,0.2268,0.6283,cost_growth,-0.1222,0.1205
NR,2022,Distressed,At-Risk,0.5058470964431763,0.47937965393066406,0.014773236587643623,False,debt_to_equity,0.4561,0.6899,cost_growth,-0.2781,-0.4636,asset_turnover,-0.1696,0.27
NR,2023,At-Risk,At-Risk,0.8051950335502625,0.17925047874450684,0.015554510056972504,True,debt_to_equity,0.4443,0.5464,current_ratio,0.1096,2.6212,asset_turnover,-0.1069,0.3233
NR,2024,At-Risk,Healthy,0.20085836946964264,0.019741298630833626,0.7794003486633301,False,debt_to_equity,1.687,0.2058,asset_turnover,-1.2827,0.5524,net_margin,0.4058,0.5622
NTIP,2021,Healthy,Healthy,0.003200000151991844,0.002070691203698516,0.9947293400764465,True,debt_to_equity,2.4341,0.0775,ebit_margin,0.9473,0.5194,asset_turnover,-0.7803,0.5558
NTIP,2024,Healthy,Healthy,0.024142054840922356,0.08191582560539246,0.89394211769104,True,debt_to_equity,2.9652,0.0697,ebit_margin,-0.7437,-21.0184,current_ratio,0.5194,18.9842
NTST,2021,Distressed,Distressed,0.41873520612716675,0.5693647265434265,0.011900098994374275,True,debt_to_equity,-1.564,0.3528,asset_turnover,1.2148,0.0554,current_ratio,0.7542,0.2407
NTST,2022,Distressed,Distressed,0.20436491072177887,0.7922767996788025,0.0033583056647330523,True,asset_turnover,1.9043,0.06,debt_to_equity,-0.4916,0.5171,size_bucket_micro,0.324,1.0
NTST,2023,Distressed,Distressed,0.16998320817947388,0.8260921239852905,0.003924661315977573,True,asset_turnover,2.0071,0.0678,debt_to_equity,-0.4644,0.5283,ebit_margin,-0.4209,0.2399
NTST,2024,Distressed,Distressed,0.06558071076869965,0.9315155744552612,0.0029037008062005043,True,asset_turnover,1.8783,0.072,ebit_margin,-0.6325,0.2996,net_margin,0.3622,-0.0733
NUS,2021,Healthy,At-Risk,0.8675829172134399,0.036980707198381424,0.09543637931346893,False,asset_turnover,0.2534,1.414,opex_ratio,-0.2211,0.6435,net_margin,0.1917,0.0546
NUS,2022,Healthy,At-Risk,0.8886799216270447,0.03913285955786705,0.07218722999095917,False,asset_turnover,0.2632,1.2222,opex_ratio,-0.2424,0.6449,debt_to_equity,0.2128,1.0294
NUS,2023,At-Risk,At-Risk,0.8683323264122009,0.09767872095108032,0.033988915383815765,True,opex_ratio,-0.2712,0.6547,asset_turnover,0.2341,1.0887,net_margin,0.1889,0.0044
NUS,2024,At-Risk,At-Risk,0.8148478865623474,0.1415584534406662,0.0435936413705349,True,opex_ratio,-0.3051,0.653,asset_turnover,0.2087,1.1792,current_ratio,0.169,1.8159
NVDA,2021,At-Risk,At-Risk,0.8388271927833557,0.017118552699685097,0.14405427873134613,True,debt_to_equity,0.2988,0.6604,asset_turnover,0.278,0.6091,ebit_margin,0.1288,0.3731
NVDA,2022,At-Risk,At-Risk,0.9566101431846619,0.022437186911702156,0.02095271646976471,True,asset_turnover,0.3454,0.655,debt_to_equity,0.2618,0.8634,net_margin,0.0723,0.1619
NVDA,2023,Healthy,Healthy,0.04198768734931946,0.0023297916632145643,0.9556824564933777,True,ebit_margin,1.5626,0.5194,net_margin,0.6977,0.4885,current_ratio,0.3705,4.1713
NVDA,2024,Healthy,Healthy,0.012493844144046307,0.0011070468463003635,0.9863990545272827,True,ebit_margin,1.4296,0.5194,asset_turnover,0.7522,1.1693,net_margin,0.5672,0.5585
NVTA,2021,Distressed,Distressed,0.0077699520625174046,0.9911626577377319,0.0010673668002709746,True,asset_turnover,1.1264,0.0936,ebit_margin,1.0842,-1.6903,net_margin,0.6966,-0.8231
NVTA,2022,Distressed,Distressed,0.0005661690374836326,0.9992774128913879,0.00015643934602849185,True,debt_to_equity,1.1435,18.1889,ebit_margin,1.0815,-1.3834,asset_turnover,1.0748,0.2642
NWL,2021,Distressed,At-Risk,0.7578785419464111,0.2373749315738678,0.004746555350720882,False,asset_turnover,0.3482,0.7421,debt_to_equity,0.2392,2.4317,net_margin,0.1675,0.0587
NWL,2022,Distressed,At-Risk,0.5063349008560181,0.4909530282020569,0.0027120739687234163,False,asset_turnover,0.3053,0.7132,debt_to_equity,0.232,2.7687,net_margin,0.138,0.0208
NWL,2023,Distressed,Distressed,0.3256615400314331,0.6719238758087158,0.0024146169889718294,True,debt_to_equity,0.8938,2.9084,net_margin,0.6148,-0.0477,revenue_growth,-0.3984,-0.1402
NWL,2024,Distressed,Distressed,0.26705893874168396,0.7312824130058289,0.0016586421988904476,True,debt_to_equity,0.8888,3.0,net_margin,0.6235,-0.0285,asset_turnover,0.289,0.689
OCC,2021,At-Risk,At-Risk,0.5401590466499329,0.15627704560756683,0.3035639226436615,True,debt_to_equity,0.242,0.7075,current_ratio,-0.1774,4.4695,size_bucket_micro,-0.1485,1.0
OCC,2022,At-Risk,At-Risk,0.6424401998519897,0.08682126551866531,0.27073851227760315,True,net_margin,0.2204,-0.005,debt_to_equity,0.1915,0.8302,size_bucket_micro,-0.1621,1.0
OCC,2023,At-Risk,At-Risk,0.48640647530555725,0.05170312896370888,0.4618903398513794,True,debt_to_equity,0.2383,0.7749,current_ratio,-0.2278,4.5104,net_margin,0.1504,0.0286
OEG,2021,Distressed,Distressed,0.0005367413978092372,0.9993249177932739,0.00013833108823746443,True,asset_turnover,1.1171,0.2012,debt_to_equity,1.0635,3.2833,ebit_margin,0.8332,-0.6323
OEG,2022,Distressed,Distressed,0.005025885999202728,0.9942428469657898,0.0007312300149351358,True,ebit_margin,1.2215,-0.2283,net_margin,0.8436,-0.8571,asset_turnover,-0.6953,1.1865
OLLI,2021,At-Risk,At-Risk,0.603257417678833,0.01855466142296791,0.37818795442581177,True,asset_turnover,0.1229,0.8889,net_margin,0.0913,0.0898,ebit_margin,0.0663,0.1167
OLLI,2022,At-Risk,At-Risk,0.7659250497817993,0.02569388784468174,0.2083810716867447,True,asset_turnover,0.1389,0.8938,net_margin,0.1139,0.0563,ebit_margin,0.0954,0.0717
OLO,2021,Healthy,Healthy,0.009037946350872517,0.007209538947790861,0.9837524890899658,True,debt_to_equity,3.2758,0.0771,asset_turnover,-0.4869,0.1976,current_ratio,0.4241,11.5979
OLO,2022,Healthy,Healthy,0.025458576157689095,0.02430558204650879,0.9502358436584473,True,debt_to_equity,2.9841,0.1117,ebit_margin,-0.6832,-0.2787,asset_turnover,-0.5472,0.2391
OLO,2023,Healthy,Healthy,0.23268890380859375,0.061515022069215775,0.7057960629463196,True,debt_to_equity,2.6298,0.1402,ebit_margin,-0.8175,-0.2989,asset_turnover,-0.5942,0.3073
OLO,2024,Healthy,Healthy,0.016151029616594315,0.0051839230582118034,0.9786650538444519,True,debt_to_equity,3.0761,0.1047,asset_turnover,-0.5336,0.3775,current_ratio,0.4589,7.5229
OMCL,2021,At-Risk,Distressed,0.4904423952102661,0.5071788430213928,0.0023787477985024452,False,asset_turnover,0.8801,0.5284,current_ratio,0.4421,0.8911,net_margin,-0.2617,0.0688
OMCL,2022,At-Risk,Distressed,0.49395424127578735,0.5032499432563782,0.0027958289720118046,False,ebit_margin,0.7822,-0.0018,asset_turnover,0.6059,0.5862,current_ratio,-0.2346,2.0582
OMCL,2023,At-Risk,At-Risk,0.5441135168075562,0.4520018994808197,0.0038845986127853394,True,asset_turnover,0.2,0.5151,revenue_growth,0.1641,-0.1148,debt_to_equity,0.1585,0.873
OMCL,2024,At-Risk,At-Risk,0.6565722823143005,0.338713675737381,0.0047140102833509445,True,debt_to_equity,0.2135,0.7059,asset_turnover,0.181,0.5244,net_margin,0.1796,0.0113
OMEX,2021,Distressed,Distressed,0.0010782998288050294,0.9986124038696289,0.0003093331179115921,True,asset_turnover,1.0101,0.1034,ebit_margin,0.8488,-16.2294,debt_to_equity,0.5792,1.1519
OMEX,2022,Distressed,Distressed,0.0006626670365221798,0.9991704225540161,0.00016691577911842614,True,asset_turnover,0.9959,0.0962,ebit_margin,0.8254,-12.7834,debt_to_equity,0.5976,1.1519
OMEX,2023,Distressed,Distressed,0.002365762833505869,0.9969338178634644,0.0007004020735621452,True,asset_turnover,1.2436,0.0353,ebit_margin,0.8623,-12.8609,debt_to_equity,0.613,1.1519
OPFI,2021,At-Risk,At-Risk,0.7205727696418762,0.2681533992290497,0.011273819953203201,True,asset_turnover,0.2577,0.527,debt_to_equity,0.2191,2.1803,gross_margin,0.172,0.8017
OPK,2021,At-Risk,At-Risk,0.9279860854148865,0.05698230117559433,0.015031689777970314,True,asset_turnover,0.291,0.7396,net_margin,0.1485,-0.017,ebit_margin,0.1275,-0.0081
OPK,2022,Distressed,Distressed,0.1658647656440735,0.8195716738700867,0.01456350740045309,True,ebit_margin,1.0185,-0.2451,net_margin,0.8072,-0.327,debt_to_equity,-0.7226,0.3878
OPK,2023,Distressed,Distressed,0.16672690212726593,0.8277062177658081,0.00556689640507102,True,ebit_margin,0.8938,-0.183,net_margin,0.7293,-0.2187,asset_turnover,0.5553,0.4292
OPK,2024,Distressed,Distressed,0.07472364604473114,0.9220178723335266,0.003258489305153489,True,ebit_margin,1.1941,-0.3836,asset_turnover,0.8991,0.3241,net_margin,0.448,-0.0746
ORCL,2022,Distressed,Distressed,0.2592233717441559,0.724661111831665,0.01611548475921154,True,ebit_margin,-1.151,0.373,negative_equity,0.725,1.0,asset_turnover,0.656,0.3883
ORCL,2023,Distressed,Distressed,0.07028715312480927,0.9236727952957153,0.006040065549314022,True,asset_turnover,1.1991,0.3717,debt_to_equity,1.1719,33.065,ebit_margin,-1.0352,0.2757
ORCL,2024,Distressed,Distressed,0.10315947234630585,0.8852148056030273,0.011625762097537518,True,debt_to_equity,1.1595,14.2588,ebit_margin,-1.1452,0.3034,asset_turnover,1.0743,0.3757
ORTX,2021,Distressed,Distressed,0.009672354906797409,0.9884623885154724,0.0018652614671736956,True,ebit_margin,1.1265,-21.0184,net_margin,0.912,-24.696,asset_turnover,0.8776,0.0223
ORTX,2022,Distressed,Distressed,0.0011674398556351662,0.9986152648925781,0.00021728464344050735,True,asset_turnover,1.0156,0.1035,ebit_margin,0.9816,-5.6097,net_margin,0.6953,-6.6502
OSIS,2022,At-Risk,At-Risk,0.9662842154502869,0.02815265953540802,0.005563164595514536,True,asset_turnover,0.3604,0.8199,debt_to_equity,0.2273,1.2605,net_margin,0.1716,0.0975
OSIS,2023,At-Risk,At-Risk,0.9649521708488464,0.02728392370045185,0.007763966917991638,True,asset_turnover,0.3741,0.8218,debt_to_equity,0.2214,1.1423,net_margin,0.1557,0.0718
OSIS,2024,At-Risk,At-Risk,0.9515746235847473,0.03866563364863396,0.009759774431586266,True,asset_turnover,0.3773,0.7948,debt_to_equity,0.2221,1.2421,net_margin,0.133,0.0833
OSS,2021,Healthy,Healthy,0.04352249950170517,0.013204323127865791,0.9432732462882996,True,debt_to_equity,1.7794,0.2296,asset_turnover,0.3469,1.2014,current_ratio,0.3289,3.9022
OSS,2022,Healthy,Healthy,0.09615013003349304,0.027802851051092148,0.8760469555854797,True,debt_to_equity,1.5789,0.2717,net_margin,-0.4911,-0.0308,asset_turnover,0.4247,1.2849
OSS,2023,Healthy,Healthy,0.20723700523376465,0.090727299451828,0.702035665512085,True,debt_to_equity,1.4561,0.2194,ebit_margin,-1.3432,-0.0376,current_ratio,0.4245,6.1755
OSS,2024,Distressed,Distressed,0.06875958293676376,0.9207909107208252,0.01044952217489481,True,ebit_margin,1.2889,-0.6378,net_margin,0.8697,-0.5552,debt_to_equity,-0.5966,0.3593
OUST,2021,Distressed,Distressed,0.1796756386756897,0.7609119415283203,0.05941244959831238,True,debt_to_equity,-1.8452,0.1803,ebit_margin,0.9893,-2.9695,net_margin,0.8373,-2.7989
OUST,2022,Distressed,Distressed,0.007721844129264355,0.9913560152053833,0.0009220959036611021,True,ebit_margin,1.1171,-3.5444,asset_turnover,1.0168,0.1602,net_margin,0.855,-3.3771
OUST,2023,Distressed,Distressed,0.0022006528452038765,0.9975408315658569,0.00025849053054116666,True,ebit_margin,1.0925,-2.4798,asset_turnover,0.992,0.2518,net_margin,0.7486,-4.4922
OUST,2024,Distressed,Distressed,0.004959905985742807,0.9945611357688904,0.0004789278609678149,True,ebit_margin,1.2368,-0.9377,net_margin,0.9245,-0.8735,asset_turnover,0.5689,0.4023
PACK,2021,Distressed,Distressed,0.07106528431177139,0.9274116158485413,0.0015230311546474695,True,asset_turnover,1.6618,0.3164,debt_to_equity,0.4307,0.9073,ebit_margin,0.4174,0.0318
PACK,2022,Distressed,Distressed,0.02997380681335926,0.9683473110198975,0.0016788706416264176,True,asset_turnover,1.1661,0.288,ebit_margin,0.9204,-0.1302,net_margin,0.5034,-0.1268
PACK,2023,Distressed,Distressed,0.032185010612010956,0.9668553471565247,0.0009596408344805241,True,asset_turnover,1.4494,0.2995,debt_to_equity,0.5089,0.9628,ebit_margin,0.4601,-0.0223
PACK,2024,Distressed,Distressed,0.024419641122221947,0.9747605323791504,0.000819853856228292,True,asset_turnover,1.3882,0.3341,debt_to_equity,0.6337,1.0146,ebit_margin,0.5445,-0.0347
PAY,2021,Healthy,Healthy,0.31401708722114563,0.02708706259727478,0.6588958501815796,True,debt_to_equity,1.5965,0.2248,asset_turnover,-0.5527,0.8363,revenue_growth,-0.2234,0.3107
PAY,2022,Healthy,Healthy,0.0387149341404438,0.008701125159859657,0.9525839686393738,True,debt_to_equity,2.3416,0.162,current_ratio,0.3938,4.4462,ebit_margin,-0.3887,-0.006
PAY,2023,Healthy,Healthy,0.018163535743951797,0.0038957891520112753,0.9779406785964966,True,debt_to_equity,2.1344,0.1751,current_ratio,0.4602,4.3057,ebit_margin,-0.2095,0.0294
PAY,2024,Healthy,Healthy,0.013073318637907505,0.0016137714264914393,0.9853128790855408,True,debt_to_equity,1.8346,0.1867,asset_turnover,0.7513,1.5128,current_ratio,0.4512,4.2384
PCH,2021,At-Risk,At-Risk,0.9395973086357117,0.015351908281445503,0.045050863176584244,True,asset_turnover,0.347,0.5275,debt_to_equity,0.3082,0.6612,ebit_margin,0.1569,0.4099
PCH,2022,At-Risk,At-Risk,0.9174224138259888,0.016786416992545128,0.06579115241765976,True,debt_to_equity,0.4376,0.5689,asset_turnover,0.2839,0.3748,ebit_margin,0.1638,0.3362
PCH,2023,Distressed,Distressed,0.4126977324485779,0.5796396136283875,0.007662623189389706,True,asset_turnover,1.7991,0.2985,debt_to_equity,-0.3032,0.5804,revenue_growth,-0.2871,-0.2305
PCH,2024,Distressed,Distressed,0.3876437246799469,0.6070829629898071,0.005273270886391401,True,asset_turnover,1.4913,0.3213,ebit_margin,0.4217,0.0313,current_ratio,0.3413,1.4936
PCRX,2021,Distressed,Distressed,0.04931558668613434,0.9489796161651611,0.001704743248410523,True,asset_turnover,2.0559,0.2609,debt_to_equity,0.9162,1.8414,ebit_margin,-0.7854,0.2453
PCRX,2022,Distressed,Distressed,0.1701604425907135,0.8273972868919373,0.002442293567582965,True,asset_turnover,1.2427,0.3966,debt_to_equity,0.7081,1.1693,current_ratio,-0.3987,3.5941
PCRX,2023,At-Risk,At-Risk,0.7436022758483887,0.23636788129806519,0.020029813051223755,True,debt_to_equity,0.2325,0.8094,opex_ratio,-0.2292,0.597,asset_turnover,0.2163,0.4287
PCRX,2024,Distressed,Distressed,0.2172289937734604,0.7775372266769409,0.00523380609229207,True,net_margin,0.6503,-0.142,ebit_margin,-0.6235,0.1392,asset_turnover,0.5413,0.4512
PD,2021,Distressed,Distressed,0.00260422145947814,0.9972125887870789,0.00018322835967410356,True,debt_to_equity,1.1448,2.0207,ebit_margin,1.0722,-0.3615,asset_turnover,0.9834,0.3489
PD,2022,Distressed,Distressed,0.002379389712586999,0.9974658489227295,0.00015478413843084127,True,ebit_margin,1.1329,-0.3489,debt_to_equity,1.1309,2.3784,asset_turnover,0.7245,0.4534
PD,2023,Distressed,Distressed,0.002862603170797229,0.9969527721405029,0.000184664546395652,True,debt_to_equity,1.314,4.1724,ebit_margin,1.0356,-0.2235,asset_turnover,0.6507,0.4655
PD,2024,Distressed,Distressed,0.0033753865864127874,0.9964159727096558,0.0002085912856273353,True,debt_to_equity,1.3645,5.2634,ebit_margin,0.9849,-0.1279,asset_turnover,0.6583,0.5042
PDEX,2022,At-Risk,At-Risk,0.9496203660964966,0.034274421632289886,0.016105208545923233,True,debt_to_equity,0.3237,0.9303,asset_turnover,0.3233,0.8564,net_margin,0.1826,0.1088
PDEX,2023,At-Risk,At-Risk,0.7559347748756409,0.07157929986715317,0.17248599231243134,True,debt_to_equity,0.3581,0.6405,asset_turnover,0.1723,0.8893,size_bucket_micro,-0.1369,1.0
PDEX,2024,At-Risk,At-Risk,0.7073076367378235,0.08202475309371948,0.21066759526729584,True,debt_to_equity,0.3139,0.7001,asset_turnover,0.2192,1.026,net_margin,0.1428,0.0395
PESI,2021,Distressed,Distressed,0.4387124180793762,0.5553489327430725,0.005938679911196232,True,ebit_margin,1.1365,-0.0937,size_bucket_micro,0.5515,1.0,asset_turnover,-0.36,0.9339
PETS,2021,Healthy,Healthy,0.006759980693459511,0.0007307312916964293,0.9925092458724976,True,debt_to_equity,1.3134,0.2401,asset_turnover,1.1557,1.5443,current_ratio,0.35,4.5485
PETS,2022,Healthy,Healthy,0.48391449451446533,0.024507008492946625,0.49157848954200745,True,asset_turnover,1.1085,1.4782,ebit_margin,-0.606,0.0244,net_margin,-0.3559,0.0208
PETS,2023,At-Risk,At-Risk,0.8087851405143738,0.11025620251893997,0.08095865696668625,True,net_margin,0.1867,-0.0272,debt_to_equity,0.1825,0.7563,ebit_margin,0.1031,-0.0298
PETS,2024,At-Risk,At-Risk,0.6699408292770386,0.19778108596801758,0.13227809965610504,True,debt_to_equity,0.2535,0.7467,size_bucket_micro,-0.2341,1.0,net_margin,0.1523,-0.0276
PFMT,2021,At-Risk,At-Risk,0.667559027671814,0.18092794716358185,0.15151306986808777,True,size_bucket_micro,-0.1496,1.0,ebit_margin,0.1472,-0.0106,net_margin,0.1235,-0.0827
PFMT,2022,At-Risk,At-Risk,0.6786360740661621,0.20919165015220642,0.11217227578163147,True,ebit_margin,0.1429,-0.0632,net_margin,0.1301,-0.0599,size_bucket_micro,-0.1189,1.0
PFMT,2023,At-Risk,At-Risk,0.587402880191803,0.12670445442199707,0.28589269518852234,True,ebit_margin,0.3722,-0.0539,net_margin,0.1874,-0.0661,debt_to_equity,-0.1623,0.227
PFMT,2024,At-Risk,At-Risk,0.6031890511512756,0.2947973608970642,0.10201355069875717,True,ebit_margin,0.2868,-0.0772,net_margin,0.1505,-0.0805,current_ratio,0.1293,2.7455
PGTI,2021,At-Risk,At-Risk,0.9364405274391174,0.05773257836699486,0.005826903041452169,True,asset_turnover,0.3579,0.7952,debt_to_equity,0.197,1.5808,net_margin,0.1618,0.0231
PGTI,2022,At-Risk,At-Risk,0.9638425707817078,0.026895632967352867,0.00926185306161642,True,asset_turnover,0.3698,0.9096,debt_to_equity,0.2176,1.475,net_margin,0.1684,0.0663
PGTI,2023,At-Risk,At-Risk,0.9608134031295776,0.01915867067873478,0.02002793364226818,True,asset_turnover,0.3205,0.9533,debt_to_equity,0.2501,1.3912,net_margin,0.1717,0.0714
PGY,2022,At-Risk,At-Risk,0.6764003038406372,0.30484580993652344,0.018753860145807266,True,debt_to_equity,0.5855,0.3654,net_margin,-0.2876,-0.4037,asset_turnover,0.1479,0.7166
PGY,2023,Distressed,Distressed,0.33128803968429565,0.6536569595336914,0.015054996125400066,True,net_margin,0.7203,-0.1582,ebit_margin,0.4145,-0.03,current_ratio,-0.3458,4.7636
PGY,2024,Distressed,Distressed,0.4076594114303589,0.583257257938385,0.009083367884159088,True,net_margin,0.9248,-0.3889,asset_turnover,-0.6761,0.7995,debt_to_equity,0.5057,1.5031
PIXY,2021,Distressed,Distressed,0.004405271261930466,0.9950172305107117,0.0005774619639851153,True,ebit_margin,1.1372,-1.1676,net_margin,0.8535,-1.2757,asset_turnover,0.5721,0.3721
PLAB,2021,At-Risk,Healthy,0.47082972526550293,0.016167329624295235,0.5130029320716858,False,asset_turnover,-1.5125,0.5129,debt_to_equity,1.3687,0.2935,ebit_margin,0.2979,0.1425
PLAB,2022,Healthy,Healthy,0.08609355986118317,0.003904002020135522,0.9100024104118347,True,debt_to_equity,1.7394,0.2389,asset_turnover,-1.094,0.6266,ebit_margin,0.8408,0.2569
PLAB,2023,Healthy,Healthy,0.021813634783029556,0.0014393854653462768,0.9767469763755798,True,debt_to_equity,2.1496,0.1965,asset_turnover,-1.006,0.5845,ebit_margin,0.8186,0.2837
PLAB,2024,Healthy,Healthy,0.01618981547653675,0.0013428645906969905,0.9824673533439636,True,debt_to_equity,2.478,0.1562,asset_turnover,-1.1561,0.5064,ebit_margin,0.6015,0.2555
PLAN,2021,Distressed,Distressed,0.0024346094578504562,0.9972963929176331,0.0002690261462703347,True,ebit_margin,1.2709,-0.3389,debt_to_equity,0.8653,2.1695,net_margin,0.6778,-0.3438
PLD,2021,Distressed,Distressed,0.3549424707889557,0.627717137336731,0.01734033040702343,True,asset_turnover,2.3145,0.0814,current_ratio,0.7738,0.4047,ebit_margin,-0.6356,0.3398
PLD,2022,Distressed,Distressed,0.31732678413391113,0.6700533032417297,0.012619939632713795,True,asset_turnover,2.2494,0.068,current_ratio,0.8238,0.1315,ebit_margin,-0.6494,0.3817
PLD,2023,Distressed,Distressed,0.2411373257637024,0.749819278717041,0.009043343365192413,True,asset_turnover,2.3565,0.0863,current_ratio,0.8117,0.1601,ebit_margin,-0.7082,0.3844
PLD,2024,Distressed,Distressed,0.2689306139945984,0.7109171152114868,0.020152246579527855,True,asset_turnover,2.4125,0.086,current_ratio,0.8032,0.2687,ebit_margin,-0.7381,0.3777
PLNHF,2022,At-Risk,At-Risk,0.7814076542854309,0.1056801900267601,0.11291218549013138,True,debt_to_equity,0.5241,0.241,net_margin,-0.327,-0.5694,asset_turnover,0.155,0.4752
PLNHF,2023,Distressed,Distressed,0.21779252588748932,0.7748205065727234,0.00738698523491621,True,net_margin,0.9184,-0.7473,ebit_margin,0.7667,-0.1447,debt_to_equity,-0.6113,0.4098
PLNHF,2024,Distressed,Distressed,0.01073004212230444,0.9886647462844849,0.0006051668897271156,True,ebit_margin,1.0952,-0.1223,net_margin,0.8294,-0.4106,debt_to_equity,0.377,0.8341
PLX,2021,Distressed,Distressed,0.0027143924962729216,0.9968076944351196,0.0004779290175065398,True,ebit_margin,1.1369,-0.5336,net_margin,0.6353,-0.7192,debt_to_equity,0.6144,1.1519
PLX,2022,Distressed,Distressed,0.0010190621251240373,0.9986667633056641,0.0003141864144708961,True,ebit_margin,1.3603,-0.2732,net_margin,0.6021,-0.3133,debt_to_equity,0.5859,1.1519
PLX,2023,Distressed,At-Risk,0.852536678314209,0.13308724761009216,0.014376036822795868,False,asset_turnover,0.3001,0.7757,size_bucket_micro,-0.2992,1.0,net_margin,0.1763,0.1269
PLX,2024,Distressed,At-Risk,0.8467296361923218,0.14395689964294434,0.009313452988862991,False,debt_to_equity,0.2966,0.699,asset_turnover,0.2627,0.7273,net_margin,0.1693,0.0549
PLYA,2021,Distressed,Distressed,0.004002411384135485,0.9957661628723145,0.00023143424186855555,True,asset_turnover,1.5612,0.2598,debt_to_equity,1.222,2.2617,net_margin,0.4383,-0.1677
PLYA,2022,Distressed,Distressed,0.085026815533638,0.9141910672187805,0.0007821556064300239,True,asset_turnover,1.6171,0.4137,debt_to_equity,1.204,2.1132,leverage_tier_high,0.263,1.0
PLYA,2023,Distressed,Distressed,0.24036914110183716,0.7578220963478088,0.001808764529414475,True,asset_turnover,1.1739,0.5055,debt_to_equity,1.1231,2.4855,ebit_margin,-0.4411,0.1779
PLYA,2024,Distressed,Distressed,0.3260328769683838,0.6715770959854126,0.0023900256492197514,True,asset_turnover,1.1378,0.5148,debt_to_equity,1.1003,2.7832,ebit_margin,-0.4313,0.1626
PNW,2021,Distressed,Distressed,0.01137501560151577,0.9879274964332581,0.0006974805728532374,True,asset_turnover,2.6784,0.1729,debt_to_equity,0.9725,2.6541,ebit_margin,-0.4726,0.205
PNW,2022,Distressed,Distressed,0.009185959585011005,0.9903500080108643,0.00046411564107984304,True,asset_turnover,2.7203,0.1903,debt_to_equity,0.9989,2.6889,ebit_margin,-0.3498,0.1571
PNW,2023,Distressed,Distressed,0.00813829805701971,0.9914736747741699,0.00038800251786597073,True,asset_turnover,2.6855,0.1904,debt_to_equity,1.0169,2.9239,current_ratio,0.4452,0.6669
POST,2024,Distressed,Distressed,0.46810710430145264,0.5292407870292664,0.002652142196893692,True,debt_to_equity,0.9545,2.1342,asset_turnover,0.6533,0.6164,leverage_tier_high,0.369,1.0
POWL,2021,At-Risk,At-Risk,0.6532455086708069,0.05900806188583374,0.28774645924568176,True,net_margin,0.1322,0.0013,debt_to_equity,-0.1065,0.4481,ebit_margin,0.0898,0.0022
POWL,2022,At-Risk,At-Risk,0.8603455424308777,0.0737326592206955,0.0659218356013298,True,debt_to_equity,0.2728,0.6601,asset_turnover,0.2257,1.0795,net_margin,0.135,0.0258
POWL,2023,At-Risk,At-Risk,0.9429823756217957,0.04855326935648918,0.00846437830477953,True,asset_turnover,0.3909,0.9296,debt_to_equity,0.2232,1.124,net_margin,0.1444,0.078
POWL,2024,At-Risk,At-Risk,0.8447877168655396,0.012657552026212215,0.14255471527576447,True,asset_turnover,0.3302,1.0907,debt_to_equity,0.2857,0.8747,opex_ratio,0.1619,0.0932
PPSI,2021,At-Risk,Distressed,0.47101831436157227,0.4986763596534729,0.03030538186430931,False,ebit_margin,0.7977,-0.2109,debt_to_equity,-0.7179,0.4283,net_margin,0.3625,-0.1183
PPSI,2022,Distressed,Distressed,0.007526460103690624,0.9919993281364441,0.00047422703937627375,True,ebit_margin,1.2054,-0.2245,debt_to_equity,0.7009,1.3355,net_margin,0.6968,-0.2094
PPSI,2023,Distressed,Distressed,0.0022500238846987486,0.9973709583282471,0.00037903556949459016,True,ebit_margin,1.0772,-0.6329,asset_turnover,0.9115,0.3366,debt_to_equity,0.7556,1.3225
PRPL,2021,Distressed,At-Risk,0.6726350784301758,0.31896018981933594,0.008404714986681938,False,asset_turnover,0.2588,1.1285,net_margin,0.2017,0.0043,debt_to_equity,0.1451,3.3842
PRPL,2022,Distressed,Distressed,0.44862034916877747,0.5277484655380249,0.023631194606423378,True,asset_turnover,-1.4418,1.3228,ebit_margin,1.1314,-0.0746,net_margin,0.5796,-0.1613
PRPL,2023,Distressed,Distressed,0.07339318841695786,0.9160684943199158,0.010538258589804173,True,ebit_margin,1.5459,-0.2093,asset_turnover,-1.3674,1.307,net_margin,0.7396,-0.2365
PRPL,2024,Distressed,Distressed,0.030861258506774902,0.9435356855392456,0.0256030336022377,True,asset_turnover,-1.6743,1.5848,ebit_margin,1.3971,-0.148,debt_to_equity,0.8419,14.2331
PRPO,2021,Distressed,Distressed,0.14574269950389862,0.8443512916564941,0.009905981831252575,True,debt_to_equity,-1.4257,0.2372,ebit_margin,1.1738,-1.0863,net_margin,0.76,-0.964
PRPO,2022,Distressed,Distressed,0.02098596841096878,0.9754437208175659,0.0035702998284250498,True,ebit_margin,1.3799,-1.3596,net_margin,0.9412,-1.2965,debt_to_equity,-0.857,0.3139
PRPO,2023,Distressed,Distressed,0.1118079423904419,0.8761715292930603,0.012020555324852467,True,ebit_margin,1.3393,-0.5014,debt_to_equity,-1.185,0.2545,net_margin,0.6535,-0.3851
PRPO,2024,Distressed,Distressed,0.04091496393084526,0.9562821984291077,0.002802862785756588,True,ebit_margin,1.1519,-0.2275,net_margin,0.7082,-0.2315,debt_to_equity,-0.4993,0.4053
PSA,2022,Distressed,At-Risk,0.6022966504096985,0.35714203119277954,0.04056130722165108,False,asset_turnover,-0.4513,0.2383,debt_to_equity,0.346,0.7264,ebit_margin,0.2676,0.5187
PSA,2023,Distressed,Distressed,0.3556779623031616,0.594481885433197,0.049840111285448074,True,asset_turnover,1.7666,0.2281,ebit_margin,-1.1904,0.5133,current_ratio,0.7338,0.121
PSA,2024,Distressed,Distressed,0.3053194582462311,0.6204977035522461,0.07418280094861984,True,asset_turnover,1.9373,0.2377,ebit_margin,-1.2146,0.4688,net_margin,-0.5264,0.4413
PSTG,2021,Distressed,Distressed,0.049025386571884155,0.9505274295806885,0.0004471781721804291,True,debt_to_equity,1.1324,3.1564,ebit_margin,0.7794,-0.0451,net_margin,0.4224,-0.0657
PSTG,2022,Distressed,Distressed,0.23627954721450806,0.761474072933197,0.0022463216446340084,True,ebit_margin,0.7074,0.0303,debt_to_equity,0.705,2.7647,opex_ratio,0.3549,0.6589
PTCT,2021,Distressed,Distressed,0.0007006214582361281,0.999134361743927,0.00016505805251654238,True,debt_to_equity,1.2005,33.065,asset_turnover,1.1318,0.2779,ebit_margin,0.9134,-0.6962
PTCT,2022,Distressed,Distressed,0.0006720424280501902,0.9991706609725952,0.00015735506894998252,True,ebit_margin,1.0228,-0.6295,asset_turnover,0.7027,0.4097,debt_to_equity,0.6755,1.1519
PTCT,2023,Distressed,Distressed,0.0011858243960887194,0.9985905289649963,0.00022360251750797033,True,ebit_margin,1.0326,-0.3726,net_margin,0.6316,-0.6681,debt_to_equity,0.6206,1.1519
PTCT,2024,Distressed,Distressed,0.003559887409210205,0.9958628416061401,0.0005772396107204258,True,ebit_margin,0.891,-0.1819,debt_to_equity,0.7033,1.1519,net_margin,0.5722,-0.4503
PTE,2021,Distressed,Distressed,0.004802062641829252,0.9944954514503479,0.0007024568622000515,True,ebit_margin,1.2583,-3.443,net_margin,0.9142,-3.21,asset_turnover,0.8049,0.3016
PTE,2022,Distressed,Distressed,0.021771961823105812,0.9739211797714233,0.004306875169277191,True,ebit_margin,1.1446,-21.0184,net_margin,1.0547,-9.6229,debt_to_equity,-0.6779,0.3748
PTRA,2021,Distressed,Distressed,0.18222275376319885,0.8028452396392822,0.014932026155292988,True,ebit_margin,1.1425,-0.5255,debt_to_equity,-0.9486,0.3634,net_margin,0.9122,-1.0294
PTRA,2022,Distressed,Distressed,0.011295449919998646,0.9877793192863464,0.0009253076859749854,True,ebit_margin,1.2686,-0.7139,net_margin,0.8917,-0.7692,asset_turnover,0.6911,0.3681
PUBM,2021,At-Risk,At-Risk,0.5801149010658264,0.4093658924102783,0.010519174858927727,True,size_bucket_micro,-0.31,1.0,asset_turnover,0.2214,0.4124,ebit_margin,0.0902,0.2591
PUBM,2022,At-Risk,Distressed,0.3852829039096832,0.6101757884025574,0.00454125739634037,False,asset_turnover,1.33,0.3992,net_margin,-0.4042,0.112,ebit_margin,-0.3997,0.158
PUBM,2023,Distressed,Distressed,0.032973501831293106,0.9663378596305847,0.0006886682822369039,True,asset_turnover,1.3356,0.3841,debt_to_equity,0.8462,1.3472,ebit_margin,0.6509,0.0076
PUBM,2024,Distressed,Distressed,0.019947150722146034,0.979718804359436,0.00033402987173758447,True,asset_turnover,1.4308,0.3938,debt_to_equity,1.1467,1.6672,ebit_margin,0.6793,0.0135
PURE,2022,Distressed,Distressed,0.1630922257900238,0.7779772877693176,0.05893046408891678,True,debt_to_equity,-1.6701,0.1471,ebit_margin,1.1425,-1.8187,net_margin,0.9078,-1.884
PURE,2023,Distressed,Distressed,0.002338079269975424,0.9967603087425232,0.0009016312542371452,True,ebit_margin,1.6273,-1.9329,net_margin,0.9061,-2.1103,debt_to_equity,0.8136,5.7096
PURE,2024,Distressed,Distressed,0.00257843523286283,0.9939279556274414,0.003493586787953973,True,ebit_margin,1.4905,-1.595,asset_turnover,-0.8999,2.3998,net_margin,0.7994,-1.7066
PYCR,2022,Distressed,Distressed,0.0014220851007848978,0.9983682036399841,0.00020975155348423868,True,asset_turnover,1.2859,0.1371,ebit_margin,0.9163,-0.3252,debt_to_equity,0.8033,1.4373
PYCR,2023,Distressed,Distressed,0.0022685988806188107,0.9974907636642456,0.0002406015555607155,True,asset_turnover,1.249,0.2175,ebit_margin,0.8391,-0.1894,debt_to_equity,0.6265,0.9951
PYCR,2024,Distressed,Distressed,0.003959864377975464,0.9957748055458069,0.0002653847332112491,True,asset_turnover,1.3721,0.251,ebit_margin,0.7359,-0.0847,debt_to_equity,0.6215,1.0276
QSR,2021,Distressed,Distressed,0.025116614997386932,0.9736014008522034,0.001281952136196196,True,asset_turnover,2.3576,0.2469,debt_to_equity,1.1328,5.0332,ebit_margin,-0.8361,0.3281
QSR,2022,Distressed,Distressed,0.03706052899360657,0.961062490940094,0.0018769865855574608,True,asset_turnover,2.1987,0.286,debt_to_equity,1.2326,4.3294,ebit_margin,-0.8832,0.2985
QSR,2023,Distressed,Distressed,0.044382549822330475,0.9527317881584167,0.002885646652430296,True,asset_turnover,2.1477,0.3002,debt_to_equity,1.1784,3.9452,ebit_margin,-0.9318,0.2909
QSR,2024,Distressed,Distressed,0.08482952415943146,0.9128276109695435,0.0023428553249686956,True,asset_turnover,1.7802,0.3413,debt_to_equity,1.2355,4.0861,ebit_margin,-0.9411,0.2796
QURE,2022,Distressed,Distressed,0.012100153602659702,0.9856428503990173,0.0022570742294192314,True,ebit_margin,1.0998,-1.4041,asset_turnover,0.9794,0.151,net_margin,0.8122,-1.1907
QURE,2023,Distressed,Distressed,0.0010406371438875794,0.9987006187438965,0.000258708925684914,True,asset_turnover,1.18,0.0223,debt_to_equity,0.9186,3.0049,ebit_margin,0.9059,-18.1304
QURE,2024,Distressed,Distressed,0.0007145855925045907,0.9991068243980408,0.0001786240900401026,True,asset_turnover,0.9525,0.0487,ebit_margin,0.8454,-6.9194,debt_to_equity,0.652,1.1519
RAD,2021,At-Risk,Healthy,0.043954312801361084,0.01715659908950329,0.9388890862464905,False,asset_turnover,3.4346,2.8806,net_margin,-0.5205,-0.0219,debt_to_equity,-0.4478,33.065
RAD,2022,At-Risk,Healthy,0.1053643599152565,0.12821346521377563,0.7664221525192261,False,asset_turnover,3.3012,3.2006,debt_to_equity,-0.7082,1.1519,net_margin,-0.5217,-0.0311
RBBN,2021,Distressed,Distressed,0.03263383358716965,0.9664540886878967,0.0009120568283833563,True,debt_to_equity,0.8241,1.5566,net_margin,0.7619,-0.2097,ebit_margin,0.7193,0.0207
RBBN,2022,Distressed,Distressed,0.03757131099700928,0.9614513516426086,0.0009774076752364635,True,ebit_margin,0.9402,-0.0381,debt_to_equity,0.7817,1.4219,net_margin,0.5614,-0.1196
RBBN,2023,Distressed,Distressed,0.103289395570755,0.895746648311615,0.0009639444760978222,True,ebit_margin,0.7796,-0.0044,debt_to_equity,0.7456,1.2607,net_margin,0.615,-0.0801
RBBN,2024,Distressed,Distressed,0.11976445466279984,0.879235565662384,0.0009999906178563833,True,debt_to_equity,0.9597,1.8732,ebit_margin,0.695,0.0324,net_margin,0.6319,-0.065
REPX,2024,At-Risk,At-Risk,0.796612560749054,0.15614809095859528,0.04723937064409256,True,ebit_margin,0.2295,0.4796,gross_margin,-0.2158,0.9635,asset_turnover,0.2116,0.4129
RHE,2021,Distressed,Distressed,0.0023183682933449745,0.9972795844078064,0.0004020351043436676,True,asset_turnover,1.8076,0.2525,debt_to_equity,1.2531,9.167,net_margin,0.2861,-0.0443
RHE,2022,Distressed,Distressed,0.002772190608084202,0.9968410730361938,0.00038676720578223467,True,debt_to_equity,1.3304,17.4553,asset_turnover,0.8129,0.5238,ebit_margin,0.4882,0.0264
RHE,2023,Distressed,Distressed,0.004673171788454056,0.9943828582763672,0.0009439138229936361,True,asset_turnover,1.2131,0.276,debt_to_equity,0.7579,1.1519,net_margin,0.4173,-0.2265
RHE,2024,Distressed,Distressed,0.005746560171246529,0.9938402771949768,0.00041323687764815986,True,asset_turnover,1.201,0.3032,debt_to_equity,0.7457,1.1519,current_ratio,0.5363,0.3342
RICK,2021,At-Risk,At-Risk,0.759308934211731,0.2326551079750061,0.00803600437939167,True,asset_turnover,0.2764,0.5355,size_bucket_micro,-0.2173,1.0,opex_ratio,-0.2126,0.6487
RICK,2022,At-Risk,At-Risk,0.6451610326766968,0.3459354043006897,0.008903557434678078,True,asset_turnover,0.3126,0.5042,opex_ratio,-0.237,0.5967,net_margin,0.1394,0.172
RICK,2023,At-Risk,Distressed,0.39282849431037903,0.601294755935669,0.005876753479242325,False,ebit_margin,-0.8581,0.2284,debt_to_equity,0.6049,1.1715,asset_turnover,0.5254,0.4809
RICK,2024,At-Risk,Distressed,0.22723571956157684,0.76911860704422,0.003645664546638727,False,debt_to_equity,0.6244,1.221,asset_turnover,0.5885,0.5059,ebit_margin,-0.5752,0.1873
RLBY,2022,Healthy,At-Risk,0.5915616750717163,0.2930227518081665,0.11541562527418137,False,asset_turnover,-0.3211,1.907,net_margin,0.3059,-0.0287,ebit_margin,0.2342,-0.0352
ROG,2021,At-Risk,At-Risk,0.9141881465911865,0.025060569867491722,0.06075121462345123,True,asset_turnover,0.4683,0.5836,cost_growth,-0.1298,0.1244,debt_to_equity,0.116,0.4287
ROG,2022,At-Risk,At-Risk,0.8680828809738159,0.011677734553813934,0.12023933231830597,True,asset_turnover,0.4636,0.59,current_ratio,-0.1347,4.6309,opex_ratio,0.0774,0.1133
ROG,2023,Healthy,Healthy,0.0882146954536438,0.005864574573934078,0.9059207439422607,True,debt_to_equity,2.069,0.2051,asset_turnover,-0.9807,0.5987,current_ratio,0.2018,3.599
ROG,2024,Healthy,Healthy,0.05556182190775871,0.007004036568105221,0.9374341368675232,True,debt_to_equity,2.3307,0.1834,asset_turnover,-0.846,0.5605,current_ratio,0.2528,3.9992
ROVR,2021,Distressed,Distressed,0.47788554430007935,0.5102624893188477,0.011851992458105087,True,debt_to_equity,-1.1922,0.3574,net_margin,0.7005,-0.5831,asset_turnover,0.517,0.2766
ROVR,2022,Distressed,At-Risk,0.8195587396621704,0.17117108404636383,0.00927015021443367,False,debt_to_equity,0.6931,0.3568,cost_growth,0.3002,0.6057,net_margin,-0.1899,-0.1263
RRR,2021,Distressed,Distressed,0.21604199707508087,0.7724257707595825,0.011532215401530266,True,debt_to_equity,1.233,33.065,ebit_margin,-1.183,0.3465,asset_turnover,0.7337,0.5152
RRR,2022,Distressed,Distressed,0.3396015763282776,0.6344180107116699,0.025980394333600998,True,ebit_margin,-1.2805,0.3568,debt_to_equity,1.1757,33.065,asset_turnover,0.6146,0.4973
RRR,2023,Distressed,Distressed,0.23849311470985413,0.741644561290741,0.019862327724695206,True,ebit_margin,-1.2529,0.3426,debt_to_equity,1.1483,15.2145,asset_turnover,0.8253,0.436
RRR,2024,Distressed,Distressed,0.2278827726840973,0.7629494667053223,0.00916773360222578,True,debt_to_equity,1.179,12.1848,ebit_margin,-1.1675,0.2967,asset_turnover,0.7921,0.4793
RTX,2021,Distressed,Distressed,0.1672065258026123,0.8312697410583496,0.001523718237876892,True,asset_turnover,1.5691,0.3989,debt_to_equity,0.5698,1.1607,current_ratio,0.3654,1.1862
RTX,2022,Distressed,Distressed,0.2333061546087265,0.7650798559188843,0.0016139495419338346,True,asset_turnover,1.5044,0.4222,debt_to_equity,0.5023,1.1406,current_ratio,0.4612,1.0851
RTX,2023,Distressed,Distressed,0.09853745996952057,0.9005318284034729,0.0009306882857345045,True,asset_turnover,1.4878,0.4258,debt_to_equity,0.9708,1.6344,current_ratio,0.4717,1.0354
RTX,2024,Distressed,Distressed,0.13410571217536926,0.8648016452789307,0.0010926049435511231,True,asset_turnover,1.3312,0.4957,debt_to_equity,0.8374,1.6286,current_ratio,0.5258,0.9929
RVNC,2021,Distressed,Distressed,0.0006311656907200813,0.9992066025733948,0.00016220856923609972,True,asset_turnover,1.1202,0.1465,debt_to_equity,1.0504,6.7575,ebit_margin,0.8959,-3.5306
RVNC,2022,Distressed,Distressed,0.0005651051760651171,0.9992514252662659,0.00018338601512368768,True,debt_to_equity,1.101,33.065,asset_turnover,1.0197,0.2278,ebit_margin,0.9671,-2.0531
RVNC,2023,Distressed,Distressed,0.0008371502044610679,0.9989209175109863,0.0002419324591755867,True,ebit_margin,1.0419,-0.9554,net_margin,0.6714,-1.3843,debt_to_equity,0.5742,1.1519
S,2022,Distressed,Distressed,0.1734219342470169,0.8232079148292542,0.0033701458014547825,True,ebit_margin,1.049,-0.9536,debt_to_equity,-0.9002,0.3635,asset_turnover,0.8431,0.1869
S,2023,Distressed,Distressed,0.01831688918173313,0.9804947376251221,0.0011883184779435396,True,ebit_margin,1.1102,-0.5984,asset_turnover,0.9894,0.2676,net_margin,0.809,-0.5453
S,2024,Distressed,Distressed,0.016633206978440285,0.9823817610740662,0.0009850191418081522,True,ebit_margin,1.1956,-0.4009,net_margin,0.8217,-0.3511,asset_turnover,0.7619,0.3413
SAMG,2021,At-Risk,At-Risk,0.9282252192497253,0.0643373429775238,0.007437407039105892,True,asset_turnover,0.3271,0.5739,debt_to_equity,0.262,0.9632,size_bucket_micro,-0.2164,1.0
SAMG,2022,At-Risk,At-Risk,0.941983699798584,0.04016049578785896,0.01785580813884735,True,debt_to_equity,0.3498,0.6902,asset_turnover,0.3328,0.5794,size_bucket_micro,-0.226,1.0
SAMG,2023,At-Risk,At-Risk,0.9266921281814575,0.06475955247879028,0.008548342622816563,True,debt_to_equity,0.3239,0.6384,asset_turnover,0.2733,0.5883,size_bucket_micro,-0.1422,1.0
SAMG,2024,At-Risk,At-Risk,0.9279143214225769,0.06251732259988785,0.009568336419761181,True,debt_to_equity,0.356,0.6244,asset_turnover,0.2864,0.636,size_bucket_micro,-0.14,1.0
SANM,2021,At-Risk,At-Risk,0.9186880588531494,0.00906315352767706,0.07224873453378677,True,debt_to_equity,0.2253,1.2393,asset_turnover,0.1971,1.6018,net_margin,0.1688,0.037
SANM,2022,At-Risk,At-Risk,0.9140828847885132,0.008272719569504261,0.07764444500207901,True,debt_to_equity,0.2994,1.6576,asset_turnover,0.2001,1.6378,opex_ratio,0.1489,0.0336
SANM,2023,At-Risk,Healthy,0.1426893174648285,0.004635617136955261,0.8526750802993774,False,asset_turnover,2.4971,1.8332,debt_to_equity,-0.4886,1.1021,current_ratio,-0.2254,1.908
SANM,2024,At-Risk,At-Risk,0.7926744818687439,0.007472770754247904,0.19985274970531464,True,debt_to_equity,0.1908,1.0423,net_margin,0.1544,0.0294,opex_ratio,0.1318,0.0389
SCHN,2021,Healthy,Healthy,0.0711032971739769,0.002497087698429823,0.9263996481895447,True,asset_turnover,2.5482,1.846,current_ratio,-0.3013,1.5392,revenue_growth,-0.24,0.611
SCHN,2022,Healthy,Healthy,0.14722034335136414,0.004908389411866665,0.8478713035583496,True,asset_turnover,2.5672,1.9084,debt_to_equity,-0.364,0.9057,current_ratio,-0.343,1.7595
SCHN,2023,At-Risk,At-Risk,0.9083305597305298,0.013216458261013031,0.0784529596567154,True,net_margin,0.2214,-0.0089,debt_to_equity,0.1853,0.8822,current_ratio,0.1733,1.6989
SCHN,2024,At-Risk,At-Risk,0.888848602771759,0.030940577387809753,0.08021080493927002,True,net_margin,0.2688,-0.0973,ebit_margin,0.1785,-0.026,current_ratio,0.1441,1.9241
SCYX,2023,At-Risk,Healthy,0.06433860957622528,0.027164889499545097,0.9084964990615845,False,ebit_margin,1.5194,0.5185,net_margin,0.8647,0.4784,asset_turnover,0.5328,1.0913
SDPI,2021,Distressed,Distressed,0.4550234079360962,0.5398768186569214,0.00509976502507925,True,asset_turnover,-0.6733,0.9127,debt_to_equity,0.4778,1.3768,net_margin,0.3985,-0.0397
SDPI,2022,Distressed,At-Risk,0.8538070321083069,0.1182207390666008,0.02797224372625351,False,size_bucket_micro,-0.2812,1.0,asset_turnover,0.266,1.0851,net_margin,0.193,0.0558
SDPI,2023,Distressed,At-Risk,0.8370742201805115,0.07866635173559189,0.08425945788621902,False,debt_to_equity,0.3447,0.6234,asset_turnover,0.2599,0.7757,size_bucket_micro,-0.1304,1.0
SFRX,2023,Distressed,Distressed,0.0006512083928100765,0.9991855025291443,0.000163223099661991,True,asset_turnover,0.9484,0.0223,ebit_margin,0.8792,-21.0184,debt_to_equity,0.6119,1.1519
SGC,2021,At-Risk,At-Risk,0.9338545203208923,0.018908362835645676,0.0472370870411396,True,debt_to_equity,0.2835,1.0307,asset_turnover,0.2823,1.1419,net_margin,0.1868,0.0548
SGC,2022,At-Risk,At-Risk,0.8532455563545227,0.1021929457783699,0.044561441987752914,True,debt_to_equity,0.2209,1.3725,asset_turnover,0.1936,1.2668,net_margin,0.1494,-0.0552
SGC,2023,At-Risk,At-Risk,0.9423428773880005,0.021794620901346207,0.0358625166118145,True,asset_turnover,0.2491,1.2861,debt_to_equity,0.2267,1.1375,net_margin,0.1813,0.0161
SGEN,2021,At-Risk,At-Risk,0.8604586720466614,0.1171124279499054,0.022428901866078377,True,debt_to_equity,0.6848,0.2135,gross_margin,0.3013,0.8021,asset_turnover,0.2063,0.4233
SGEN,2022,At-Risk,Distressed,0.23292510211467743,0.7580776214599609,0.008997269906103611,False,ebit_margin,1.264,-0.3124,debt_to_equity,-1.0262,0.3105,net_margin,0.6851,-0.311
SHC,2021,Distressed,Distressed,0.07618178427219391,0.9203588366508484,0.003459325060248375,True,asset_turnover,1.9761,0.3339,debt_to_equity,1.1025,3.7595,ebit_margin,-0.8438,0.2756
SHC,2022,Distressed,Distressed,0.00812562182545662,0.9905517101287842,0.0013227069284766912,True,asset_turnover,1.4736,0.3219,debt_to_equity,1.2589,7.9017,ebit_margin,-0.8244,0.2474
SHC,2023,Distressed,Distressed,0.06021777167916298,0.9367733597755432,0.0030088259372860193,True,asset_turnover,1.9095,0.3352,debt_to_equity,1.3576,6.0547,ebit_margin,-0.8228,0.2637
SHC,2024,Distressed,Distressed,0.13548338413238525,0.856292188167572,0.008224465884268284,True,asset_turnover,1.4388,0.3583,debt_to_equity,1.2524,6.586,ebit_margin,-0.9971,0.2705
SHW,2021,At-Risk,At-Risk,0.8824632167816162,0.09950517117977142,0.018031591549515724,True,asset_turnover,0.3616,0.9651,debt_to_equity,-0.3269,7.4797,net_margin,0.1655,0.0935
SHW,2022,At-Risk,At-Risk,0.8986697793006897,0.08326280862092972,0.018067408353090286,True,asset_turnover,0.3604,0.9803,debt_to_equity,-0.2956,6.2835,net_margin,0.1497,0.0912
SHW,2023,At-Risk,At-Risk,0.9194319844245911,0.04595706984400749,0.03461095318198204,True,asset_turnover,0.3324,1.0042,net_margin,0.1942,0.1036,ebit_margin,0.1015,0.1573
SHW,2024,At-Risk,At-Risk,0.9107640981674194,0.054780278354883194,0.034455638378858566,True,asset_turnover,0.317,0.9774,net_margin,0.161,0.1161,debt_to_equity,0.146,4.8335
SHWZ,2021,Distressed,Distressed,0.17871496081352234,0.8176137804985046,0.0036712251603603363,True,asset_turnover,1.1304,0.3804,net_margin,-0.4987,0.1339,revenue_growth,0.481,3.5173
SHWZ,2022,Distressed,Distressed,0.09810129553079605,0.8990349173545837,0.002863827859982848,True,debt_to_equity,0.624,1.4431,asset_turnover,0.5804,0.4936,ebit_margin,-0.5512,0.1309
SHWZ,2023,Distressed,Distressed,0.009328732267022133,0.9903076887130737,0.00036359424120746553,True,debt_to_equity,1.1294,2.0023,asset_turnover,0.8534,0.4815,ebit_margin,0.6117,0.0295
SJI,2021,Distressed,Distressed,0.011849407106637955,0.9876296520233154,0.0005209579248912632,True,asset_turnover,2.37,0.2726,debt_to_equity,1.0754,2.6554,ebit_margin,-0.2596,0.1753
SKX,2021,At-Risk,At-Risk,0.9483411908149719,0.022013962268829346,0.029644876718521118,True,asset_turnover,0.3079,0.9721,debt_to_equity,0.2562,0.8326,net_margin,0.1526,0.1175
SKX,2022,At-Risk,At-Risk,0.903221070766449,0.028906043618917465,0.06787290424108505,True,debt_to_equity,0.2566,0.7805,asset_turnover,0.2417,1.0799,net_margin,0.1732,0.0501
SKX,2023,At-Risk,At-Risk,0.8270695805549622,0.01761079765856266,0.15531955659389496,True,debt_to_equity,0.3115,0.7153,asset_turnover,0.2406,1.06,net_margin,0.1582,0.0682
SKX,2024,At-Risk,At-Risk,0.8190633058547974,0.02071402221918106,0.16022269427776337,True,debt_to_equity,0.2774,0.7542,asset_turnover,0.2554,1.0607,net_margin,0.1567,0.0713
SLDP,2021,Healthy,Healthy,0.027220509946346283,0.021896466612815857,0.9508829712867737,True,debt_to_equity,2.8361,0.1056,ebit_margin,-0.768,-9.7883,asset_turnover,-0.5547,0.0223
SLDP,2022,Healthy,Healthy,0.01605682447552681,0.020210975781083107,0.9637321829795837,True,debt_to_equity,3.279,0.0704,ebit_margin,-0.6714,-5.0148,current_ratio,0.4558,15.8109
SM,2021,At-Risk,At-Risk,0.6580291390419006,0.33461979031562805,0.0073510874062776566,True,ebit_margin,0.2606,0.4368,asset_turnover,0.2346,0.5011,net_margin,0.1533,0.0138
SM,2022,At-Risk,At-Risk,0.941193163394928,0.01584385335445404,0.0429629385471344,True,asset_turnover,0.3643,0.5876,debt_to_equity,0.2613,0.8526,ebit_margin,0.2095,0.5194
SM,2023,At-Risk,At-Risk,0.8612493872642517,0.04364068806171417,0.09510993212461472,True,debt_to_equity,0.3424,0.7644,ebit_margin,0.1223,0.3871,revenue_growth,0.0705,-0.2932
SM,2024,At-Risk,Distressed,0.40924838185310364,0.5623102188110352,0.028441425412893295,False,asset_turnover,1.4675,0.3136,ebit_margin,-1.2683,0.3814,net_margin,-0.5582,0.2862
SMP,2021,At-Risk,At-Risk,0.9533396363258362,0.01806958205997944,0.02859080769121647,True,asset_turnover,0.3462,1.0842,debt_to_equity,0.2806,0.9554,net_margin,0.164,0.07
SMP,2022,At-Risk,At-Risk,0.9699983596801758,0.01390615664422512,0.01609552837908268,True,asset_turnover,0.3273,1.0931,debt_to_equity,0.2772,1.0207,net_margin,0.1825,0.0403
SMP,2023,At-Risk,At-Risk,0.9651843309402466,0.017773058265447617,0.01704261638224125,True,asset_turnover,0.3125,1.0504,debt_to_equity,0.2709,0.9866,net_margin,0.1676,0.0251
SMP,2024,At-Risk,At-Risk,0.9416466355323792,0.05382709205150604,0.0045262896455824375,True,asset_turnover,0.3489,0.8069,debt_to_equity,0.1889,1.8792,net_margin,0.1596,0.0188
SMRT,2021,At-Risk,Distressed,0.2619066834449768,0.6822056174278259,0.05588774010539055,False,debt_to_equity,-1.3403,0.2896,ebit_margin,0.9493,-0.6476,net_margin,0.6568,-0.6504
SMRT,2022,Distressed,Distressed,0.013961445540189743,0.985161542892456,0.0008769994601607323,True,ebit_margin,1.0617,-0.6212,asset_turnover,0.8673,0.2992,net_margin,0.7428,-0.574
SMRT,2023,Distressed,Distressed,0.14339925348758698,0.8530763983726501,0.0035243420861661434,True,ebit_margin,0.8108,-0.1822,net_margin,0.6365,-0.146,debt_to_equity,-0.32,0.4886
SMRT,2024,Distressed,Distressed,0.10779362171888351,0.8877878785133362,0.004418541211634874,True,ebit_margin,0.8903,-0.2389,net_margin,0.6673,-0.1924,asset_turnover,0.424,0.4162
SMWB,2021,Distressed,Distressed,0.0022530807182192802,0.9975265860557556,0.00022038168390281498,True,ebit_margin,1.3119,-0.4802,debt_to_equity,0.8826,1.6733,net_margin,0.7301,-0.5011
SMWB,2022,Distressed,Distressed,0.0021767495200037956,0.9974420070648193,0.0003812112845480442,True,ebit_margin,1.3606,-0.4547,debt_to_equity,0.9059,10.2088,net_margin,0.674,-0.433
SMWB,2023,Distressed,Distressed,0.001893816632218659,0.997467041015625,0.0006391820497810841,True,ebit_margin,1.2709,-0.1321,debt_to_equity,0.9861,14.3736,net_margin,0.5317,-0.1347
SMWB,2024,Distressed,Distressed,0.012429156340658665,0.986402690410614,0.0011681974865496159,True,debt_to_equity,1.1566,7.8306,ebit_margin,0.9106,-0.0387,current_ratio,0.6132,0.8302
SN,2023,At-Risk,At-Risk,0.9625939726829529,0.015765437856316566,0.021640529856085777,True,asset_turnover,0.3022,1.2199,debt_to_equity,0.2333,1.3579,net_margin,0.2007,0.0393
SN,2024,At-Risk,At-Risk,0.9349421858787537,0.012724273838102818,0.052333585917949677,True,asset_turnover,0.3007,1.2582,debt_to_equity,0.23,1.2697,net_margin,0.1401,0.0794
SNCY,2021,Distressed,Distressed,0.0946134701371193,0.9046964645385742,0.0006900298758409917,True,asset_turnover,1.389,0.4513,debt_to_equity,1.1682,1.8138,ebit_margin,0.4065,0.0634
SNFCA,2021,Distressed,Distressed,0.016902904957532883,0.9813065528869629,0.0017905456479638815,True,asset_turnover,1.8172,0.3042,debt_to_equity,1.2134,4.1627,ebit_margin,-0.8235,0.282
SOFI,2021,Distressed,Distressed,0.00560436025261879,0.9938761591911316,0.0005194998229853809,True,asset_turnover,1.2309,0.1185,ebit_margin,1.0148,-0.4354,net_margin,0.6013,-0.4449
SOFI,2022,Distressed,Distressed,0.002239477587863803,0.9975975155830383,0.00016297021647915244,True,asset_turnover,1.4466,0.0927,debt_to_equity,1.2672,2.4381,ebit_margin,0.7082,-0.15
SOFI,2023,Distressed,Distressed,0.003904696088284254,0.9957734942436218,0.00032176991226151586,True,asset_turnover,1.7578,0.0968,debt_to_equity,1.2587,4.414,ebit_margin,0.31,0.0003
SOFI,2024,Distressed,Distressed,0.006157549563795328,0.9935223460197449,0.0003201689396519214,True,asset_turnover,2.4171,0.1039,debt_to_equity,1.2052,4.5556,current_ratio,0.2557,1.211
SON,2021,At-Risk,At-Risk,0.9270014762878418,0.06672494858503342,0.006273509003221989,True,asset_turnover,0.3484,1.1019,debt_to_equity,0.2279,1.743,opex_ratio,0.1708,0.0998
SON,2022,At-Risk,At-Risk,0.9634848833084106,0.031117290258407593,0.005397886037826538,True,asset_turnover,0.4076,0.8308,debt_to_equity,0.2636,2.4026,opex_ratio,0.1699,0.104
SON,2023,At-Risk,At-Risk,0.9493668079376221,0.045445848256349564,0.005187329836189747,True,asset_turnover,0.3745,0.7566,debt_to_equity,0.2243,1.9574,net_margin,0.1477,0.0873
SON,2024,Distressed,Distressed,0.034845929592847824,0.964714765548706,0.0004392914706841111,True,asset_turnover,1.5973,0.4242,debt_to_equity,1.4475,4.471,current_ratio,0.4241,0.7871
SQSP,2021,Distressed,Distressed,0.0032667703926563263,0.996254563331604,0.00047863213694654405,True,ebit_margin,1.2119,-0.3072,net_margin,0.5852,-0.3178,debt_to_equity,0.5848,1.1519
SQSP,2022,Distressed,Distressed,0.034219179302453995,0.957403302192688,0.008377556689083576,True,asset_turnover,-1.1164,1.1868,negative_equity,0.6792,1.0,net_margin,0.6144,-0.2909
SQSP,2023,Distressed,Distressed,0.11204367130994797,0.8822880983352661,0.005668227095156908,True,negative_equity,1.0219,1.0,asset_turnover,-0.7246,1.0983,debt_to_equity,0.4314,1.1519
SRC,2021,Distressed,Distressed,0.05288562551140785,0.9383431673049927,0.008771136403083801,True,asset_turnover,2.4006,0.083,ebit_margin,-0.8314,0.4733,current_ratio,0.7834,0.121
SRC,2022,Distressed,Distressed,0.05248088017106056,0.9339689016342163,0.013550213538110256,True,asset_turnover,2.4522,0.0838,ebit_margin,-0.8494,0.4642,current_ratio,0.7819,0.121
SRNE,2021,Distressed,Distressed,0.0007854182622395456,0.9990136623382568,0.0002008424635278061,True,asset_turnover,1.1214,0.0761,debt_to_equity,1.0644,7.8932,ebit_margin,0.8663,-6.9568
SRNE,2022,Distressed,Distressed,0.0006131341215223074,0.999233603477478,0.00015322273247875273,True,asset_turnover,1.0472,0.1329,ebit_margin,0.8844,-6.0233,debt_to_equity,0.5989,1.1519
SSNT,2021,At-Risk,Healthy,0.26109975576400757,0.09636858850717545,0.6425316333770752,False,asset_turnover,2.7055,2.3169,net_margin,-0.5402,-0.0032,debt_to_equity,-0.4843,0.9236
SSNT,2022,At-Risk,At-Risk,0.6906419992446899,0.1424742043018341,0.16688379645347595,True,net_margin,0.3986,-0.0063,size_bucket_micro,-0.3003,1.0,ebit_margin,0.1629,-0.0086
SSNT,2023,At-Risk,Healthy,0.18316751718521118,0.1980382353067398,0.6187942624092102,False,asset_turnover,2.897,2.66,debt_to_equity,-0.6019,1.7433,net_margin,-0.5236,-0.0196
SSNT,2024,Healthy,Healthy,0.0197304580360651,0.013314713723957539,0.9669548273086548,True,debt_to_equity,2.9195,0.0697,ebit_margin,-0.7291,-1.2478,asset_turnover,-0.5408,0.0223
STE,2021,At-Risk,At-Risk,0.6087591648101807,0.38346803188323975,0.007772770710289478,True,debt_to_equity,0.3018,0.7455,asset_turnover,-0.1527,0.3697,net_margin,0.1103,0.0577
STE,2022,At-Risk,At-Risk,0.8266820907592773,0.16494600474834442,0.0083718691021204,True,debt_to_equity,0.2513,0.7778,asset_turnover,0.19,0.4192,net_margin,0.1211,0.0236
STE,2023,At-Risk,At-Risk,0.8772652745246887,0.10173771530389786,0.020997053012251854,True,asset_turnover,0.2607,0.4645,debt_to_equity,0.2441,0.7519,net_margin,0.1319,0.0736
STE,2024,At-Risk,At-Risk,0.9597300887107849,0.021700512617826462,0.01856943592429161,True,asset_turnover,0.3895,0.5381,debt_to_equity,0.2158,0.5338,net_margin,0.1313,0.1126
STG,2021,Distressed,Distressed,0.3078332543373108,0.6873791217803955,0.004787571728229523,True,negative_equity,0.8749,1.0,current_ratio,0.4976,0.5911,asset_turnover,-0.4523,0.8148
STG,2024,Distressed,At-Risk,0.6366915702819824,0.30276739597320557,0.06054107844829559,False,opex_ratio,-0.3104,0.6907,asset_turnover,0.2351,0.9384,debt_to_equity,0.182,2.5361
STIM,2021,Distressed,Distressed,0.009299049153923988,0.9896823763847351,0.0010186495492234826,True,ebit_margin,1.2669,-0.4983,net_margin,0.8764,-0.5639,asset_turnover,0.5728,0.3917
STIM,2022,Distressed,Distressed,0.004668243695050478,0.9949342608451843,0.00039756111800670624,True,ebit_margin,1.3876,-0.5385,net_margin,0.8589,-0.5699,debt_to_equity,0.3798,1.0484
STIM,2023,Distressed,Distressed,0.0019352539675310254,0.9977974891662598,0.0002673383569344878,True,ebit_margin,1.3749,-0.4282,debt_to_equity,0.9077,2.3879,net_margin,0.7059,-0.4231
STIM,2024,Distressed,Distressed,0.0017311300616711378,0.9980400204658508,0.00022892163542564958,True,ebit_margin,1.264,-0.4615,debt_to_equity,1.0113,3.4311,net_margin,0.6356,-0.5836
SUP,2021,At-Risk,At-Risk,0.977848470211029,0.015596777200698853,0.006554788444191217,True,asset_turnover,0.5181,1.3136,opex_ratio,0.2835,0.0429,net_margin,0.1921,0.0027
SUP,2022,At-Risk,At-Risk,0.9714291095733643,0.011710482649505138,0.016860369592905045,True,asset_turnover,0.313,1.4465,debt_to_equity,0.2875,4.7104,net_margin,0.189,0.0226
SUP,2023,At-Risk,At-Risk,0.9453948736190796,0.03594835847616196,0.01865679770708084,True,asset_turnover,0.3369,1.3442,opex_ratio,0.2667,0.0632,net_margin,0.1501,-0.067
SUP,2024,At-Risk,At-Risk,0.8747934699058533,0.07208317518234253,0.05312338471412659,True,debt_to_equity,-0.5711,33.065,opex_ratio,0.3538,0.0641,asset_turnover,0.3282,1.7123
SWKS,2021,At-Risk,At-Risk,0.8255354762077332,0.021419228985905647,0.15304525196552277,True,asset_turnover,0.3161,0.5947,debt_to_equity,0.2675,0.6218,current_ratio,-0.2184,4.3514
SWKS,2022,At-Risk,At-Risk,0.8661630153656006,0.009782029315829277,0.12405488640069962,True,asset_turnover,0.3448,0.6182,debt_to_equity,0.2837,0.6226,opex_ratio,0.1058,0.1908
SWKS,2023,At-Risk,At-Risk,0.6748427152633667,0.00814997497946024,0.3170073628425598,True,asset_turnover,0.4681,0.5663,revenue_growth,0.0848,-0.13,current_ratio,-0.063,3.3269
SWKS,2024,Healthy,Healthy,0.39235588908195496,0.007340919692069292,0.6003031730651855,True,asset_turnover,-1.6609,0.5044,debt_to_equity,1.1082,0.3072,ebit_margin,0.3994,0.1885
SWM,2024,At-Risk,At-Risk,0.7607375979423523,0.2344880849123001,0.004774291068315506,True,asset_turnover,0.3118,0.8093,debt_to_equity,0.1792,1.8514,net_margin,0.1233,-0.0246
TASK,2021,Distressed,At-Risk,0.5059233903884888,0.4805518686771393,0.013524753041565418,False,cost_growth,-0.2196,0.9264,asset_turnover,0.2028,1.0143,current_ratio,0.1258,1.8119
TASK,2022,At-Risk,At-Risk,0.9348541498184204,0.03802763670682907,0.027118174359202385,True,asset_turnover,0.3013,1.0648,debt_to_equity,0.2704,0.9798,net_margin,0.1836,0.0421
TASK,2023,At-Risk,At-Risk,0.9248015880584717,0.031454287469387054,0.043744150549173355,True,debt_to_equity,0.2931,0.9609,asset_turnover,0.2769,1.0696,net_margin,0.168,0.0494
TASK,2024,At-Risk,At-Risk,0.937674880027771,0.030605141073465347,0.03172006458044052,True,asset_turnover,0.2936,1.0437,debt_to_equity,0.283,0.9184,net_margin,0.1864,0.0461
TBLA,2023,At-Risk,At-Risk,0.7952947616577148,0.19590869545936584,0.008796539157629013,True,asset_turnover,0.2274,0.843,debt_to_equity,0.2157,0.6156,net_margin,0.1437,-0.057
TBLA,2024,At-Risk,At-Risk,0.8705025911331177,0.0901976227760315,0.039299800992012024,True,debt_to_equity,0.264,0.6339,asset_turnover,0.216,1.0277,net_margin,0.1632,-0.0021
TCNNF,2021,At-Risk,At-Risk,0.4880882203578949,0.4866172671318054,0.025294523686170578,True,debt_to_equity,0.374,0.5886,asset_turnover,-0.3458,0.2732,cost_growth,-0.166,1.3832
TCNNF,2022,Distressed,Distressed,0.24822570383548737,0.7449173331260681,0.006856919266283512,True,asset_turnover,1.1905,0.3583,net_margin,0.7856,-0.202,ebit_margin,-0.3072,0.1032
TCX,2021,Distressed,Distressed,0.036182235926389694,0.9633023142814636,0.000515451654791832,True,debt_to_equity,1.1791,3.6884,ebit_margin,0.9437,-0.0257,asset_turnover,0.7912,0.564
TCX,2022,Distressed,Distressed,0.010645373724400997,0.9891457557678223,0.00020879613293800503,True,debt_to_equity,1.2183,2.5531,ebit_margin,1.0124,-0.0972,asset_turnover,0.7208,0.4831
TCX,2023,Distressed,Distressed,0.0014497337397187948,0.9983373880386353,0.00021280584041960537,True,debt_to_equity,1.34,5.5841,ebit_margin,1.0099,-0.1876,asset_turnover,0.8541,0.425
TCX,2024,Distressed,Distressed,0.003949018195271492,0.9956883788108826,0.000362557009793818,True,ebit_margin,0.9472,-0.1003,debt_to_equity,0.7697,1.1519,net_margin,0.6226,-0.3033
TDAC,2021,At-Risk,Healthy,0.10868514329195023,0.2898457944393158,0.6014690399169922,False,debt_to_equity,2.4877,0.1121,ebit_margin,-0.9814,-1.8207,asset_turnover,-0.6499,0.157
TECH,2022,At-Risk,Healthy,0.48229697346687317,0.011413858272135258,0.5062891840934753,False,asset_turnover,-1.9173,0.4818,ebit_margin,0.9577,0.2683,debt_to_equity,0.5525,0.3491
TECH,2023,At-Risk,Healthy,0.3442627787590027,0.008723114617168903,0.6470140814781189,False,asset_turnover,-1.8476,0.4308,ebit_margin,0.87,0.263,debt_to_equity,0.5412,0.3418
TECH,2024,At-Risk,Healthy,0.27170854806900024,0.010527648031711578,0.7177637815475464,False,asset_turnover,-1.6684,0.4287,debt_to_equity,1.1207,0.3069,ebit_margin,0.4456,0.1783
TELL,2021,Distressed,Distressed,0.009240241721272469,0.9897594451904297,0.0010003772331401706,True,ebit_margin,1.0295,-1.5817,asset_turnover,0.982,0.1146,net_margin,0.8348,-1.6098
TELL,2022,Distressed,Distressed,0.004868113435804844,0.9947988986968994,0.000333011441398412,True,asset_turnover,1.3246,0.2747,debt_to_equity,0.8019,1.1213,ebit_margin,0.5224,-0.0438
TELL,2023,Distressed,Distressed,0.001510190893895924,0.9981510043144226,0.0003388171608094126,True,asset_turnover,1.1277,0.1255,ebit_margin,0.9212,-0.8909,debt_to_equity,0.6372,1.1187
TENB,2021,Distressed,Distressed,0.00816307868808508,0.9916581511497498,0.00017881057283375412,True,debt_to_equity,1.3068,4.8,ebit_margin,0.8515,-0.0772,asset_turnover,0.8316,0.4333
TENB,2022,Distressed,Distressed,0.0044595967046916485,0.99534010887146,0.00020025932462885976,True,debt_to_equity,1.3048,4.3145,ebit_margin,0.8654,-0.0993,asset_turnover,0.7323,0.4746
TENB,2023,Distressed,Distressed,0.008090746589004993,0.9917023777961731,0.00020690070232376456,True,debt_to_equity,1.2402,3.6395,ebit_margin,0.9173,-0.0597,asset_turnover,0.7391,0.4971
TENB,2024,Distressed,Distressed,0.015154608525335789,0.9845867156982422,0.000258695479715243,True,debt_to_equity,1.2468,3.3558,asset_turnover,0.953,0.5166,ebit_margin,0.7173,-0.0009
TGNA,2021,At-Risk,At-Risk,0.9081858992576599,0.07943853735923767,0.012375551275908947,True,asset_turnover,0.2928,0.4324,debt_to_equity,0.1633,1.7277,ebit_margin,0.1189,0.2674
TGNA,2022,At-Risk,At-Risk,0.9451068639755249,0.03720822557806969,0.017684929072856903,True,asset_turnover,0.339,0.4474,debt_to_equity,0.1916,1.3725,ebit_margin,0.1413,0.302
TGNA,2023,At-Risk,At-Risk,0.8901994824409485,0.10244765132665634,0.007352853659540415,True,asset_turnover,0.231,0.4158,debt_to_equity,0.161,1.5701,ebit_margin,0.1202,0.2064
TGNA,2024,At-Risk,At-Risk,0.9318699240684509,0.05545980855822563,0.012670285999774933,True,asset_turnover,0.2674,0.4234,debt_to_equity,0.173,1.422,ebit_margin,0.1125,0.2533
THRN,2021,At-Risk,At-Risk,0.7163888216018677,0.06740468740463257,0.21620647609233856,True,cost_growth,0.1652,0.2586,ebit_margin,0.1483,0.0614,net_margin,0.128,0.0394
THRN,2022,At-Risk,At-Risk,0.6979540586471558,0.08813121169805527,0.21391473710536957,True,debt_to_equity,0.1916,0.567,asset_turnover,0.1622,0.9953,cost_growth,0.1548,0.2906
THS,2021,Distressed,Distressed,0.20870503783226013,0.7893986105918884,0.0018963958136737347,True,debt_to_equity,1.1646,1.822,asset_turnover,0.9356,0.5404,ebit_margin,0.7886,-0.0157
THS,2022,Distressed,Distressed,0.1577080935239792,0.8408524990081787,0.00143935508094728,True,net_margin,0.7516,-0.0444,ebit_margin,0.7076,-0.0038,current_ratio,0.6662,1.014
THS,2023,At-Risk,At-Risk,0.8610868453979492,0.1327735185623169,0.006139659322798252,True,asset_turnover,0.3693,0.8356,debt_to_equity,0.1738,1.4667,net_margin,0.1728,0.0155
THS,2024,Distressed,At-Risk,0.7921608090400696,0.20153489708900452,0.006304300855845213,False,asset_turnover,0.35,0.8427,debt_to_equity,0.1955,1.5696,net_margin,0.1776,0.008
TIGR,2024,Distressed,Distressed,0.002404088620096445,0.9973247051239014,0.0002712142013479024,True,asset_turnover,2.2912,0.0613,debt_to_equity,1.198,8.8374,ebit_margin,-0.3667,0.2004
TITN,2021,At-Risk,Healthy,0.33308789134025574,0.006415422074496746,0.660496711730957,False,asset_turnover,2.1973,1.8084,debt_to_equity,-0.6488,1.1753,current_ratio,-0.3335,1.8422
TITN,2022,Healthy,Healthy,0.26243337988853455,0.005958113819360733,0.731608510017395,True,asset_turnover,2.4691,1.8586,debt_to_equity,-0.6078,1.2164,current_ratio,-0.341,1.745
TITN,2023,At-Risk,At-Risk,0.9795935153961182,0.008268686942756176,0.012137826532125473,True,asset_turnover,0.3367,1.3846,debt_to_equity,0.222,2.0294,net_margin,0.1644,0.0408
TITN,2024,At-Risk,At-Risk,0.9398350715637207,0.033619027584791183,0.02654591016471386,True,debt_to_equity,0.2473,1.9539,asset_turnover,0.2384,1.4896,net_margin,0.1782,-0.0137
TKR,2021,At-Risk,At-Risk,0.9710454344749451,0.01895107701420784,0.010003449395298958,True,asset_turnover,0.4,0.7993,debt_to_equity,0.2179,1.1747,net_margin,0.157,0.0893
TKR,2022,At-Risk,At-Risk,0.9744086265563965,0.01728077605366707,0.008310552686452866,True,asset_turnover,0.3974,0.779,debt_to_equity,0.2302,1.4533,net_margin,0.1619,0.0906
TKR,2023,At-Risk,At-Risk,0.9554967880249023,0.03855041041970253,0.005952848587185144,True,asset_turnover,0.38,0.729,debt_to_equity,0.2291,1.4207,net_margin,0.1487,0.0826
TKR,2024,At-Risk,At-Risk,0.9498235583305359,0.04058288410305977,0.009593522176146507,True,asset_turnover,0.3588,0.7133,debt_to_equity,0.2464,1.1484,net_margin,0.15,0.0771
TLCC,2024,Distressed,Distressed,0.006543791852891445,0.9895697832107544,0.0038864174857735634,True,ebit_margin,1.3046,-0.1523,asset_turnover,-0.8656,1.9367,net_margin,0.7321,-0.8143
TNDM,2021,Distressed,At-Risk,0.7322164177894592,0.2605925500392914,0.007191024720668793,False,asset_turnover,0.3017,0.7765,debt_to_equity,0.1826,1.0898,net_margin,0.1545,0.0221
TNDM,2022,Distressed,Distressed,0.05015319585800171,0.9481497406959534,0.001697058673016727,True,ebit_margin,1.0201,-0.0771,debt_to_equity,0.794,1.393,net_margin,0.5554,-0.1181
TNDM,2023,Distressed,Distressed,0.012937044724822044,0.9859929084777832,0.001070045749656856,True,ebit_margin,1.4318,-0.2066,debt_to_equity,0.8654,2.0375,net_margin,0.7797,-0.2977
TNDM,2024,Distressed,Distressed,0.05847186595201492,0.9397331476211548,0.001794964773580432,True,ebit_margin,1.3723,-0.1054,debt_to_equity,0.8375,2.6779,asset_turnover,-0.6326,0.9716
TPC,2021,At-Risk,At-Risk,0.9670827388763428,0.024741536006331444,0.008175743743777275,True,asset_turnover,0.3879,0.9824,opex_ratio,0.2371,0.0516,debt_to_equity,0.2283,1.823
TPC,2022,Distressed,At-Risk,0.7046396136283875,0.29243654012680054,0.0029238031711429358,False,asset_turnover,0.2687,0.8345,opex_ratio,0.2273,0.0618,current_ratio,0.195,1.8697
TPC,2023,Distressed,At-Risk,0.5476759672164917,0.4491315186023712,0.0031925400253385305,False,asset_turnover,0.2518,0.8759,opex_ratio,0.217,0.0658,debt_to_equity,0.172,2.4503
TPC,2024,At-Risk,Distressed,0.47582945227622986,0.5188806653022766,0.005289912223815918,False,ebit_margin,0.8165,-0.024,asset_turnover,-0.7983,1.0198,debt_to_equity,0.7324,2.6619
TPCS,2021,Distressed,Distressed,0.07083813846111298,0.928478479385376,0.0006833942607045174,True,ebit_margin,1.1136,-0.0701,debt_to_equity,0.736,1.4799,asset_turnover,0.3605,0.5887
TPCS,2022,Distressed,Distressed,0.18428809940814972,0.8140713572502136,0.0016405265778303146,True,ebit_margin,0.8747,-0.0352,debt_to_equity,0.5683,1.481,size_bucket_micro,0.4354,1.0
TPCS,2023,Distressed,Distressed,0.005741228349506855,0.993654727935791,0.0006040472071617842,True,ebit_margin,1.384,-0.1466,debt_to_equity,0.8209,3.453,net_margin,0.7268,-0.2229
TPCS,2024,Distressed,Distressed,0.021724199876189232,0.9775035381317139,0.0007722669979557395,True,ebit_margin,1.1846,-0.0634,debt_to_equity,0.8152,2.836,net_margin,0.637,-0.0807
TSRI,2022,Healthy,Healthy,0.025644028559327126,0.03226282820105553,0.9420930743217468,True,asset_turnover,3.2229,3.2036,debt_to_equity,-0.3797,0.6758,ebit_margin,-0.3642,0.0039
TSRI,2023,Healthy,Healthy,0.023443300276994705,0.03130379691720009,0.9452528953552246,True,asset_turnover,2.6555,3.2036,size_bucket_micro,-0.2577,1.0,debt_to_equity,-0.2419,0.4368
TSVT,2022,Distressed,Distressed,0.002293424215167761,0.9974121451377869,0.0002944344305433333,True,asset_turnover,1.0163,0.1393,ebit_margin,0.9979,-2.7681,net_margin,0.7236,-2.7777
TSVT,2023,Distressed,Distressed,0.0026254982221871614,0.9970653653144836,0.0003090919344685972,True,ebit_margin,1.0472,-2.1587,asset_turnover,1.0062,0.1775,net_margin,0.7496,-2.1673
TSVT,2024,Distressed,Distressed,0.003186226589605212,0.9962121248245239,0.0006016504485160112,True,ebit_margin,1.0224,-2.6673,asset_turnover,0.9512,0.079,net_margin,0.7214,-1.512
TTOO,2021,Distressed,Distressed,0.0011599038261920214,0.9985964894294739,0.00024362528347410262,True,ebit_margin,1.0556,-1.5316,net_margin,0.7112,-1.755,debt_to_equity,0.5484,1.1519
TTOO,2022,Distressed,Distressed,0.0015041797887533903,0.9980939030647278,0.00040193615132011473,True,ebit_margin,1.2783,-2.4678,net_margin,0.7149,-2.7798,debt_to_equity,0.5249,1.1519
TTOO,2023,Distressed,Distressed,0.0010358080035075545,0.9986650943756104,0.00029915510094724596,True,asset_turnover,0.9486,0.2067,ebit_margin,0.9002,-6.5554,debt_to_equity,0.5844,1.1519
TVTY,2021,At-Risk,At-Risk,0.8375706076622009,0.04859476909041405,0.11383457481861115,True,asset_turnover,0.3285,0.804,debt_to_equity,0.1985,4.0337,ebit_margin,0.1132,0.2975
TXRH,2021,At-Risk,At-Risk,0.9517934918403625,0.018878554925322533,0.02932792715728283,True,asset_turnover,0.3146,1.379,debt_to_equity,0.2338,1.34,net_margin,0.1563,0.0708
TXRH,2022,At-Risk,At-Risk,0.8025557994842529,0.020756760612130165,0.17668743431568146,True,debt_to_equity,0.2447,1.4577,asset_turnover,0.1512,1.5896,net_margin,0.1175,0.0672
TXRH,2023,At-Risk,At-Risk,0.6918553709983826,0.03349442407488823,0.2746502459049225,True,debt_to_equity,0.2395,1.4133,current_ratio,-0.1163,0.4782,net_margin,0.0997,0.0658
TXRH,2024,At-Risk,At-Risk,0.5316061973571777,0.023715274408459663,0.44467854499816895,True,debt_to_equity,0.2529,1.3227,current_ratio,-0.0937,0.6238,cost_growth,-0.0707,0.1352
U,2021,Distressed,Distressed,0.005008564330637455,0.9945599436759949,0.0004315003170631826,True,asset_turnover,1.1275,0.2294,ebit_margin,1.0444,-0.4788,net_margin,0.6978,-0.4796
U,2022,Distressed,Distressed,0.003616583999246359,0.9960675239562988,0.0003158541803713888,True,asset_turnover,1.2714,0.1776,ebit_margin,0.9815,-0.6342,net_margin,0.64,-0.6621
U,2023,Distressed,Distressed,0.004562694579362869,0.9950485825538635,0.00038864542148076,True,ebit_margin,1.0596,-0.3807,asset_turnover,1.0113,0.302,net_margin,0.6917,-0.3758
U,2024,Distressed,Distressed,0.006818379275500774,0.992517352104187,0.0006642112275585532,True,ebit_margin,1.1567,-0.4165,asset_turnover,1.0932,0.2691,net_margin,0.6876,-0.3663
UAMY,2024,At-Risk,Healthy,0.40917566418647766,0.047808293253183365,0.5430160164833069,False,debt_to_equity,1.4787,0.2113,ebit_margin,-0.7344,-0.1593,asset_turnover,-0.7261,0.4312
UEC,2024,At-Risk,Distressed,0.17516425251960754,0.7408959269523621,0.0839398130774498,False,debt_to_equity,-1.8086,0.1436,ebit_margin,0.9974,-21.0184,net_margin,0.9923,-24.696
UEIC,2021,At-Risk,At-Risk,0.9474778771400452,0.03520657867193222,0.017315590754151344,True,asset_turnover,0.2734,1.1788,debt_to_equity,0.2704,0.8494,net_margin,0.1757,0.0088
UEIC,2022,At-Risk,At-Risk,0.9228983521461487,0.05390515923500061,0.023196516558527946,True,debt_to_equity,0.2758,0.8784,asset_turnover,0.2674,1.0765,net_margin,0.1772,0.0007
UEIC,2023,At-Risk,At-Risk,0.5064269304275513,0.46750807762145996,0.026064995676279068,True,net_margin,-0.6241,-0.2336,asset_turnover,0.2055,1.1815,revenue_growth,0.1861,-0.2253
UEIC,2024,At-Risk,At-Risk,0.7965630888938904,0.18877725303173065,0.014659712091088295,True,asset_turnover,0.2257,1.2212,debt_to_equity,0.1696,1.112,net_margin,0.1677,-0.0609
UGI,2021,At-Risk,At-Risk,0.9077919721603394,0.07428912818431854,0.017918895930051804,True,asset_turnover,0.3,0.4453,debt_to_equity,0.1706,2.0235,ebit_margin,0.1552,0.3156
UGI,2022,At-Risk,At-Risk,0.8556757569313049,0.13831943273544312,0.006004782393574715,True,asset_turnover,0.3007,0.575,debt_to_equity,0.1823,1.8935,net_margin,0.1779,0.1064
UGI,2023,At-Risk,Distressed,0.028940845280885696,0.9696266651153564,0.0014324338408187032,False,debt_to_equity,1.1868,2.505,ebit_margin,0.9385,-0.0635,asset_turnover,0.6523,0.5797
UGI,2024,At-Risk,Distressed,0.3632277250289917,0.6309186220169067,0.005853670183569193,False,asset_turnover,1.1352,0.4775,debt_to_equity,1.0086,2.4676,ebit_margin,-0.3983,0.147
ULTA,2021,Healthy,At-Risk,0.5142967104911804,0.008842531591653824,0.4768607020378113,False,debt_to_equity,0.3722,2.1031,asset_turnover,-0.1826,1.8115,leverage_tier_high,0.0892,1.0
ULTA,2022,Healthy,Healthy,0.057962868362665176,0.001855645445175469,0.9401815533638,True,asset_turnover,2.3973,1.9009,debt_to_equity,-0.7149,1.7403,ebit_margin,0.5275,0.1605
ULTA,2023,Healthy,Healthy,0.06617172062397003,0.002135380171239376,0.931692898273468,True,asset_turnover,2.3756,1.9638,debt_to_equity,-0.7208,1.5038,ebit_margin,0.5236,0.1497
ULTA,2024,Healthy,Healthy,0.12287528812885284,0.002750090090557933,0.8743745684623718,True,asset_turnover,2.4297,1.8821,debt_to_equity,-0.7172,1.4119,ebit_margin,0.4368,0.1385
USAP,2021,At-Risk,At-Risk,0.8330144286155701,0.12688753008842468,0.040098000317811966,True,asset_turnover,0.3249,0.4716,current_ratio,-0.2175,5.391,debt_to_equity,0.2007,0.4609
USAP,2022,At-Risk,At-Risk,0.6320284605026245,0.36066320538520813,0.007308373227715492,True,debt_to_equity,0.2495,0.6534,gross_margin,0.1561,0.0702,asset_turnover,0.1522,0.5563
USAP,2023,At-Risk,At-Risk,0.9289762377738953,0.04011537507176399,0.030908355489373207,True,asset_turnover,0.3521,0.8017,debt_to_equity,0.1944,0.578,ebit_margin,0.1624,0.0481
UWMC,2023,Distressed,Distressed,0.021397002041339874,0.9734939336776733,0.005109055899083614,True,asset_turnover,2.4938,0.1824,debt_to_equity,0.9271,3.7973,ebit_margin,-0.8933,0.5071
UWMC,2024,Distressed,Distressed,0.009633359499275684,0.9876666069030762,0.0027000694535672665,True,asset_turnover,2.429,0.1706,debt_to_equity,1.1003,6.6301,ebit_margin,-0.8471,0.498
VALU,2022,At-Risk,At-Risk,0.8678586483001709,0.07294199615716934,0.059199340641498566,True,debt_to_equity,0.5552,0.6165,size_bucket_micro,-0.1232,1.0,current_ratio,0.0676,2.5818
VCRA,2021,Distressed,Distressed,0.017357464879751205,0.9823077917098999,0.00033469931804575026,True,debt_to_equity,1.2311,2.4304,asset_turnover,1.1099,0.4212,ebit_margin,0.59,-0.0174
VFC,2022,Distressed,At-Risk,0.8775200247764587,0.11697452515363693,0.005505443084985018,False,asset_turnover,0.2995,0.7926,debt_to_equity,0.203,3.8066,net_margin,0.1899,0.0107
VFC,2023,Distressed,Distressed,0.45969900488853455,0.5318103432655334,0.008490621112287045,True,debt_to_equity,0.9073,6.0027,asset_turnover,-0.6445,0.8538,net_margin,0.4919,-0.0977
VFC,2024,Distressed,At-Risk,0.6162671446800232,0.3454083800315857,0.038324497640132904,False,asset_turnover,0.2549,1.0136,net_margin,0.1336,-0.02,debt_to_equity,-0.0833,5.3048
VFF,2021,At-Risk,At-Risk,0.9449264407157898,0.03788446635007858,0.017189059406518936,True,asset_turnover,0.3311,0.4728,ebit_margin,0.2002,-0.0326,debt_to_equity,0.1908,0.3344
VFF,2022,Distressed,Distressed,0.25701746344566345,0.7327010035514832,0.010281580500304699,True,ebit_margin,0.9244,-0.1525,net_margin,0.8953,-0.3445,debt_to_equity,-0.5458,0.454
VMI,2021,At-Risk,At-Risk,0.9682042598724365,0.013665969483554363,0.018129754811525345,True,asset_turnover,0.348,1.0158,debt_to_equity,0.243,1.4386,net_margin,0.1746,0.0559
VMI,2022,At-Risk,At-Risk,0.9358693957328796,0.008270091377198696,0.05586058273911476,True,asset_turnover,0.3305,1.2216,debt_to_equity,0.242,1.1274,net_margin,0.1713,0.0577
VMI,2023,At-Risk,At-Risk,0.9331533312797546,0.010066566988825798,0.0567801259458065,True,asset_turnover,0.2922,1.2005,debt_to_equity,0.2579,1.3987,net_margin,0.17,0.0361
VMI,2024,Healthy,At-Risk,0.6470482349395752,0.0066371760331094265,0.34631454944610596,False,asset_turnover,0.2849,1.2237,debt_to_equity,0.2612,1.0896,net_margin,0.1329,0.0855
VNE,2021,Distressed,Distressed,0.04039287567138672,0.9564253687858582,0.0031817711424082518,True,ebit_margin,1.4498,-0.1913,net_margin,0.7357,-0.2323,asset_turnover,-0.6406,0.9469
VOLT,2021,Healthy,Healthy,0.014860480092465878,0.027519427239894867,0.9576200246810913,True,asset_turnover,3.7713,3.2036,debt_to_equity,-0.5763,7.3654,net_margin,-0.2287,0.0016
VRSN,2021,Distressed,At-Risk,0.4293754994869232,0.14425645768642426,0.42636802792549133,False,negative_equity,-0.5114,1.0,gross_margin,-0.3192,0.8555,asset_turnover,0.1855,0.6692
VRSN,2022,Distressed,Healthy,0.2270713448524475,0.10918566584587097,0.6637429594993591,False,ebit_margin,1.465,0.5194,net_margin,1.3024,0.4729,debt_to_equity,-0.7486,1.1519
VRSN,2023,Distressed,Healthy,0.19448553025722504,0.08482091128826141,0.7206935286521912,False,ebit_margin,1.5015,0.5194,net_margin,1.3199,0.5476,debt_to_equity,-0.6939,1.1519
VRSN,2024,Distressed,Healthy,0.23767895996570587,0.2200012356042862,0.5423198342323303,False,ebit_margin,1.3357,0.5194,current_ratio,-1.0907,0.4335,net_margin,1.0814,0.5045
VSCO,2022,At-Risk,At-Risk,0.955011248588562,0.019383693113923073,0.025605082511901855,True,debt_to_equity,-0.4366,10.7481,asset_turnover,0.4265,1.3466,net_margin,0.2078,0.0549
VSCO,2023,At-Risk,At-Risk,0.949715256690979,0.03084907867014408,0.01943562924861908,True,debt_to_equity,-0.4319,9.5023,asset_turnover,0.4252,1.3439,net_margin,0.1982,0.0176
VSCO,2024,At-Risk,At-Risk,0.965710461139679,0.020149344578385353,0.014140261337161064,True,asset_turnover,0.386,1.3747,net_margin,0.1913,0.0265,ebit_margin,0.1272,0.0498
VSH,2021,At-Risk,At-Risk,0.9698782563209534,0.014136799611151218,0.01598498597741127,True,asset_turnover,0.3902,0.9146,debt_to_equity,0.2552,1.0285,net_margin,0.1611,0.092
VTSI,2021,At-Risk,At-Risk,0.8432489633560181,0.13850674033164978,0.018244244158267975,True,debt_to_equity,0.3007,0.5875,asset_turnover,0.2512,0.4929,net_margin,0.1751,0.104
VTSI,2022,At-Risk,At-Risk,0.8359529972076416,0.13445135951042175,0.029595594853162766,True,debt_to_equity,0.3052,0.5977,asset_turnover,0.2658,0.5259,net_margin,0.1703,0.0691
VTSI,2023,At-Risk,At-Risk,0.897274911403656,0.07156969606876373,0.031155407428741455,True,debt_to_equity,0.3463,0.6338,asset_turnover,0.2709,0.5463,size_bucket_micro,-0.1616,1.0
VWE,2023,Distressed,Distressed,0.005410338751971722,0.9941803216934204,0.00040940631879493594,True,ebit_margin,1.1596,-0.143,debt_to_equity,1.1305,2.2478,asset_turnover,0.6938,0.5047
W,2021,At-Risk,Healthy,0.05871141701936722,0.049018070101737976,0.8922705054283142,False,asset_turnover,3.3677,2.9996,debt_to_equity,-0.6586,1.1519,negative_equity,-0.2726,1.0
W,2022,At-Risk,Distressed,0.07835442572832108,0.7952338457107544,0.12641167640686035,False,asset_turnover,-1.4582,3.2036,ebit_margin,1.2493,-0.1075,net_margin,0.6179,-0.1089
W,2023,At-Risk,Distressed,0.12230008840560913,0.77217698097229,0.10552291572093964,False,asset_turnover,-1.6397,3.2036,ebit_margin,0.982,-0.0612,net_margin,0.59,-0.0615
W,2024,At-Risk,Healthy,0.11651675403118134,0.37652164697647095,0.5069615840911865,False,asset_turnover,3.0704,3.2036,debt_to_equity,-0.6691,1.1519,net_margin,-0.5233,-0.0415
WAT,2021,Healthy,Healthy,0.4295228123664856,0.052496012300252914,0.5179811716079712,True,ebit_margin,1.173,0.2968,debt_to_equity,-1.1623,7.4203,net_margin,0.7277,0.2487
WAT,2022,Healthy,Healthy,0.37472841143608093,0.032109614461660385,0.593161940574646,True,ebit_margin,1.2758,0.2972,debt_to_equity,-1.1208,5.5045,net_margin,0.7571,0.2381
WAT,2023,Healthy,At-Risk,0.8906362652778625,0.08125107735395432,0.02811267040669918,False,asset_turnover,0.315,0.639,debt_to_equity,0.2251,3.0222,gross_margin,-0.0782,0.5957
WAT,2024,Healthy,At-Risk,0.9191633462905884,0.033040136098861694,0.04779656603932381,False,asset_turnover,0.3579,0.6497,debt_to_equity,0.2067,1.4904,gross_margin,-0.0791,0.5943
WDAY,2021,Distressed,Distressed,0.03710224851965904,0.9623017907142639,0.0005959664704278111,True,asset_turnover,0.8935,0.4895,ebit_margin,0.8307,-0.0226,debt_to_equity,0.7812,1.315
WDAY,2022,Distressed,Distressed,0.03084167279303074,0.9687943458557129,0.00036404471029527485,True,debt_to_equity,0.8527,1.4147,asset_turnover,0.8416,0.4609,ebit_margin,0.7555,-0.0293
WDAY,2023,Distressed,Distressed,0.3813822865486145,0.6153095364570618,0.003308130195364356,True,asset_turnover,0.7564,0.4412,ebit_margin,0.6775,0.0252,net_margin,-0.4829,0.1902
WDAY,2024,Distressed,Distressed,0.44428306818008423,0.5526596307754517,0.003057322697713971,True,asset_turnover,0.8415,0.4698,opex_ratio,0.3556,0.696,net_margin,-0.271,0.0623
WDC,2022,At-Risk,At-Risk,0.9498475193977356,0.04356401041150093,0.006588439457118511,True,asset_turnover,0.3632,0.7157,debt_to_equity,0.2366,1.1487,net_margin,0.1542,0.0823
WDC,2023,Distressed,Distressed,0.009704611264169216,0.9894428253173828,0.000852597935590893,True,asset_turnover,1.3938,0.2548,debt_to_equity,0.6843,1.0731,ebit_margin,0.6837,-0.0643
WDC,2024,Distressed,Distressed,0.013908876106142998,0.9854296445846558,0.0006614353624172509,True,asset_turnover,1.5484,0.2612,debt_to_equity,0.7148,1.1896,net_margin,0.5331,-0.1263
WELPP,2023,Distressed,Distressed,0.02560078352689743,0.9732173681259155,0.0011819273931905627,True,asset_turnover,2.4413,0.2553,debt_to_equity,1.0039,2.1162,ebit_margin,-0.7224,0.2527
WELPP,2024,Distressed,Distressed,0.020133107900619507,0.9787173867225647,0.00114954833406955,True,asset_turnover,2.3485,0.2314,debt_to_equity,0.9997,2.1231,ebit_margin,-0.751,0.2666
WEYS,2021,Healthy,Healthy,0.2579229772090912,0.015265591442584991,0.7268114686012268,True,debt_to_equity,0.6546,0.3787,revenue_growth,-0.2977,0.3699,current_ratio,0.2942,4.5548
WEYS,2022,Healthy,Healthy,0.18219539523124695,0.005529525689780712,0.8122751116752625,True,debt_to_equity,0.6006,0.4587,asset_turnover,0.5215,1.0769,current_ratio,0.3529,3.6615
WEYS,2023,Healthy,Healthy,0.02048278972506523,0.0020999868866056204,0.9774172306060791,True,debt_to_equity,1.5587,0.2652,ebit_margin,0.4507,0.129,current_ratio,0.3556,6.4178
WEYS,2024,Healthy,Healthy,0.060613662004470825,0.006076602730900049,0.9333096742630005,True,debt_to_equity,1.1798,0.3196,ebit_margin,0.384,0.1261,current_ratio,0.2887,4.4303
WHLR,2021,Distressed,Distressed,0.008629758842289448,0.9904962778091431,0.0008739268523640931,True,asset_turnover,2.0202,0.1318,debt_to_equity,0.9725,3.8291,ebit_margin,-0.6736,0.3222
WHLR,2022,Distressed,Distressed,0.006699588615447283,0.992691695690155,0.0006087088258937001,True,asset_turnover,1.983,0.112,debt_to_equity,0.9161,3.4872,ebit_margin,-0.6487,0.2969
WHLR,2023,Distressed,Distressed,0.0051118433475494385,0.9944823980331421,0.0004057855112478137,True,asset_turnover,2.0318,0.1531,debt_to_equity,0.9667,3.71,current_ratio,0.6275,0.1277
WHLR,2024,Distressed,Distressed,0.007855145260691643,0.9912387728691101,0.0009060711599886417,True,asset_turnover,1.985,0.16,debt_to_equity,1.0503,4.4147,ebit_margin,-0.6456,0.3172
WLK,2021,At-Risk,At-Risk,0.9459620714187622,0.04560265317559242,0.008435300551354885,True,asset_turnover,0.3881,0.6381,debt_to_equity,0.2162,1.1645,opex_ratio,0.141,0.0572
WLK,2022,At-Risk,At-Risk,0.9747777581214905,0.01432960294187069,0.010892610996961594,True,asset_turnover,0.419,0.7686,debt_to_equity,0.2447,0.9637,opex_ratio,0.1662,0.0627
WLK,2023,At-Risk,At-Risk,0.9353824257850647,0.05836394429206848,0.006253656465560198,True,asset_turnover,0.3713,0.5965,debt_to_equity,0.2756,0.9542,opex_ratio,0.1985,0.0787
WLK,2024,At-Risk,At-Risk,0.8884192109107971,0.10340482741594315,0.008175919763743877,True,asset_turnover,0.3362,0.5852,debt_to_equity,0.2758,0.879,net_margin,0.1651,0.0496
WMS,2021,At-Risk,At-Risk,0.9172269105911255,0.011653237976133823,0.07111980020999908,True,asset_turnover,0.3542,1.0451,debt_to_equity,0.234,1.3979,net_margin,0.1551,0.098
WMS,2022,At-Risk,Healthy,0.32562267780303955,0.004084406886249781,0.6702929139137268,False,ebit_margin,1.0569,0.2356,debt_to_equity,-0.9994,1.9161,net_margin,0.8606,0.1651
WMS,2023,At-Risk,At-Risk,0.7479169368743896,0.013664698228240013,0.2384183406829834,True,debt_to_equity,0.2727,1.5524,asset_turnover,0.2253,0.8793,size_bucket_micro,0.0667,0.0
WMS,2024,At-Risk,At-Risk,0.9679614901542664,0.013231095857918262,0.01880737580358982,True,asset_turnover,0.3507,0.787,debt_to_equity,0.2462,1.256,ebit_margin,0.0998,0.2277
WNC,2021,At-Risk,At-Risk,0.9687820076942444,0.008866876363754272,0.022351078689098358,True,debt_to_equity,0.3371,2.4007,asset_turnover,0.2543,1.6289,net_margin,0.2228,0.0006
WNC,2022,Healthy,Healthy,0.25242215394973755,0.006365906912833452,0.7412119507789612,True,asset_turnover,2.582,2.079,debt_to_equity,-0.8933,2.023,current_ratio,-0.2965,1.7055
WNC,2023,Healthy,Healthy,0.033918775618076324,0.0012696929043158889,0.9648115634918213,True,asset_turnover,2.7061,1.8612,debt_to_equity,-0.6723,1.4774,ebit_margin,0.3413,0.1231
WNC,2024,Distressed,Distressed,0.12057255953550339,0.8608839511871338,0.01854351907968521,True,asset_turnover,-1.619,1.3792,ebit_margin,1.4979,-0.1827,debt_to_equity,0.889,6.4359
WRBY,2021,Distressed,Distressed,0.0665675699710846,0.9110438823699951,0.022388482466340065,True,ebit_margin,1.6647,-0.2656,net_margin,0.9476,-0.2668,asset_turnover,-0.8794,1.2273
WRBY,2022,Distressed,Distressed,0.02903672493994236,0.9665284752845764,0.004434781149029732,True,ebit_margin,1.4104,-0.1859,net_margin,0.7256,-0.1846,asset_turnover,-0.6662,1.0517
WRBY,2023,Distressed,Distressed,0.19142389297485352,0.7998616099357605,0.008714435622096062,True,ebit_margin,1.3684,-0.1075,asset_turnover,-0.9334,1.1541,net_margin,0.5043,-0.0944
WRBY,2024,Distressed,At-Risk,0.6808300018310547,0.3020433485507965,0.01712668128311634,False,opex_ratio,-0.2268,0.5924,asset_turnover,0.1903,1.1402,debt_to_equity,0.1651,0.9892
WSC,2021,Distressed,Distressed,0.011671596206724644,0.9879220128059387,0.0004064087988808751,True,asset_turnover,2.4223,0.2898,debt_to_equity,1.0622,1.8915,current_ratio,0.4665,0.9331
WSM,2021,Healthy,Healthy,0.10056835412979126,0.0022212753538042307,0.8972103595733643,True,asset_turnover,2.1519,1.7827,debt_to_equity,-0.7515,1.7795,ebit_margin,0.6414,0.1762
WSM,2022,Healthy,Healthy,0.07407870888710022,0.0016589333536103368,0.9242623448371887,True,asset_turnover,2.3461,1.8603,debt_to_equity,-0.6999,1.7413,net_margin,0.5347,0.13
WSM,2023,At-Risk,Healthy,0.360850989818573,0.003153493395075202,0.6359955072402954,False,asset_turnover,1.6677,1.4697,debt_to_equity,-0.8149,1.4783,ebit_margin,0.6756,0.1605
WSM,2024,Healthy,Healthy,0.1878419667482376,0.0022541687358170748,0.8099038004875183,True,asset_turnover,1.767,1.4546,ebit_margin,0.7602,0.1855,net_margin,0.7374,0.1459
WWW,2021,At-Risk,At-Risk,0.8913328647613525,0.10338110476732254,0.005285990424454212,True,asset_turnover,0.3274,0.9337,debt_to_equity,0.23,3.0137,net_margin,0.176,0.0284
WWW,2022,At-Risk,At-Risk,0.5475170016288757,0.4388580918312073,0.01362492237240076,True,asset_turnover,0.3165,1.0771,debt_to_equity,-0.2788,6.3531,ebit_margin,0.1203,0.0611
WWW,2023,At-Risk,At-Risk,0.5369884967803955,0.4457164406776428,0.017295071855187416,True,asset_turnover,0.2646,1.0873,debt_to_equity,-0.187,5.876,net_margin,0.1476,-0.0172
WWW,2024,At-Risk,At-Risk,0.8732675313949585,0.10806310176849365,0.018669385462999344,True,asset_turnover,0.2883,1.0481,cost_growth,-0.2347,-0.2509,debt_to_equity,0.171,4.1984
XGN,2021,Distressed,Distressed,0.04271886497735977,0.9539601802825928,0.0033209791872650385,True,ebit_margin,1.2304,-0.4983,net_margin,0.9107,-0.5559,asset_turnover,0.478,0.3913
XGN,2022,Distressed,Distressed,0.005576041527092457,0.9937136769294739,0.0007103082025423646,True,ebit_margin,1.3868,-0.8899,net_margin,0.808,-1.04,opex_ratio,0.3728,1.3584
XGN,2023,Distressed,Distressed,0.003094044514000416,0.9963705539703369,0.0005354037275537848,True,ebit_margin,1.6301,-0.4346,net_margin,0.8239,-0.4508,debt_to_equity,0.5774,1.5092
XGN,2024,Distressed,Distressed,0.003927060402929783,0.9947092533111572,0.0013637098018079996,True,ebit_margin,1.7294,-0.2451,net_margin,0.8375,-0.2717,asset_turnover,-0.8307,1.2451
XMTR,2021,At-Risk,At-Risk,0.829902172088623,0.06065105274319649,0.10944677889347076,True,debt_to_equity,0.5274,0.1812,cost_growth,0.268,0.6389,asset_turnover,0.1942,0.4344
XMTR,2022,Distressed,Distressed,0.010253885760903358,0.9890601634979248,0.0006858903216198087,True,ebit_margin,1.0725,-0.2002,net_margin,0.6919,-0.2075,debt_to_equity,0.5761,0.9745
XMTR,2023,Distressed,Distressed,0.012221595272421837,0.9867017865180969,0.0010766518535092473,True,ebit_margin,1.2072,-0.1579,debt_to_equity,0.7263,1.1409,net_margin,0.7075,-0.1456
XMTR,2024,Distressed,Distressed,0.08097924292087555,0.9164855480194092,0.0025352283846586943,True,ebit_margin,1.3979,-0.1028,debt_to_equity,0.673,1.1551,net_margin,0.5232,-0.0924
XOS,2021,At-Risk,Healthy,0.3665392994880676,0.134860560297966,0.4986001253128052,False,asset_turnover,-1.4211,0.05,ebit_margin,1.4134,0.5194,debt_to_equity,0.6236,0.3114
XOS,2022,Distressed,Distressed,0.0017267039511352777,0.9978783130645752,0.00039495405508205295,True,ebit_margin,1.0621,-3.061,asset_turnover,1.037,0.1915,net_margin,0.7333,-2.0158
XOS,2023,Distressed,Distressed,0.002245304174721241,0.9974597096443176,0.0002949639456346631,True,ebit_margin,1.3151,-1.4591,net_margin,0.8398,-1.7035,debt_to_equity,0.429,1.0728
XOS,2024,Distressed,Distressed,0.0010072741424664855,0.99886155128479,0.00013122300151735544,True,ebit_margin,1.3686,-0.8197,debt_to_equity,0.9089,1.9257,net_margin,0.7502,-0.8963
XRX,2021,At-Risk,Distressed,0.07220157980918884,0.9272703528404236,0.0005280754412524402,False,asset_turnover,1.198,0.5323,debt_to_equity,1.1302,1.8333,net_margin,0.4927,-0.0646
XRX,2022,At-Risk,Distressed,0.08627872169017792,0.9132698178291321,0.0004514048632699996,False,debt_to_equity,1.0735,2.227,ebit_margin,0.8064,0.0298,asset_turnover,0.7976,0.6157
XRX,2023,At-Risk,Distressed,0.38849133253097534,0.6092371940612793,0.00227146758697927,False,debt_to_equity,0.844,2.6104,asset_turnover,0.3648,0.688,ebit_margin,0.3157,0.0502
XRX,2024,At-Risk,Distressed,0.03679694980382919,0.9618180990219116,0.0013850191608071327,False,debt_to_equity,1.1422,5.4149,ebit_margin,0.6793,0.0256,net_margin,0.6521,-0.2123
YELP,2021,At-Risk,At-Risk,0.7334704399108887,0.07348787784576416,0.19304171204566956,True,ebit_margin,0.1045,0.0306,net_margin,0.0838,0.0384,asset_turnover,0.0749,0.9822
YELP,2022,At-Risk,Healthy,0.47807368636131287,0.027631010860204697,0.49429526925086975,False,asset_turnover,0.5604,1.1748,opex_ratio,-0.4596,0.8625,debt_to_equity,0.4398,0.4302
YELP,2023,At-Risk,Healthy,0.16645675897598267,0.00857118796557188,0.8249720931053162,False,asset_turnover,0.8142,1.3177,debt_to_equity,0.7882,0.3538,opex_ratio,-0.5299,0.8555
YELP,2024,At-Risk,Healthy,0.047713346779346466,0.004172293934971094,0.9481143951416016,False,asset_turnover,1.2468,1.4357,debt_to_equity,0.7728,0.3221,opex_ratio,-0.6113,0.8054
YETI,2021,At-Risk,Healthy,0.37345489859580994,0.005361517891287804,0.6211835741996765,False,asset_turnover,1.2507,1.287,debt_to_equity,-0.9172,1.1173,ebit_margin,0.8203,0.1949
YETI,2022,At-Risk,At-Risk,0.8146389722824097,0.007223842665553093,0.1781371831893921,True,net_margin,0.1946,0.0562,debt_to_equity,0.1945,1.0452,asset_turnover,0.1389,1.4815
YETI,2023,Healthy,Healthy,0.17585022747516632,0.002599970670416951,0.8215498328208923,True,asset_turnover,1.3763,1.2787,ebit_margin,0.575,0.1359,net_margin,0.3839,0.1024
YETI,2024,Healthy,Healthy,0.09278003126382828,0.0013644129503518343,0.9058555364608765,True,asset_turnover,1.8161,1.4228,ebit_margin,0.572,0.1341,net_margin,0.2554,0.096
ZBRA,2021,At-Risk,At-Risk,0.9171189069747925,0.058233242481946945,0.02464781329035759,True,asset_turnover,0.3375,0.9054,debt_to_equity,0.2295,1.0828,net_margin,0.1178,0.1487
ZBRA,2022,At-Risk,At-Risk,0.9403679966926575,0.05337700620293617,0.00625498965382576,True,asset_turnover,0.3543,0.7678,debt_to_equity,0.1839,1.7548,net_margin,0.1578,0.0801
ZBRA,2023,At-Risk,At-Risk,0.8344783782958984,0.1601874828338623,0.005334099754691124,True,asset_turnover,0.3365,0.6274,debt_to_equity,0.1953,1.4065,net_margin,0.1667,0.0646
ZBRA,2024,At-Risk,At-Risk,0.9448118209838867,0.049269501119852066,0.005918675102293491,True,asset_turnover,0.343,0.6251,debt_to_equity,0.2078,1.222,net_margin,0.1924,0.106
ZIP,2021,At-Risk,At-Risk,0.5077944397926331,0.06468702852725983,0.4275185167789459,True,net_margin,0.2833,0.0049,cost_growth,-0.2216,1.1191,ebit_margin,0.1974,-0.0113
ZIP,2022,At-Risk,At-Risk,0.5030184984207153,0.38438504934310913,0.11259648948907852,True,debt_to_equity,-0.7302,23.9673,asset_turnover,0.3032,1.266,opex_ratio,-0.241,0.7971
ZIP,2023,At-Risk,Distressed,0.3778705596923828,0.5620390772819519,0.06009035184979439,False,asset_turnover,-1.0061,0.9791,debt_to_equity,0.8699,33.065,ebit_margin,-0.5064,0.123
ZIP,2024,Distressed,Distressed,0.015463247895240784,0.9825777411460876,0.001959077548235655,True,debt_to_equity,1.2915,33.065,ebit_margin,0.6193,0.0027,asset_turnover,0.4309,0.7138
ZVIA,2022,At-Risk,Distressed,0.3570092022418976,0.5652532577514648,0.0777374878525734,False,debt_to_equity,-1.4574,0.2096,ebit_margin,1.399,-0.2933,size_bucket_micro,0.5526,1.0
ZVIA,2023,Distressed,Distressed,0.17572852969169617,0.7928234338760376,0.03144805133342743,True,ebit_margin,1.2691,-0.1739,asset_turnover,-0.7773,1.8317,size_bucket_micro,0.5748,1.0
ZVIA,2024,Distressed,Distressed,0.08999224752187729,0.8828708529472351,0.027136918157339096,True,ebit_margin,1.3503,-0.1388,asset_turnover,-0.8229,2.2818,size_bucket_micro,0.5934,1.0
ZVO,2021,At-Risk,Distressed,0.023139342665672302,0.9629356265068054,0.0139250373467803,False,asset_turnover,-1.4371,1.7649,ebit_margin,1.3077,-0.1519,debt_to_equity,0.8144,6.4495
