company_id,year,gross_margin,net_margin,revenue_growth,cost_growth,label
A,2021,0.539167589808514,0.1914859946194018,0.18355497284135605,0.10661028266191853,At-Risk
A,2022,0.5435163551401869,0.18311915887850466,0.08371577781294509,0.051890587288817375,At-Risk
A,2023,0.507097907214986,0.18147226693985072,-0.0021904205607476634,0.04837476099426386,At-Risk
A,2024,0.543010752688172,0.19800307219662058,-0.047270598565783695,-0.08407805945650192,At-Risk
A21,2021,0.21330992737937193,-0.011901430036163963,-0.5573333756317936,-0.47722532627691366,At-Risk
AA,2021,0.2467906517445688,0.03530283080974325,0.3086366573336205,0.13777526821005082,At-Risk
AA,2022,0.1798249136615533,-0.0098787246004337,0.024605003291639237,0.09826302729528535,At-Risk
AA,2023,0.06994597668467444,-0.06170031276656241,-0.15259818488474822,-0.032083145051965654,Distressed
AA,2024,0.15561160151324085,0.005044136191677175,0.12738129087290304,0.02875816993464052,At-Risk
AACG,2022,0.495622217907067,-0.23156709286922625,-0.019320224292996232,-0.05971812598116811,Distressed
AAGH,2022,-0.5044542404467389,-24.696043881430608,-0.4651839056375242,1.8793949013163034,Distressed
AAGH,2023,0.8251659259549308,-3.7268242065900505,0.9523354483602171,-0.47722532627691366,Distressed
AAGH,2024,0.5760681440255201,-4.142162418977161,0.44228321945298277,0.545830989795567,Distressed
AAL,2021,0.06846931262967673,-0.06669566963389331,0.7235969314183538,0.2589883997406153,Distressed
AAL,2022,0.22490861938698414,0.002593371587265933,0.6388126631416906,0.3553094686239162,Distressed
AAL,2023,0.26040009092975674,0.015571720845646737,0.07794408935900839,0.05046026518030572,Distressed
AAL,2024,0.24701628820719043,0.015605688882330155,0.026956884140334925,0.03704224785946859,Distressed
AAN,2021,0.6282776954154529,0.059568551463448464,0.0637407279532935,0.03604745546241763,At-Risk
AAN,2022,0.5164734773280746,-0.0023472571322385987,0.21887245977250658,0.2952076127672399,At-Risk
AAN,2023,0.5230731486197888,0.0013192266892223432,-0.0486984725935502,-0.0317919986545294,At-Risk
AAOI,2021,0.17826672653794343,-0.2560064282844516,-0.0982768100314121,-0.053389307321891594,Distressed
AAOI,2022,0.1509168918130492,-0.29798759525711566,0.05318932715713847,0.05025509538592261,Distressed
AAOI,2023,0.27071942512152763,-0.2575190906334139,-0.023211769246649732,-0.0809783688647912,Distressed
AAOI,2024,0.24782948689671766,-0.7488340384576825,0.14573665493507806,0.23659916214598736,Distressed
AAON,2021,0.2578589642611928,0.10992728014263345,0.03880276201970261,0.10995412614237356,At-Risk
AAON,2022,0.26729883841816043,0.11293581821536744,0.6627871517650514,0.6377897417711725,Healthy
AAP,2021,0.4477136683806467,0.054247644728504456,0.08822874317963975,0.08755598031468038,At-Risk
AAP,2022,0.46266567885840376,0.05076056354038759,-0.16813210124141786,-0.15245924967353353,At-Risk
AAPL,2021,0.4177935962516778,0.2588179335569424,0.33259384733074693,0.23359602741239127,At-Risk
AAPL,2022,0.43309630561360085,0.2530964070519973,0.07793787604184606,0.07016444243736082,At-Risk
AAPL,2023,0.4413112957720756,0.2530623426432028,-0.028004605303199367,-0.02148851726684395,At-Risk
AAPL,2024,0.4620634981523393,0.23971255769943867,0.020219940775141214,-0.004331112631234571,At-Risk
AAWH,2021,0.40908475514545056,-0.3690253052972342,1.3125052180446943,1.5726533465798285,Distressed
AAWH,2022,0.3314963811137991,-0.19929494538413406,0.22126716027691112,0.18269376546476537,Distressed
AAWH,2023,0.29911876434177287,-0.09297132609575966,0.27754812453501376,0.2630462544624285,Distressed
AAWH,2024,0.3280098433223706,-0.15134286207774586,0.08293449545884032,0.06636423347740081,Distressed
AAWW,2021,0.4487722004580199,0.1223859905741474,0.2552735559848975,0.2354927483446181,At-Risk
AAWW,2022,0.3632297700821964,0.07823079006327399,0.12857776898995218,0.24166489272761094,At-Risk
ABBV,2021,0.6895563820132747,0.2053846290727263,0.22690158064797833,0.12351429003477998,Distressed
ABBV,2022,0.7000378957522306,0.20387914700106796,0.033044468565937686,0.05628684486796415,Distressed
ABBV,2023,0.6241577377664862,0.0895283331492323,-0.06435387742446688,0.039322120285423035,Distressed
ABBV,2024,0.6999325451769801,0.0759399297049739,0.03711476858499945,0.08966971532256088,Distressed
ABCL,2022,0.8631382049507235,0.32655781337552325,0.29376364261479787,0.5745242695708179,Healthy
ABG,2021,0.19335820364516096,0.05411834066905882,0.3794133318376847,0.342520035618878,At-Risk
ABG,2022,0.20089543148523703,0.06461749784565146,0.5688524756802911,0.5654937596037984,Healthy
ABM,2021,0.1557974504704107,0.02026137494782134,0.040249849689358005,0.05443403659283901,At-Risk
ABM,2022,0.13438628852509416,0.029513488586580587,0.2533474617088912,0.23836012221041444,At-Risk
ABMC,2021,0.24706943192064923,-0.20874661857529306,-0.4651555341210514,-0.2875419463087248,Distressed
ABMC,2022,-0.11281489594742607,-1.5443592552026286,-0.5883678990081154,-0.36561672063585515,Distressed
ABMD,2021,0.8176327086037065,0.1323039525933048,0.21737606811386606,0.25419238953662426,Healthy
ABNB,2021,0.8070761014686249,-0.05874499332443257,0.7738306690349319,-0.2005280915358662,Distressed
ABNB,2022,0.8215263721871652,0.2253839742826527,0.4017022696929239,0.19412844036697247,Distressed
ABNB,2023,0.8282746798426943,0.483210648381567,0.18073580188117633,0.2905654578979717,Distressed
ABNB,2024,0.8308412898576834,0.23851558277787785,0.11949178178884744,0.017859268960590546,At-Risk
ABR,2023,0.3336377611897498,0.23155260700379401,0.3760198326406492,0.49037571304841265,Distressed
ABR,2024,0.3001953559647655,0.18637057632122322,-0.11478696491868971,-0.06525089884056665,Distressed
ABT,2021,0.5696575739988392,0.16415554265815438,0.2446544151641239,0.18457488632867253,At-Risk
ABT,2022,0.5614963461846838,0.15882069960827436,0.013418456181079513,0.018499278499278498,At-Risk
ABT,2023,0.5518462190530804,0.14268618015906653,-0.08118571461297047,-0.047037488311467514,At-Risk
ABT,2024,0.554088200238379,0.3194755661501788,0.04589992271061358,0.04442329993161072,At-Risk
ABTL,2021,0.2840120136900189,-0.07905287420548998,-0.06510382656392844,-0.04926060369819962,Distressed
ABVC,2023,-0.5044542404467389,-24.696043881430608,-0.6509892588799009,-0.47722532627691366,Distressed
ABVC,2024,0.9650998495600192,-9.621239861927945,2.343101751623696,-0.28326037654259967,Distressed
AC,2022,-0.24001838718150775,-3.2116495928552666,-0.2722232842668706,-0.33775,Healthy
AC,2023,-0.35977292438697467,0.5635498732008526,-0.1671263462043604,0.11853529633824085,Healthy
AC,2024,-0.3884629981024668,0.5635498732008526,0.0387920838918237,0.07755653054336821,Healthy
ACA,2021,0.17476920054999018,0.03417796110783736,0.052076875387476754,0.08994202735408341,At-Risk
ACA,2022,0.18329766363474229,0.10959514892099162,0.10135533294048321,0.08159049832171443,At-Risk
ACA,2023,0.19229602669093115,0.06898045842540838,0.02902621722846442,-0.0018620195750775842,At-Risk
ACA,2024,0.20047472664306004,0.03646056266780809,0.11352311625287058,0.13474600593131159,At-Risk
ACAD,2021,0.9604643237046753,-0.3467349657643888,0.0959581668571946,-0.10126712624992963,Distressed
ACAD,2022,0.9650998495600192,-0.41755681653407056,0.06834729264992925,0.13175849088886987,Distressed
ACAD,2023,0.9426818843203196,-0.0843651961560328,0.4044621883669899,0.079620048297115,Distressed
ACAD,2024,0.9145528749829035,0.23642901366364688,0.31848598020199964,0.09214869419966593,Distressed
ACAN,2021,0.9650998495600192,-0.42537407242903924,3.028803682931092,-0.19067389255227205,Distressed
ACAN,2022,0.9650998495600192,-0.05917169059972628,0.4433055910351773,0.2322450003981337,Distressed
ACAN,2023,0.9650998495600192,-0.03712679257111512,-0.12829310828299154,-0.20635706141118618,Distressed
ACAN,2024,0.9650998495600192,-0.9839340764506084,-0.5005054462816394,0.04116813447872488,Distressed
ACC,2021,0.5674404637476934,0.037657747326267046,0.08250209055071078,0.0741697807430344,Distressed
ACCD,2021,0.45481435128588066,-0.3971472900222888,0.8198206130619049,1.215957814263016,Distressed
ACCD,2022,0.45226660645147077,-1.265758298406684,0.17134645717548166,0.09516337532889131,Distressed
ACCD,2023,0.4635860697285972,-0.24090496557983257,0.14085399100076554,0.0034044911196676733,Distressed
ACCO,2021,0.3036093418259023,0.050313533797462104,0.2235983566940551,0.20719368104967686,Distressed
ACCO,2022,0.28357979051139864,-0.006777572396796057,-0.03836468671307954,-0.019358676255880603,Distressed
ACCO,2023,0.32644041903099086,-0.011894369271060672,-0.058944341753953584,-0.07835676867934932,Distressed
ACCO,2024,0.3333333333333333,-0.060977073580602566,-0.09089917066783064,-0.08986478401340194,Distressed
ACEL,2021,0.32757956573164543,0.04295453833977354,1.3224351355452155,0.9485471995214512,At-Risk
ACEL,2022,0.3082047067582185,0.07640980535101675,0.3199778959503584,0.29962754791088236,At-Risk
ACEL,2023,0.3017933733189795,0.038962936381811655,0.20687112870013002,0.2234056103248875,At-Risk
ACEL,2024,0.30179321706748813,0.028637531966608502,0.05173527451684011,0.06075282047399107,At-Risk
ACHC,2021,0.40674535105085824,0.08662699609487408,0.10740317015554117,0.1018353289957856,At-Risk
ACHC,2022,0.4103981805080373,0.10463496193493792,0.1278974107260907,0.1277864331129732,At-Risk
ACHC,2023,0.4110521323518867,-0.007398067017261359,0.12195032253689952,0.31138225345171333,Distressed
ACHC,2024,0.4129297014581338,0.08104470470959868,0.07690172354099274,-0.0634245867474476,At-Risk
ACI,2021,0.2882635246984851,0.022529803719726793,0.03151940582921033,0.019870301284507653,Healthy
ACI,2022,0.2801762273389337,0.0194913824522181,0.08016331186445394,0.08673420177902284,Healthy
ACI,2023,0.27822236132548017,0.016355850813438554,0.02045081951379078,0.021655819769744643,Healthy
ACIW,2021,0.5338742651018022,0.0932374044030416,0.058931239676062064,0.009675724483245156,At-Risk
ACIW,2022,0.5104645119456277,0.09999078698165344,0.03743110671400367,0.049422719546205265,At-Risk
ACIW,2023,0.5048730568182522,0.08365052778540788,0.02157534174320153,0.011579832291517865,At-Risk
ACIW,2024,0.5033626295876278,0.12740358078339672,0.09755682823447125,0.043810477604163706,At-Risk
ACLS,2021,0.43241680605288424,0.14892184509108913,0.39587828725556307,0.2847024985654916,At-Risk
ACLS,2022,0.4367292102808919,0.19899934565075142,0.3888271631030089,0.32243138236937563,Healthy
ACLS,2023,0.43454737467760596,0.21781543316669674,0.2289200628697019,0.2221082278060644,Healthy
ACLS,2024,0.4466741660239816,0.19746430027557682,-0.09971572716884072,-0.06676387502905266,Healthy
ACN,2021,0.3238280337778256,0.1168892313951079,0.14001273579315776,0.13483224661525367,At-Risk
ACN,2022,0.31985975002072026,0.11165267633103418,0.21888332088710694,0.21707900799452645,At-Risk
ACN,2023,0.32336675596647696,0.10718093853162163,0.04087131107332082,0.038516116644676815,At-Risk
ACN,2024,0.32609352953344267,0.11194426556121763,0.012239863382286663,0.01149487146726019,At-Risk
ACOR,2021,0.6839956303119988,-0.8054016781461366,-0.156216700334059,-0.13963746122802922,Distressed
ACOR,2022,0.7441762393940927,-0.5559435251252467,-0.08138931285881414,-0.22177642099142317,Distressed
ACOR,2023,0.8700789744374453,-2.149515867146124,-0.007869034967865998,-0.12269461152414042,Distressed
ACRS,2021,0.30291377015234433,-13.439579943795296,0.04304227090404196,0.31170342357411684,Distressed
ACRS,2022,0.8647821995159989,-2.9210809357354126,3.400532465611596,0.5927091274516598,Distressed
ACRS,2023,0.8904604947358316,-2.831482607443438,0.05031594514654477,0.29564165491793293,Distressed
ACRS,2024,0.8508547008547008,-7.054754273504273,-0.4009408301065634,-0.47722532627691366,Distressed
ACRX,2021,-0.3317955997161107,-12.45528743789922,-0.47968980797636634,-0.16378102158304406,Distressed
ACTG,2021,0.5900144241143934,0.5635498732008526,1.956383050164529,0.49091277890466534,Distressed
ACTG,2022,0.3686912179389764,-2.1117640106039883,-0.32737060887934855,0.35118772278305355,Distressed
ACU,2021,0.35587470860653364,0.07499512363719478,0.11026941329868031,0.10962156617269231,At-Risk
ACU,2022,0.327686186036603,0.015646159630860745,0.06521476846202326,0.10850310917522489,At-Risk
ACU,2023,0.37707508046944543,0.09291421415268511,-0.012690142757957927,-0.04995882684794806,Healthy
ACVA,2021,0.4287583522814457,-0.2181204402471857,0.7202925747635068,0.7479237281328814,Distressed
ACVA,2022,0.43858429669133087,-0.24243409113014763,0.17602633671376958,0.21252182703795608,Distressed
ACVA,2023,0.4920267479022679,-0.15639169302252126,0.14163912803152334,0.08180763939682191,Distressed
ACVA,2024,0.5221876589092781,-0.12508710582651658,0.324004538332703,0.2633510301955997,Distressed
ADBE,2021,0.8818498574596135,0.3054798859676908,0.22668635374572582,0.15664465299501795,At-Risk
ADBE,2022,0.8770305577643985,0.27013518118823127,0.11536268609439342,0.15275969147550836,At-Risk
ADBE,2023,0.878716059559998,0.2796640733680251,0.10240826990798592,0.10870698644421273,At-Risk
ADBE,2024,0.89035108114392,0.25854452452917925,0.10799113813179453,0.07876792852104397,Healthy
ADCT,2023,0.9636418528422324,-3.4511199286926018,-0.6509892588799009,-0.29319553971168966,Distressed
ADCT,2024,0.9160184649265215,-2.22829877041659,0.0183875327065183,-0.14457171483884115,Distressed
ADES,2021,0.34616228288830836,0.5635498732008526,0.48885886911212384,0.17721002758786134,Healthy
ADES,2022,0.11634478138017419,-0.0865837435792867,0.026851057889803975,0.17230803716987284,At-Risk
ADES,2023,0.32122440337557845,-0.12349898672151477,-0.036936700748638175,0.0016861501021250705,At-Risk
ADES,2024,0.36200772767738326,-0.04688919685386246,0.09856527832390631,-0.0381348211264306,At-Risk
ADEX,2023,0.30340399510803095,-0.9507236037505096,-0.12216506374412883,-0.18585620980455944,Distressed
ADI,2021,0.6183158187586547,0.18999284805212588,0.3061240151802873,0.36746778203443575,At-Risk
ADI,2022,0.6269771489866824,0.22878073520014602,0.641634803559194,0.526761174376704,At-Risk
ADI,2023,0.640135958286752,0.2693566693827877,0.024270612678441477,-0.01643200645238764,At-Risk
ADI,2024,0.5708341337690674,0.17346406769294284,-0.23390946142220995,-0.1159155015725721,At-Risk
ADM,2021,0.07022956281012094,0.03177749885629157,0.3246678579752933,0.31422454424898943,At-Risk
ADM,2022,0.07454015518531648,0.042735042735042736,0.1912867013102793,0.18342734876483174,At-Risk
ADM,2023,0.0799808378133816,0.03707883110661628,-0.07504234117137343,-0.07669707429322814,At-Risk
ADM,2024,0.06755524377411434,0.02104524728165556,-0.08947676584872519,-0.07143016088475489,At-Risk
ADMA,2021,0.014491679329898817,-0.5634088185513263,0.9171818102428428,0.3003914886181559,Distressed
ADMA,2022,0.2288746105919003,-0.4277258566978193,0.9035617656869649,0.38852401358053934,Distressed
ADMA,2023,0.34444939294773735,-0.10936235307786148,0.6758502076843198,0.22299878518441935,Distressed
ADMA,2024,0.5148339563000933,0.4635271330553823,0.6515461921267162,0.21509575920501472,At-Risk
ADMP,2021,-0.5044542404467389,-20.749134324573955,-0.20453419972073628,-0.005175176854626775,Distressed
ADMP,2022,-0.3009639455029964,-5.567249527867289,1.1533576615897279,-0.13020110310116764,Distressed
ADN,2021,0.31552291719422637,-2.598505950873639,4.509057831645275,1.8793949013163034,Distressed
ADN,2022,0.07701409056684952,-7.9958050984188445,0.17713345150671056,0.0970408967678671,Distressed
ADNT,2021,0.060380116959064326,0.08099415204678363,0.07971586424625099,0.09219689775245331,At-Risk
ADNT,2022,0.05714892712980667,-0.008497981729339282,0.03223684210526316,0.00804289544235925,At-Risk
ADNT,2023,0.06709970769730432,0.013316011692107827,0.09022023935981871,0.0721679125934445,At-Risk
ADNT,2024,0.06318082788671024,0.0012254901960784314,-0.04592400129912309,-0.043510324483775814,At-Risk
ADOM,2021,0.37270393627707255,-3.7458073156834297,4.509057831645275,1.8793949013163034,Healthy
ADOM,2022,0.3844825125132614,-9.724272030876737,1.2050734172555515,0.152777648371669,Healthy
ADOM,2023,0.3512510072993619,-4.430537998283531,-0.36446307025607705,-0.06930173880512969,At-Risk
ADOM,2024,0.26138359197031114,-4.731920366191459,-0.3467844838697621,-0.06568650317099556,Distressed
ADP,2022,0.4997908875459896,0.17873962771921956,0.09949084996068082,0.08683480583521677,Distressed
ADP,2023,0.5193591010537303,0.1894271660319117,0.09176096931198972,0.06378051374152231,Distressed
ADP,2024,0.5287044462729006,0.1953902075760574,0.06608853998956263,0.05559504768674842,Distressed
ADP,2025,0.5319903311625463,0.19842030261321245,0.07073521293991439,0.06267010858890541,At-Risk
ADPT,2021,0.6805771523350438,-1.3429676566630384,0.5688235652863328,0.4463035282783769,Distressed
ADPT,2022,0.6874986508947266,-1.0803149351350185,0.2006168040221842,0.0610608020698577,Distressed
ADPT,2023,0.55629096290728,-1.3228523103666987,-0.08111900187795454,-0.03531053661016773,Distressed
ADPT,2024,0.5972216789508095,-0.8912308543393106,0.050981935211069085,-0.10105624902522843,Distressed
ADRA,2023,0.03546407162373719,-0.030554352122424532,-0.18248849812011905,-0.1334986789921677,At-Risk
ADSK,2021,0.9046967624259006,0.11331509347925217,0.15725593667546175,0.1920278392913635,Distressed
ADSK,2022,0.9040959040959041,0.16443556443556442,0.14113087095303237,0.06581740976645435,Distressed
ADSK,2023,0.9070402037474986,0.16481717300345644,0.0983016983016983,0.087898406374502,Distressed
ADSK,2024,0.9057250040776382,0.18137334855651607,0.11533563762052028,0.0899519340810254,Distressed
ADT,2021,0.8161227851561952,-0.0810950424284446,-0.2092396176930515,-0.19405856375094854,Distressed
ADT,2022,0.8405300526894245,0.030275195440155694,0.0426345014886777,-0.12203363062930979,Distressed
ADT,2023,0.838446070601424,0.09951139351069373,0.06182700488189609,-0.0474406429837288,Distressed
ADT,2024,0.8270647466563886,0.10228815424320284,0.05278987556804212,0.062328019268462806,Distressed
ADTN,2021,0.38787823887574513,-0.01533736882864065,0.11153580383408028,0.11910859365616852,Healthy
ADTN,2022,0.31910337618572143,-0.0019862783949076384,0.8215430085754275,0.8710793070499772,At-Risk
ADTN,2023,0.2881620398572796,-0.23396745278913933,0.12048723789316027,0.23494953419740408,Distressed
ADTN,2024,0.3513135078897174,-0.49840796774752905,-0.1970063527978418,-0.21122426200132743,Distressed
ADUS,2021,0.31214379658044716,0.052199019316390184,0.13039652185283254,0.10870259403444274,At-Risk
ADUS,2022,0.31514319959626547,0.048390318782067454,0.10019791810054147,0.10496354076009032,At-Risk
ADUS,2023,0.321046312713066,0.05905251116751413,0.11305723778282446,0.09668363964400946,At-Risk
ADUS,2024,0.3248062747326128,0.06374334292685166,0.0906323235891715,0.08702432067955296,At-Risk
ADV,2021,0.1771577476377579,0.015127565792724533,0.14153154749021682,0.08909963780109903,Distressed
ADV,2022,0.12967763309091687,-0.3786021717107172,0.012226639772722857,0.05712773370894803,Distressed
ADV,2023,0.12437524438319285,-0.016235889875324507,0.06959934092852509,0.08674523457747331,Distressed
ADV,2024,0.14223946001541082,-0.0916803969577638,-0.08558725681869171,-0.07380637287736598,Distressed
AE,2021,0.9617712585991337,0.00587002593318994,0.9807907106850204,0.954002698000037,Healthy
AE,2022,0.9650998495600192,0.0010356655658574298,0.6625075794833508,0.6730068266265813,Healthy
AE,2023,0.949071009906775,7.722308693461863e-05,-0.1846270638688153,-0.1839408344653877,Healthy
AEE,2021,0.7452299030340944,0.15483265561463871,0.10355540214014498,0.1261682242990654,Distressed
AEE,2022,0.6635666708558502,0.13497549327636044,0.24444791992492962,0.27287097411578737,Distressed
AEE,2023,0.7110666666666666,0.1536,-0.057433706170667335,-0.0776156473144986,Distressed
AEE,2024,0.7375049193231011,0.15505706414797324,0.0164,0.027768428138673848,Distressed
AEHR,2022,0.4655806724507663,0.1859174880481615,2.061987951807229,1.0704936964680973,At-Risk
AEHR,2023,0.5040870676251905,0.22408829913332615,0.27803025831710243,0.19886588114992215,At-Risk
AEHR,2024,0.4914524751578121,0.5007097767978496,0.019350071581410385,0.08827976582793781,Healthy
AEHR,2025,0.4058641975308642,-0.06630714964048297,-0.10948684647678879,0.13610616316351978,At-Risk
AEIS,2021,0.36561732032742794,0.09254138523607201,0.028342465811476834,0.05941774135298381,At-Risk
AEO,2021,0.39750059122472825,0.08374516168624277,0.332970038410657,0.17520887146486244,At-Risk
AEO,2022,0.349760803618077,0.025078193999678946,-0.00418138076169702,0.07096572058108216,At-Risk
AEO,2023,0.3847712841876403,0.03231574166107602,0.054498216673784475,0.037449023710448955,At-Risk
AEO,2024,0.39201903220551837,0.061813006366338054,0.012710931872734841,-0.0027708817693131685,At-Risk
AEP,2021,0.6744699857074797,0.14817174845164363,0.12558233066327043,0.12055352532939954,Distressed
AEP,2022,0.6385905954835918,0.11747753252374042,0.16957479752262983,0.18639250211308167,Distressed
AEP,2023,0.6534508463147247,0.11632415460718669,-0.03346317370605158,-0.038660866275770756,Distressed
AERC,2022,0.5045513367901191,-24.696043881430608,-0.6314972482242814,0.9774114878847744,Distressed
AERG,2023,0.7576626208509931,-2.7933096023740585,1.0121803974285744,0.41685188204730983,Distressed
AERI,2021,0.8617140737840873,-0.38535238546570927,1.3350814308739687,0.01675939862339551,Distressed
AEVA,2021,0.37042633567188343,-10.99600647598489,0.9130704109023333,1.8793949013163034,Healthy
AEVA,2022,-0.5044542404467389,-24.696043881430608,-0.5475445223961144,0.3763386836607875,Healthy
AEYE,2021,0.7501938538138188,-0.5798881769579235,0.19672771672771672,0.44943494639235004,Distressed
AEYE,2022,0.7586668003877912,-0.3487781232240163,0.22078929110721135,0.00814674130347861,Distressed
AEYE,2023,0.7773023374632776,-0.18750798313960915,0.046902684451576235,-0.07587625799415001,Distressed
AEYE,2024,0.7937274509246897,-0.1208488395216045,0.12405798952612083,0.035138542421072394,Distressed
AFGS,2024,-0.5044542404467389,-24.696043881430608,3.169707020453289,-0.33096856667806174,Distressed
AFI,2021,0.1140175411601785,-0.08155100784736113,0.11132010943912449,0.14040247678018575,Distressed
AFIB,2021,-0.5044542404467389,-6.817065399988414,1.0395793950850662,0.3353159478435306,Distressed
AFRM,2023,0.8847514302716966,-0.6205001936416276,0.1769024051132001,0.29904303722195896,Distressed
AFRM,2024,0.8518066516602031,-0.2228830059763263,0.46285953582684974,0.05319032484253909,Distressed
AFRM,2025,0.8680531110953287,0.01618373092015875,0.38803804909085193,0.11553765459175348,Distressed
AGCO,2021,0.2309418852068987,0.08053293590583842,0.21734045925003007,0.1913651451305351,At-Risk
AGCO,2022,0.23723066221920103,0.07031632862766177,0.13584658341039477,0.12076153967752135,At-Risk
AGCO,2023,0.26209375260192613,0.0812772334933807,0.13919408128744645,0.11919181233967154,At-Risk
AGCO,2024,0.2485958548778501,-0.036426311321482774,-0.19084260775443368,-0.154497479521109,At-Risk
AGE,2021,0.8680555555555556,-24.696043881430608,-0.6011080332409973,-0.2177612082974859,Distressed
AGE,2022,0.6176470588235294,-24.696043881430608,-0.6509892588799009,-0.14346816570939752,Distressed
AGEN,2021,0.9322834338348652,-0.4669125539098023,-0.019366567792555738,-0.47722532627691366,Distressed
AGEN,2022,0.8696097422546855,-2.7153203617564685,0.5816599340397712,1.8793949013163034,Distressed
AGFS,2021,0.7050647934501684,-0.03267083963395165,0.05294240784557513,0.03493576052311635,Distressed
AGFS,2022,0.66998894631863,-0.2059875136627207,-0.024411256167577368,0.020446911055936906,Distressed
AGIO,2023,0.8925921783543973,-13.126346791932297,0.8836376404494382,0.037251386729549925,At-Risk
AGIO,2024,0.8858841580360568,0.5635498732008526,0.3606979085113522,0.10500585690038489,Healthy
AGM,2021,0.5210545467350604,0.3194839951639219,-0.16279476566154474,-0.2589001172702478,Distressed
AGM,2022,0.3779601812378635,0.24851014440997254,0.682880048830303,0.8599214216198681,Distressed
AGM,2023,0.2352580787882967,0.14365059527913765,0.9422360109814075,1.2209117089601123,Distressed
AGM,2024,0.22068192646658966,0.12921168232808403,0.15171286400514836,0.17878926967694195,Distressed
AGS,2021,0.7566115766126548,-0.08691701065861623,0.5550006885938913,0.14123369593980187,Distressed
AGS,2022,0.7199033079538256,-0.025966597293139777,0.19153163699094325,0.13634792286742944,Distressed
AGS,2023,0.7051433796306684,0.0012004397872865573,0.15221241225972415,0.1044912889917787,Distressed
AGS,2024,0.7009864130778873,0.13079153634786572,0.10750387057688424,0.08154271452996047,Distressed
AGTI,2021,0.4088005083326113,0.023111804291944663,0.34317067367375653,0.26748718894709284,Distressed
AGTI,2022,0.3843548335313192,0.02694391826571491,0.07952517112901829,0.10149819146886972,Distressed
AGTI,2023,0.3440333933819398,-0.01653748837906222,0.04754515326962112,0.07821483601572321,Distressed
AGX,2021,0.19579480534778254,0.0750809823900112,0.29873076903463996,0.23776748469581235,At-Risk
AGX,2022,0.18978771097046412,0.07273646272855133,-0.10666116968019318,-0.09538711350471267,At-Risk
AGX,2023,0.1409896168544284,0.056438404906049365,0.25996176160337553,0.29877277312631995,At-Risk
AGX,2024,0.16128161394863066,0.09775915458962066,0.5247317004254072,0.4639981373690338,At-Risk
AGYS,2021,0.6242898251309673,0.03983127966747829,0.1856009797632239,-0.011490255100104974,At-Risk
AGYS,2022,0.6099967182490597,0.07362229571100397,0.2178422981381736,0.184707997210796,At-Risk
AGYS,2023,0.6074857662635178,0.3629813361183169,0.19891954661348546,0.18757492305200066,At-Risk
AGYS,2024,0.6239950076916378,0.08426334426610164,0.16069804265067547,0.1256507841238229,At-Risk
AH,2021,0.18018445680184456,0.06591618065916181,0.16037141957821843,0.11597245549210615,At-Risk
AHCO,2021,0.18506326238372825,0.06335365680511779,1.302426713839797,1.2410489132610174,Distressed
AHCO,2022,0.1952857929135409,0.023334045872964844,0.20504598134783966,0.24141681829852313,Distressed
AHCO,2023,0.19501015100102276,-0.2121429533428932,0.07728485370775888,0.06748006606756962,Distressed
AHCO,2024,0.20886176680287338,0.027728516777957513,0.018998324155195166,0.00551723487267129,Distressed
AHH,2021,0.8463175917999028,0.07236235385891787,-0.2114020133773336,-0.29323159863895476,Distressed
AHH,2022,0.8922974714039195,0.15865438699639803,0.5572879652798207,0.6244992893138649,Distressed
AHPI,2022,0.09344665188254622,-0.19822937363594156,-0.2544934496848852,-0.1407296110029865,Distressed
AHR,2021,0.16637577266282655,-0.03727342632582936,4.509057831645275,1.8793949013163034,Distressed
AHR,2022,0.18376922725820438,-0.049478600879395075,0.2814738733511457,0.2467477925139805,Distressed
AHT,2021,0.2838364512031745,-0.33151397236938657,0.5847122804670253,0.10634417986955987,Distressed
AI,2022,0.7479298462171475,-0.7598740302026832,0.37956084861120964,0.8436430845055961,At-Risk
AI,2023,0.6763919863565659,-1.007661312993122,0.05553115813878042,0.24150498684506583,At-Risk
AI,2024,0.5749206328763419,-0.9005544429490441,0.16412226615941078,0.12854394855083906,At-Risk
AI,2025,0.6062443452870538,-0.7420576986346439,0.25266757249293265,0.1344454973891917,Distressed
AILIM,2023,0.7110666666666666,0.1536,-0.057433706170667335,-0.0776156473144986,Distressed
AILIM,2024,0.7375049193231011,0.15505706414797324,0.0164,0.027768428138673848,Distressed
AIM,2021,-0.5044542404467389,-24.696043881430608,-0.17177914110429449,0.13267457180500658,Healthy
AIMC,2021,0.35551110643225603,0.014580482156016423,0.10069524913093858,0.1094001071237279,Distressed
AIMC,2022,0.3561552300179902,0.06527884862503212,0.024055163701442256,0.017923958961979482,At-Risk
AIN,2022,0.3766420874936104,0.09253377421882776,0.11369183418707761,0.1385001693563658,At-Risk
AIN,2023,0.36912159413333284,0.09680209842417822,0.10921192362064651,0.14755217807367185,At-Risk
AIN,2024,0.3264839125152871,0.07120261007707529,0.07204926522921241,0.10827950063945993,At-Risk
AINC,2021,0.7202074020911831,-0.02854639113600491,0.3109449089997989,0.18327629672029327,Distressed
AINC,2022,0.7364097375673462,0.005657695458946794,0.6757340073381232,0.6026116714697406,Distressed
AIP,2021,0.901463131206423,-0.617578702725544,0.19024267571985415,0.6754896175784653,Distressed
AIP,2022,0.9150224304259796,-0.5436301560204851,0.33049862666384955,0.32878297472706236,Distressed
AIP,2023,0.9053963403272091,-0.6870085342675064,0.06526658462027075,0.12083196607516974,Distressed
AIP,2024,0.8967154043378838,-0.5827385489571062,0.07561584615957963,0.005765246374200522,Distressed
AIR,2022,0.17208791208791208,0.043241758241758244,0.10149488591660111,0.0904102596822561,Healthy
AIRC,2021,0.6381207230044287,0.5635498732008526,0.02959741840801828,-0.0838517305602037,Distressed
AIRC,2022,0.6623989205439156,0.5635498732008526,0.04436777606353757,0.021262498885335584,Distressed
AIRC,2023,0.6636983900706799,0.5635498732008526,0.0598573391252425,-0.002375563771331923,Distressed
AIRG,2021,0.38285127502995037,-0.1569399281191169,0.3251618489959177,0.4386294160894633,Distressed
AIRG,2022,0.36856182884247973,-0.1140918374069438,0.18082242932491094,0.13607326815229231,Distressed
AIRG,2023,0.3705032119914347,-0.2217701641684511,-0.26161143685354765,-0.18981947321692808,Distressed
AIRG,2024,0.40928068119935973,-0.14336870245383587,0.08135260528194146,0.015882524839275276,Distressed
AIRI,2021,0.17395951746721186,0.027604811754525865,0.1764975946663473,0.09538963054951878,Distressed
AIRI,2022,0.1399752056801533,-0.020211127390210002,-0.09672712465430361,-0.05349677602210728,Distressed
AIRI,2023,0.1441882133706033,-0.04136578926935321,-0.03234531725459258,-0.030337625393022906,Distressed
AIRI,2024,0.16208173042026566,-0.02478768962764027,0.06972591039676994,0.05477601281581131,Distressed
AIRS,2022,0.6280614239842648,-0.08696399161107622,0.26612909275025315,0.4740084713130535,Distressed
AIRS,2023,0.6234476844786313,-0.021641817708519424,0.1606869912437646,0.0821258562637873,At-Risk
AIRS,2024,0.6054948710840033,-0.044457998336567786,-0.0794571170444627,-0.024087078274957485,Distressed
AIT,2022,0.2904775950513767,0.0675507442773933,0.17761785755453088,0.15829955480441216,Healthy
AIT,2023,0.29164402417153396,0.07857584106577374,0.1580081854243184,0.14099353050175248,Healthy
AIT,2024,0.2983996092339029,0.0861190077434374,0.015095198189627705,0.011153294854381476,Healthy
AIT,2025,0.3030967536656686,0.08611691571942472,0.01875650476871264,0.020411775027657262,Healthy
AJG,2021,0.8570906521792092,0.11045874241722903,0.17216859900622536,0.15131005829926958,Distressed
AJG,2022,0.9650998495600192,0.13030664514770893,0.04156211172558287,0.001644258192189046,Distressed
AJRD,2021,0.17728519195612433,0.0670018281535649,0.05562792492883678,0.05147963825119067,At-Risk
AJRD,2022,0.148105112620665,0.03307114765820522,0.0226691042047532,0.04325919894142195,At-Risk
AKA,2021,0.5472588497503518,-0.010615609285812117,1.6037486800422387,1.816695566014367,At-Risk
AKA,2022,0.5512932006839529,-0.2888442437775649,0.08813196938407054,0.11759263330695043,At-Risk
AKA,2023,0.5497036199012189,-0.18102435113078436,-0.10703928806122882,-0.0800798700308693,Distressed
AKA,2024,0.56987421197605,-0.04522383099267962,0.05206148010646983,0.04254708692793103,Distressed
AKAM,2021,0.6333792997446278,0.18826929094138112,0.08225820623116684,0.06594216827603405,At-Risk
AKAM,2022,0.6173758949570515,0.14479460849724635,0.0449063813571099,0.09729288151707807,At-Risk
AKAM,2023,0.603595301055636,0.14366224894541332,0.053990788170502346,0.06528791523722936,At-Risk
AKAM,2024,0.5939050924441166,0.1265088314999519,0.04702302251883565,0.07837773606218723,At-Risk
AKLI,2022,-0.3653250773993808,-24.656346749226007,-0.3996282527881041,0.4855445091989487,Distressed
AKLI,2023,0.5119189511323003,-24.696043881430608,4.195046439628483,-0.27293406593406594,Distressed
AKTS,2022,-0.2695114006514658,-3.8454071661237785,1.319431852523421,0.5809589269349329,Distressed
AKTS,2023,-0.11489251871243686,-2.343460786844143,0.7668403908794789,0.22771885910019102,Distressed
AKTS,2024,-0.025160677768039732,-6.13314344142565,0.009697282548578592,0.008112458418285224,Distressed
AKU,2022,0.188431374903119,-0.2091175525024979,0.7802621360837277,0.735659368767562,Distressed
AKYA,2021,0.6230857475827157,-0.7818161953493453,0.29390005419032583,0.7083897283767497,Distressed
AKYA,2022,0.5796230246196182,-0.9436540696509438,0.3631298140830708,0.5309739315404485,Distressed
AKYA,2023,0.5826684465969182,-0.6552937402336676,0.29086682963972266,0.08221625185195687,Distressed
AKYA,2024,0.5862229405426584,-0.677894504848663,-0.15482288659153706,-0.19525759014836405,Distressed
ALB,2021,0.29987496833642985,0.03716153784438921,4.509057831645275,1.8793949013163034,At-Risk
ALB,2022,0.4200195789568017,0.3674559814997164,1.1995789008091151,0.7135562843170079,At-Risk
ALB,2023,0.12331121636924998,0.16361056327915716,0.313806880339405,0.9470706534951049,At-Risk
ALB,2024,0.011629697373848122,-0.21932929752454938,-0.4408430392911536,-0.36143613130807706,At-Risk
ALBO,2022,0.9377542717656632,-3.8445890968266885,1.6834061135371179,0.03837087174699498,Distressed
ALCO,2021,0.22008216351645113,0.32109170627463984,0.17357605370404403,0.0997593064286215,At-Risk
ALCO,2022,-0.16058163942271092,0.13550197396326144,-0.1530617884381563,0.24082061960817644,Distressed
ALCO,2023,0.16177282537770415,0.046052301360236914,-0.5666416522561911,-0.47722532627691366,Distressed
ALCO,2024,-0.5044542404467389,0.1494972450314088,0.17058173969783666,1.5905819312944167,Distressed
ALE,2021,0.502184329199549,0.11922209695603157,0.2139252416388675,0.24523669220192496,Distressed
ALE,2022,0.4874896542942637,0.12051951359266569,0.10675028184892897,0.13297578673396956,Distressed
ALE,2023,0.44430258538142353,0.13145015427173104,0.19679123957471192,0.18266620257570484,Distressed
ALE,2024,0.5611191005360178,0.11720486338083409,-0.18619002021491649,-0.19377244099122962,Distressed
ALG,2021,0.25071820827552815,0.06014361917010874,0.14676578430310813,0.13905365586175855,At-Risk
ALG,2022,0.24875397723068465,0.0673407257851397,0.13445503487797766,0.12136763370944356,Healthy
ALG,2023,0.2684838466641928,0.08058528062895828,0.11630096404900582,0.09278957732611295,Healthy
ALG,2024,0.253291192640157,0.07118764173205863,-0.03618380363755592,-0.018756653553969875,Healthy
ALGM,2021,0.5300816731150007,0.1553415362039044,0.3001774336230796,0.10026286927911146,Healthy
ALGM,2022,0.5608558695962524,0.19242687076401963,0.26666571264281086,0.21885561307798437,Healthy
ALGM,2023,0.547500540802217,0.14551343810125533,0.07776281693786184,0.09029578916486877,At-Risk
ALGM,2024,0.44348184704678306,-0.10070261487491138,-0.30910158219193096,-0.11322351932659051,At-Risk
ALGN,2021,0.7426420286071087,0.1953203271581325,0.5989799109282948,0.427583858171405,At-Risk
ALGN,2022,0.705229560586242,0.09681615472462503,-0.0551408901113803,0.035079484332957905,At-Risk
ALGN,2023,0.7008495026228166,0.11523123766913672,0.03417335295149325,0.040582849956842644,At-Risk
ALGN,2024,0.6999626407722708,0.10536652553180635,0.03540724860573861,0.03794664721740601,At-Risk
ALGT,2021,0.4585147929340539,0.08891159370224426,0.7250344166541255,0.4831030340219682,Distressed
ALGT,2022,0.40603059566979127,0.0010830517818656382,0.34774607561288357,0.5204883575138188,Distressed
ALGT,2023,0.44870404967294947,0.04685366536818632,0.09037508867948053,0.038913921908317405,Distressed
ALGT,2024,0.4238620005102307,-0.09561372751373186,0.001088508229751735,0.054951462925692106,Distressed
ALIM,2021,0.8809059953582138,-0.07406528994223179,0.16153089334907517,0.1541084546287095,Distressed
ALIM,2022,0.8526298287424486,-0.33451569399028247,-0.08301004590963763,0.11040013506668918,Distressed
ALIM,2023,0.8658023131981079,-0.2493003442553929,0.4918805076761071,0.2572184463805136,Distressed
ALJJ,2021,0.19418717803893815,-0.010531855289631692,0.2593892924785675,0.23489873403245543,Distressed
ALKS,2021,0.8318868311933281,-0.041038516687099735,0.12995833477736832,-0.06530499494867453,Distressed
ALKS,2022,0.8038595244626933,-0.1423526819242756,-0.05278461956581933,0.03892082285862984,Distressed
ALKS,2023,0.8478801013583583,0.21387274896973377,0.4961436235996744,0.11754260728304547,At-Risk
ALKS,2024,0.8424974576793491,0.23565900032870407,-0.06358824218996577,-0.08988115583098465,At-Risk
ALKT,2021,0.5507856912834601,-0.30771758489474826,0.3568422179023024,0.31205005259347296,At-Risk
ALKT,2022,0.5302981348215597,-0.2868752141773143,0.34247727705886605,0.42894029943985174,Distressed
ALKT,2023,0.5441621260350941,-0.2375590470904086,0.2964752533411661,0.19594663518988079,At-Risk
ALKT,2024,0.588978849719484,-0.12231577749221953,0.26061148430508513,0.152333576017522,At-Risk
ALLE,2021,0.42020645881286184,0.16844528143963172,0.05422993492407809,0.07368614479970599,At-Risk
ALLE,2022,0.4041688315657569,0.13997982823435923,0.14106856385575783,0.14902447372924868,At-Risk
ALLE,2023,0.4331927248822176,0.14802235126547605,0.11580427274672209,0.09286911189722584,At-Risk
ALLE,2024,0.44231482954244206,0.15839563119664918,0.03325298564698148,0.019285154519745135,At-Risk
ALLT,2023,0.5656038647342995,-0.674224369296833,-0.24106015301009476,0.019863747209785426,Distressed
ALLT,2024,0.6908183740983784,-0.06365854981289658,-0.01025228126677402,-0.3787582629598001,Distressed
ALNY,2021,0.8340090514244564,-1.010111490523957,0.7130604865953946,0.17531944136454422,Distressed
ALNY,2022,0.8372719578800445,-1.0903570209886468,0.22875041307043695,0.1735747508434008,Distressed
ALNY,2023,0.8302207743620822,-0.24079414010453473,0.7623484458530698,0.15801293834259722,Distressed
ALNY,2024,0.856167682941746,-0.12372194642660958,0.22969580351497462,0.14909543717101476,Distressed
ALRM,2021,0.5915732159809017,0.06977458346073069,0.2119180651226612,0.22376870421306558,At-Risk
ALRM,2022,0.5934041414310451,0.06686534711515751,0.12495844287280249,0.15147723949915406,At-Risk
ALSN,2021,0.47668609492089925,0.18401332223147376,0.154252763094666,0.12023270846800259,Distressed
ALSN,2022,0.4684001444564825,0.19176598049837487,0.152789342214821,0.1454125793421812,Distressed
ALSN,2023,0.4843492586490939,0.22174629324546952,0.09606356085229324,0.06599496221662468,At-Risk
ALSN,2024,0.4741085271317829,0.22666666666666666,0.06260296540362438,0.054820415879017016,At-Risk
ALTG,2021,0.25923482849604224,-0.017150395778364115,0.3882783882783883,0.35510944765793356,At-Risk
ALTM,2023,0.5895287533070362,0.3075838180469464,0.035370707628410616,0.026052228219994478,Distressed
ALTM,2024,0.5814917639347534,0.16469635430961294,0.1802887906196375,0.20589187709637163,Distressed
ALTO,2021,0.056117599917873455,0.0381507618230769,0.34655633133152663,0.3345899760769919,At-Risk
ALTO,2022,-0.02062710903766862,-0.03114431414300913,0.10574538120957834,0.18982154173504845,At-Risk
ALTR,2021,0.7563488976453412,-0.016524515247689216,0.13248609872723288,0.1345065996228787,Distressed
ALUR,2023,0.7761235902519311,-1.5076028204312941,-0.16732335581130958,0.3775059498446285,Distressed
ALUR,2024,0.669666770476487,-0.2241669261912177,-0.3994426468662914,-0.3790184465653174,Distressed
ALV,2022,0.15788283193847547,0.04829224157430446,0.07436208991494532,0.0958686440677966,At-Risk
ALV,2023,0.17384248210023867,0.04668257756563246,0.18468672246098167,0.15744320927984534,At-Risk
ALV,2024,0.18546679499518767,0.06256015399422522,-0.008114558472553698,-0.01962626578974841,At-Risk
AMAT,2021,0.4732255127260114,0.25530069808784633,0.34071619579118706,0.23572485783282698,Healthy
AMAT,2022,0.465115377157262,0.2530541012216405,0.11802454147335559,0.13477904557775958,Healthy
AMAT,2023,0.4670211562393936,0.2585511181506204,0.028388598022105877,0.04788622854285873,Healthy
AMAT,2024,0.47457315278186635,0.26409331763320576,0.02485198174755817,0.02364417112866458,Healthy
AMBA,2021,0.6271756424473266,-0.0795857239284509,0.4882102336427642,0.2721849969734934,At-Risk
AMBA,2022,0.6188693328910031,-0.19367546785305947,0.017326792343667134,0.1393171212091873,At-Risk
AMBA,2023,0.6041179119898973,-0.7480637954025627,-0.32917661415970095,-0.07485031394010615,At-Risk
AMBA,2024,0.6049532234567251,-0.4111631825601601,0.2578265054708267,0.07985114189284946,At-Risk
AMC,2021,0.7050516238775268,-0.5020372641322837,4.509057831645275,1.8793949013163034,Distressed
AMC,2022,0.6726747456153807,-0.24891343253055173,0.5472922188377705,0.2766557766557767,Distressed
AMC,2023,0.6662095333083988,-0.08240867722229149,0.2304034361098328,0.11162033267418867,Distressed
AMC,2024,0.6668679375485207,-0.07603726386612611,-0.03644599592735735,-0.028085302304166754,Distressed
AMCR,2022,0.19389438943894388,0.05534928492849285,0.13086074177746676,0.13740126725110668,At-Risk
AMCR,2023,0.1854498434735266,0.07132162787532326,0.010313531353135313,0.01617826617826618,At-Risk
AMCR,2024,0.19882697947214076,0.053519061583577714,-0.07172995780590717,-0.07674977470711926,At-Risk
AMCR,2025,0.1888200413085482,0.034046238923312676,0.10036656891495602,0.11810639336261591,Distressed
AMCX,2021,0.5346766059875072,0.08142557466707911,0.09330589891991208,0.09150313519038454,At-Risk
AMCX,2022,0.5104537476445522,0.0024524106706022356,0.006153155307628522,0.04229146899240517,At-Risk
AMCX,2023,0.5104866481776276,0.07945198104486302,-0.12422490227011072,-0.12736661817356404,At-Risk
AMCX,2024,0.5322403455313933,-0.09356324706337138,-0.10714460869722336,-0.08506272655297503,At-Risk
AMD,2021,0.4824753559693319,0.1924059875867105,0.683294069445867,0.5246604717655469,Healthy
AMD,2022,0.4492606245498072,0.055929833481632135,0.43610806863818913,0.7533208313799031,At-Risk
AMD,2023,0.46119929453262787,0.037654320987654324,-0.03902377017922969,-0.00713044253308971,At-Risk
AMD,2024,0.49350397517936784,0.06364165212332752,0.13690476190476192,0.06373715157771893,At-Risk
AME,2021,0.3448317267386326,0.1785000452536494,0.22169131518763427,0.2066255806636685,At-Risk
AME,2022,0.34879416895779713,0.1885271675774283,0.10890011275550733,0.0972178305761137,At-Risk
AME,2023,0.3614496092891412,0.19905986857562966,0.07258236282076504,0.051540075159607714,At-Risk
AME,2024,0.3567789626547648,0.19825505173471947,0.052180174171397385,0.05565548642997809,At-Risk
AMED,2021,0.23315758377884288,0.09386319190163292,0.05770526584709275,0.0494169631298437,At-Risk
AMED,2022,0.20420259275035657,0.05335059974388258,-0.0018914327479604132,0.0323569208153695,At-Risk
AMED,2023,0.21231793137308386,-0.0043583788458322415,0.00592974358120888,0.0019113296048186297,At-Risk
AMED,2024,0.2077775468802431,0.018409299568543352,0.05005495483329771,0.04670887909652741,At-Risk
AMG,2021,0.5659509202453987,0.23449676670535566,0.18983970406905054,0.2124652834504166,At-Risk
AMG,2022,0.5400497939560439,0.4918870192307692,-0.034322666224506714,0.015630263423836152,At-Risk
AMG,2023,0.5589950432500729,0.32699970842647486,-0.11667239010989011,-0.12139303482587065,At-Risk
AMG,2024,0.5515213876231074,0.2506737223773825,-0.008212654290990377,0.015855039637599093,At-Risk
AMGN,2021,0.7515685746179607,0.2268370607028754,0.02182976714915041,0.03377341111452257,Distressed
AMGN,2022,0.7566386810014056,0.24890779926300194,0.013241464259594288,-0.004633204633204633,Distressed
AMGN,2023,0.7002128414331323,0.23827598439162823,0.07092656612088288,0.21101629169899147,Distressed
AMGN,2024,0.6153063666826233,0.12236716132120631,0.18566867683575736,0.28941014142807864,Distressed
AMH,2021,0.5497522015028967,0.16148623878541157,0.1120396003800381,0.09071728825782413,Distressed
AMK,2021,0.3405595503668685,0.04840853933347036,0.2273195411024373,0.1358111202639799,At-Risk
AMK,2022,0.46345070991261983,0.16881125397461152,0.15349076652982563,-0.015943442213910673,At-Risk
AMK,2023,0.5005998653491395,0.17377441605422167,0.15825533967091443,0.08316826789589535,At-Risk
AMKR,2021,0.19965596500285338,0.10475082062235504,0.21536894013747704,0.17014880662105863,At-Risk
AMKR,2022,0.18754439240310875,0.10799038578822646,0.1552956838905181,0.15246862450919982,At-Risk
AMKR,2023,0.14503207333772614,0.055329756045803015,-0.08298849975005587,-0.02609147392668764,At-Risk
AMKR,2024,0.14771407026490055,0.056035020384026316,-0.028505481645962328,-0.025451127158997066,At-Risk
AMLX,2023,0.9331881949441418,0.12939288734354729,4.509057831645275,0.5296438267932781,Healthy
AMLX,2024,0.9318652642181044,-3.4535829966464844,-0.6509892588799009,-0.34392252269112006,Distressed
AMN,2021,0.32869572201438924,0.08217085588575974,0.6644574080278597,0.562181631215501,At-Risk
AMN,2022,0.32740888175674515,0.0846899685347348,0.3159971738614816,0.31084721312335706,Healthy
AMN,2023,0.32976965914662887,0.05559907042388818,-0.27730705544394096,-0.2508882995539084,At-Risk
AMN,2024,0.3081244903697691,-0.04925931226185836,-0.21256769802182698,-0.16817372407910142,At-Risk
AMOT,2021,0.3000029738597726,0.0597101478008307,0.10041615079603157,0.09604139534477182,At-Risk
AMOT,2022,0.31264960595481406,0.034571401305796556,0.24651314941662783,0.2440834576053122,At-Risk
AMOT,2023,0.3174424593093389,0.041644632012636656,0.1503932499383683,0.1368167123562807,At-Risk
AMOT,2024,0.31264340488482323,0.02484300938924614,-0.08410497827642344,-0.06490240487176836,At-Risk
AMPH,2021,0.45626678971510026,0.14189250927431882,0.2513162934548344,0.08554052618533338,At-Risk
AMPH,2022,0.49873042784681765,0.18314304781487292,0.13984347873759617,0.06417564375436623,At-Risk
AMPH,2023,0.5448847368461891,0.21344827318647724,0.2914063893448126,0.14283378885795295,At-Risk
AMPH,2024,0.5107539001075185,0.21793195594883377,0.13589801286478015,0.17688552730393733,At-Risk
AMPL,2021,0.6905196070811487,-0.44829936446631313,0.632387960649594,0.9088774146615323,At-Risk
AMPL,2022,0.7041085072689621,-0.39222991846833033,0.4233264179934354,0.38614390456070585,Distressed
AMPL,2023,0.739677288587106,-0.32706562812178774,0.16053043891005472,0.10768044610598604,Distressed
AMPL,2024,0.7429629233606886,-0.31516145847256005,0.08320423911627166,0.09710463980661627,Distressed
AMPS,2021,0.8046100278551532,0.08225626740947076,0.5857590882989532,0.630484565356783,Distressed
AMPX,2022,-0.5044542404467389,-3.93105012474484,0.5905483405483406,0.6759985069055617,At-Risk
AMPX,2023,-0.5044542404467389,-4.06229979012482,1.05330006804264,1.1274832962138084,Distressed
AMPX,2024,-0.5044542404467389,-1.8484296768320436,1.669501822600243,0.43559733679494156,Distressed
AMR,2021,0.257186700586093,0.12785752424197078,0.5949066048480885,0.2556692743207677,At-Risk
AMR,2022,0.4426629952467237,0.35316652655846803,0.8159195213500239,0.33886477773952883,Healthy
AMR,2023,0.3212748569244202,0.20797155743605564,-0.1536415616180254,0.034395590136438565,Healthy
AMR,2024,0.17099603183325246,0.06342946317314699,-0.14810436199396385,0.047060358552162895,Healthy
AMRC,2021,0.14469006648858032,0.032067406131774855,0.7145896200140467,0.7293674110798106,At-Risk
AMRC,2022,0.1573463635394379,0.02291983028021982,0.09164101590573176,0.07054464392586386,Distressed
AMRC,2023,0.1792689394187394,0.0454448569181738,-0.2885386356790396,-0.28578157683091737,Distressed
AMRC,2024,0.14469006648858032,0.032067406131774855,0.2875640261800786,0.30786876657506307,Distressed
AMRK,2022,0.03208197710231842,0.01624364188196617,0.07175067959277631,0.07234093480429064,Healthy
AMRK,2023,0.03173069126450578,0.016837233934068812,0.13816299872512855,0.1360125787877057,Healthy
AMRK,2024,0.017863109943160347,0.00706729811066849,0.04441665757646991,0.05910888798407956,Healthy
AMRK,2025,0.019211532530426883,0.001577612620318011,0.13192801884805289,0.13533110743648502,Healthy
AMRN,2021,0.791958668488838,0.013253038905188216,-0.05027684591082305,-0.11795049825236897,Distressed
AMRN,2022,0.6567946846229479,-0.2865791063210841,-0.3669389063885169,-0.17430693706974282,Distressed
AMRS,2021,0.5461343350389244,-0.79273119827276,0.9742573799938776,0.7104151281869713,Distressed
AMRS,2022,0.04142717910519665,-1.9585542918765078,-0.21055125988467513,0.7004055287546896,Distressed
AMRX,2021,0.3672848955589446,0.005074345562741771,0.0507627766404704,0.011364201269305377,Distressed
AMRX,2022,0.3547017046481858,-0.05446629396321663,0.05666368466075583,0.06711091214964533,Distressed
AMRX,2023,0.3428152574754335,-0.03509055580134918,0.08195211869616473,0.0653820856017561,Distressed
AMRX,2024,0.3652303882987462,-0.04183528951948795,0.16725803358696728,0.13421790098892067,Distressed
AMSC,2021,0.12442477059989855,-0.17700004611057316,0.24459110473457676,0.2624638627249837,Distressed
AMSC,2022,0.08039892814009662,-0.33062537741545894,-0.022603402960298797,0.0184747440424306,Distressed
AMSC,2023,0.24226340471988958,-0.07629137799627847,0.3741602506038647,0.10316591115140526,Distressed
AMSC,2024,0.27759875773052445,0.027075909486666248,0.5299336029497593,0.4281027488675139,Distressed
AMSWA,2022,0.6687883140413627,0.12021103819904057,-0.04386579060749677,-0.1128569693685951,At-Risk
AMSWA,2023,0.6580294128514946,0.09525920999150131,0.016250316838933167,0.03579175704989154,At-Risk
AMSWA,2024,0.6479246939472272,0.11093986245915231,-0.052996711377157,0.0004269811416662431,At-Risk
AMT,2021,0.7133666064615417,0.2744178093171884,0.16357644718025244,0.2077803647652309,Distressed
AMTX,2021,0.03745712411948157,-0.22244502215155532,0.2802176893758645,0.32714549575532986,Distressed
AMTX,2022,-0.021577853754000773,-0.4200878707901744,0.2102581281345984,0.27720459753966653,Distressed
AMTX,2023,0.010802444340900936,-0.11304273312017653,-0.27209537138468615,-0.22960737537554055,Distressed
AMTX,2024,-0.002167090121058138,-0.2796256164997758,0.4333992084277275,0.3745259193817543,Distressed
AMWD,2022,0.12192855212132764,-0.016003782065985853,0.0648916809154055,0.1216044074637126,At-Risk
AMWD,2023,0.17303455619010744,0.045360081308682604,0.1125433855305823,0.05902702263346009,At-Risk
AMWD,2024,0.2044961250380243,0.06290439739713408,-0.10584551350304908,-0.1255064633881357,At-Risk
AMWD,2025,0.17931252321469832,0.05817552212963965,-0.07465052811850813,-0.0720918979117669,At-Risk
AMWL,2021,0.4126564051442112,-0.6975540866097812,0.030677022812060424,-0.0862308968131738,At-Risk
AMWL,2022,0.421256178072802,-0.9756087881958223,0.09652714319056604,0.2803847801173788,At-Risk
AMWL,2023,0.3658023447482503,-2.606337846027941,-0.06545329918106714,-0.06931106622812332,Distressed
AMWL,2024,0.3890173137708166,-0.8182879652781054,-0.0180778005535675,-0.0831787158230541,Distressed
AMZN,2021,0.420325144416396,0.07101412875514557,0.21695366571345684,0.22518139137857449,At-Risk
AMZN,2022,0.43805339865326287,-0.005295895000418302,0.09399517263985084,0.12763882115237232,At-Risk
AMZN,2023,0.46982088955000567,0.05293283575597832,0.11829574129883673,0.07214565457861222,At-Risk
AMZN,2024,0.48854393464156787,0.09287117197186653,0.10990892246666145,0.058432927520713544,At-Risk
AN,2021,0.19163442191611205,0.05312645101377496,0.26748406081412457,0.23084674309804123,Healthy
AN,2022,0.1951195108393552,0.0510431721326663,0.04414951245937161,0.041973668821947106,Healthy
ANDE,2021,0.04699450129043256,0.00824497207036128,0.5638740573021419,0.5406509662191662,Healthy
ANDE,2022,0.03948911031351455,0.007565777474253962,0.37371672329240685,0.37422582750591743,Healthy
ANDE,2023,0.05053270103982939,0.006860286891380893,-0.1486415539188049,-0.15216100848388212,Healthy
ANDE,2024,0.061640954140279924,0.010127605052183655,-0.2367822020605674,-0.2365844568351996,Healthy
ANET,2021,0.6379767282432344,0.2852250497534461,0.27206978863539866,0.2506261481443021,At-Risk
ANET,2022,0.6107068433870235,0.30868530188459614,0.48617876912671043,0.41066911547384516,Healthy
ANET,2023,0.6194839766560868,0.35618238285382753,0.33754516343285457,0.26231341557926485,Healthy
ANET,2024,0.6413302680241607,0.4072624980365838,0.19502747346506946,0.1264536900829887,Healthy
ANF,2021,0.6227146430910846,0.0708393306557264,0.18793978595910135,0.09657537010448708,At-Risk
ANF,2022,0.5691399988804006,0.0007615439763250689,-0.0040446911845825,0.06986382105859185,At-Risk
ANF,2023,0.6292023434610927,0.07665212768914824,0.15764338918439885,0.05295354945475899,Healthy
ANF,2024,0.641528783873053,0.11442114688495929,0.15602905802049535,0.10847216785221098,Healthy
ANGI,2021,0.8303846621754728,-0.0440790777840287,0.10313333446872286,0.14443601102358894,At-Risk
ANGI,2022,0.8087709106160609,-0.07280280895851458,0.08956739168427183,0.09052745499438726,At-Risk
ANGI,2023,0.9539671815524291,-0.030130679125194664,-0.22988967639732366,-0.2471386839495102,Distressed
ANGI,2024,0.9514155624109789,0.030380250980498045,-0.1277911724617074,-0.16027405962551056,At-Risk
ANGN,2021,0.9650998495600192,-1.9275572195535462,4.509057831645275,0.16277750073083075,Distressed
ANGO,2022,0.5241051296727901,-0.08395131222349068,0.08662588914470293,0.09302812022015086,At-Risk
ANGO,2023,0.5143762988853202,-0.15480941809937654,0.07125757781790468,0.06875755002451889,At-Risk
ANGO,2024,0.509018998795712,-0.6065827832873774,-0.1028421972416399,-0.055039993733056174,Distressed
ANGO,2025,0.5391660797680667,-0.11621617925592653,-0.03756325802694183,-0.06276091165864317,Distressed
ANIK,2021,0.5612068148909969,0.02797136554934571,0.13289436366005658,0.1473106779368639,Healthy
ANIK,2022,0.6432568722710781,-0.13054020575083242,-0.2298266506082791,-0.33749714326954305,Healthy
ANIK,2023,0.6832571693489635,-0.6843747930326511,0.06118934874853945,0.08888223172381238,At-Risk
ANIK,2024,0.633807867764184,-0.470239435562561,-0.007326644148619114,0.04218494681028446,At-Risk
ANIP,2021,0.5345060517451975,-0.1971120035533183,0.03674781148818803,0.09042826217947288,Distressed
ANIP,2022,0.5613414036695797,-0.1513851794490889,0.4638237035940334,0.40037657845725627,Distressed
ANIP,2023,0.6271424932623414,0.03857514954315388,0.5386823016261832,0.278172214931062,At-Risk
ANIP,2024,0.5927412529135253,-0.03014766201804758,0.26202918556497734,0.39989983694918896,Distressed
ANSS,2021,0.8646971361739956,0.2384346900297108,0.13407387273039803,0.1759606596446574,At-Risk
ANSS,2022,0.8786567083972185,0.253544692389883,0.08330453161589435,0.05701772012366482,At-Risk
ANSS,2023,0.8804827773663637,0.22045076783663423,0.09895461409123853,0.11604289511472304,At-Risk
ANSS,2024,0.8900432213183779,0.22622208582255093,0.12108642088434586,0.11139155646563419,At-Risk
ANY,2021,0.5381720430107527,-4.64758064516129,-0.23267326732673269,1.1485703429277097,Healthy
ANY,2022,0.43771597827875597,-24.696043881430608,0.6336021505376344,1.5390397028915024,Distressed
ANY,2023,0.272162877750388,-1.068474390577924,2.6047391805167024,-0.3046423347495995,Distressed
ANY,2024,0.19448458574181118,-0.5702071290944123,-0.24185154752122706,-0.17521849097237874,Distressed
ANZU,2023,-0.5044542404467389,-24.696043881430608,0.3333333333333333,1.0882254277088226,Distressed
ANZU,2024,-0.5044542404467389,-24.696043881430608,-0.2879746835443038,0.04315930388219545,Distressed
AOMR,2022,0.45454545454545453,-1.6256404486602507,0.9080835603996367,1.8793949013163034,Distressed
AON,2021,0.42056917903715246,0.10292790945624539,0.10184348454726189,0.2384624953352407,Distressed
AON,2022,0.45780911932045837,0.2074685471592275,0.02345608135815632,-0.1264564081960627,Distressed
AON,2023,0.46202153110047844,0.1916866028708134,0.07188075967625611,0.0925606530987697,Distressed
AON,2024,0.4516498917059498,0.16906612307300292,0.1735944976076555,0.19553778151968007,Distressed
AORT,2021,0.6609444645223467,-0.0496392670227148,0.180111125590873,0.22272375650953402,Distressed
AORT,2022,0.6454114070282897,-0.061162118493637445,0.05003747875088677,0.0030850307524735686,Distressed
AORT,2023,0.6473825154518028,-0.08669393566174394,0.12815936823789234,0.17856353303769978,Distressed
AORT,2024,0.640301953224532,-0.03438282583125932,0.09754974520061921,-0.035444343911373966,Distressed
AOS,2021,0.37042583853739863,0.13764164005764504,0.22229129969260525,0.19694369535016754,At-Risk
AOS,2022,0.3541916406936786,0.062788033778204,0.060753341433778855,0.05659862087799549,Healthy
AOS,2023,0.3853820598006645,0.14446636212624583,0.026345933562428408,6.461617989144482e-05,Healthy
AOS,2024,0.38136769597443754,0.1397553757104319,-0.009006436877076411,0.001906054144860115,Healthy
AOSL,2022,0.34538654649463957,0.5635498732008526,0.18366514335471654,0.13948106189674542,Distressed
AOSL,2023,0.28863002859742437,0.017884600641380775,-0.1109006214375373,-0.009950941061177119,At-Risk
AOSL,2024,0.2615621491189367,-0.016859026828993692,-0.04924919104149881,-0.011606000071771193,At-Risk
AOSL,2025,0.23127375524662364,-0.13930090984569685,0.0591655839117324,0.09616507571517177,At-Risk
AOUT,2022,0.461523233922901,-0.2621138789460501,-0.1053934590349384,-0.06711112515403331,At-Risk
AOUT,2023,0.46056409478633326,-0.06288406926452207,-0.22751953330155217,-0.1367104149026249,At-Risk
AOUT,2024,0.4397137728183631,-0.06090532523781819,0.05172350673869954,0.047506485736284326,At-Risk
AOUT,2025,0.44648752710033196,-0.0003463444913233958,0.10553508470952118,0.04157381224367498,At-Risk
AP,2021,0.19168212918937724,-0.011193900034790675,0.04984416090386676,0.06544787488729285,Distressed
AP,2022,0.15939198696016546,0.008754731681313415,0.1312449263597356,0.1349684837165869,Distressed
AP,2023,0.1765378604915471,-0.0945399441208505,0.08239852994318138,0.07047008338239945,Distressed
AP,2024,0.1948243506532315,0.0010470828701545523,-0.0095539139082256,-0.014509810514988987,Distressed
APA,2022,0.8269778553707617,0.32491041073233484,0.36293049467752037,0.1343607982612132,At-Risk
APA,2023,0.9069359086918349,0.31681926501944063,-0.26738950656987964,-0.20971956105208153,Distressed
APAM,2021,0.5412015292902098,0.27420642810347806,0.36425191230892195,0.26882934282752846,Healthy
APAM,2022,0.4861676155383399,0.20815274568729014,-0.19063244559318665,-0.05468842146648319,At-Risk
APAM,2023,0.4571037122191788,0.2279580897335845,-0.018276728230064886,0.03442916381695287,At-Risk
APAM,2024,0.46561977762227447,0.23362793015303085,0.14015655332463023,0.10964962571049484,At-Risk
APD,2021,0.30387484258452,0.20334205172914852,0.1656109210392602,0.22851919561243145,At-Risk
APD,2022,0.2646039720914117,0.17766525443749703,0.23012690109464304,0.2809548406139315,At-Risk
APD,2023,0.298968253968254,0.18255555555555555,-0.007764635471626794,-0.026450454602187083,At-Risk
APD,2024,0.3249343007784738,0.3163644777944895,-0.039634920634920634,-0.08598449734719237,At-Risk
APEI,2021,0.5878205265960368,0.04238747095889953,0.3014994483894526,0.30715754430627634,At-Risk
APEI,2022,0.5242311092346057,-0.18965477431357286,0.44776422327442733,0.5384218003357871,At-Risk
APEI,2023,0.5123396248407697,-0.0787384792147133,-0.00953774194825243,-0.023049026192075217,At-Risk
APEI,2024,0.5265411274195072,0.025799003777065097,0.03998701179761716,0.0067110979734374574,At-Risk
APEN,2021,0.5550016669577228,-0.3918461953674451,0.4980260654490107,0.4209052245772968,Distressed
APEN,2022,0.5520323722285834,-0.5183590090558967,0.22014954992141486,0.27364092081569086,Distressed
APH,2021,0.3127718065886377,0.14626297546040473,0.2648478293735245,0.2520938264498489,At-Risk
APH,2022,0.3191158995484433,0.1507011011645409,0.16059689416437575,0.15112403457153364,At-Risk
APH,2023,0.3253044676495655,0.1535679864911149,-0.005410758139903351,-0.005511347184919676,At-Risk
APH,2024,0.3376339282781635,0.15923587799798986,0.21251005599496603,0.19857436875658852,At-Risk
APLD,2023,0.19865684575389947,-0.8060008665511266,4.509057831645275,1.8793949013163034,Distressed
APLD,2024,0.2193342019353233,-1.0926378661669764,1.4663850375505487,0.5429132376427983,Distressed
APLD,2025,0.29642215641535996,-1.6024703002226184,0.05544657365793673,0.21653821049230912,Distressed
APLS,2022,0.925273792792554,-8.646973031741402,0.13309195799468174,0.11146407006834318,Distressed
APLS,2023,0.8524676555948068,-1.3329298950303965,4.258293336161863,0.3636780168200169,Distressed
APLS,2024,0.8493371232724187,-0.25324591389193557,0.9702086028175122,0.035715849195370096,Distressed
APOG,2021,0.2086497708864006,0.0026530144743781665,0.06760217554156978,0.09450588365877421,At-Risk
APOG,2022,0.2327159928256898,0.0722616013371315,0.09643928318380002,0.058310978470919365,At-Risk
APOG,2023,0.25909881985289446,0.0703013955405373,-0.016487864198970498,-0.02418344097077514,Healthy
APOG,2024,0.26443393578516877,0.0624925605843964,-0.03948503185028039,-0.0313496359233705,At-Risk
APP,2021,0.6462376624715729,0.01269054070310307,0.9248369841622068,0.8477227906885701,Distressed
APP,2022,0.5541217113740647,-0.06842102647513824,0.00857612176274138,0.08390223859364501,Distressed
APP,2023,0.8063740048931404,0.19367920502214728,-0.3462108341397302,-0.47722532627691366,Distressed
APP,2024,0.8385224459361463,0.48999614771198285,0.7505291128821205,0.22794292987054765,At-Risk
APPF,2021,0.5994546011074937,0.002860561538247489,0.15904868797894575,0.23636823823653808,At-Risk
APPF,2022,0.5934882163587161,-0.14435569834047846,0.31308400812533044,0.4660092444942464,At-Risk
APPF,2023,0.6162818622117996,0.004354938793930163,0.31482804000144105,0.1382243184695353,Healthy
APPF,2024,0.6448422441645828,0.25694722501328376,0.2800522205836134,0.06307850752725665,Healthy
APPH,2022,-0.5044542404467389,-12.105674342105264,0.6123756906077348,-0.07321209521192093,Distressed
APPN,2021,0.7181030117072299,-0.2400510210990118,0.21238258151576142,0.32320899335717934,Distressed
APPN,2022,0.7151526418243086,-0.3224848341100577,0.26737872333511165,0.3527073964066148,Distressed
APPN,2023,0.7059903220423828,-0.20434279553251689,0.16532796570874225,0.0657992401317453,Distressed
APPN,2024,0.727335492089423,-0.14952789365695227,0.13139688611071892,0.03755954057330378,Distressed
APPS,2021,0.4643015746472694,0.047547070877853814,1.3840754642370823,1.5763847938043007,Distressed
APPS,2022,0.4808805862566074,0.025037542047092742,-0.10925152087491105,-0.05432170350420764,Distressed
APPS,2023,0.45448150719399355,-0.7717941088961618,-0.18236124459394523,-0.06046744277980815,Distressed
APPS,2024,0.44989867606104716,-0.18776324856372806,-0.09913275369984682,-0.06474376588582813,Distressed
APRN,2021,0.3584656562714589,-0.18789396590394514,0.021208923857162706,0.0847844029713205,Distressed
APRN,2022,0.3356686522694109,-0.23934765206656095,-0.025320115566875082,0.04744466236006308,Distressed
APT,2021,0.36857671518277313,0.09843087547532672,-0.33167478091528724,-0.1463483225062572,Healthy
APT,2022,0.3498330133427986,0.05295171100821219,-0.09697393534099684,-0.05565804645033767,Healthy
APT,2023,0.37282793310687223,0.06841194146851319,-0.012084348429357383,-0.004029233747885088,Healthy
APT,2024,0.3964903181189488,0.06792876901798063,-0.05539587143977005,-0.0474430823117338,Healthy
APTV,2021,0.15597387629658085,0.037776924061979765,0.19531608755548752,0.1763024661113833,At-Risk
APTV,2022,0.1506661329978844,0.033964206072388356,0.11979766935587143,0.12051371051718153,At-Risk
APTV,2023,0.17151264276095957,0.1465263577876415,0.14649208073646292,0.13258162443466948,At-Risk
APTV,2024,0.1882514077005022,0.09065083954750672,-0.01685701461273752,-0.03298506646244735,At-Risk
APY,2021,0.24171623322352268,0.03684532307422138,0.618419196671993,0.48474642521120787,At-Risk
APY,2022,0.2361209349155585,0.040717582058399114,0.23771069174208698,0.20588531228722098,At-Risk
APY,2023,0.3032337888159094,0.08361207305991962,-0.012523292488494325,-0.07083392626399959,At-Risk
APY,2024,0.32710719890544343,0.08813084706230051,-0.03307412822603927,-0.026375612837433473,At-Risk
APYX,2021,0.6925613702413587,-0.31271513077890223,0.7508209736205839,0.3174247813533079,At-Risk
APYX,2022,0.6544821388452033,-0.5208717142215232,-0.08258960776634994,0.08110855237036449,Distressed
APYX,2023,0.6448833788611052,-0.3574662362222774,0.1761177263536284,0.06211070631096486,Distressed
APYX,2024,0.6103696312003659,-0.48777597605089185,-0.08112857934248983,-0.0740387275242047,Distressed
AQB,2022,-0.5044542404467389,-7.063283363415594,1.670129856864641,0.09288459597768721,Healthy
AQMS,2021,-0.5044542404467389,-24.696043881430608,0.6018518518518519,0.13786207341461842,Distressed
AQUA,2022,0.3085524179713496,0.04156294831083959,0.18617973285150732,0.19546487411141222,At-Risk
AR,2023,0.41033414979841826,0.04237616115602571,-0.3441179552495813,-0.054341927866027206,Distressed
AR,2024,0.3476915088695292,0.01322962199891067,-0.07611664486673564,0.021438997659738408,Distressed
ARAY,2022,0.3720671118771647,-0.012437515846376791,0.08483707597233332,0.1275404086041053,Distressed
ARAY,2023,0.34396398610381923,-0.02073256554328035,0.04116219944220754,0.055628661730221615,Distressed
ARAY,2024,0.3200552680432918,-0.03481125336187804,-0.0023547547502820567,0.0018507579347877357,Distressed
ARAY,2025,0.32053521771845456,-0.0034699730646339734,0.026769618699767777,0.01035541097687015,Distressed
ARC,2021,0.3219964145065538,0.03358828542878975,-0.05962337675797241,-0.07216483683059399,At-Risk
ARC,2022,0.33564211041571973,0.03878885353658963,0.05070387350849351,0.041135215245119205,At-Risk
ARC,2023,0.33570648753027194,0.02928510211556858,-0.016814097409181498,-0.016738027453353958,At-Risk
ARCH,2021,0.2845081751162342,0.1528834143553429,0.5045339576667085,0.15200085631035354,At-Risk
ARCH,2022,0.37204870438192844,0.357331391644671,0.6868306852858778,0.4444679360674244,Healthy
ARCH,2023,0.2555394531767796,0.14750831494133687,-0.15538610527378427,-0.007526422403316864,Healthy
ARCO,2021,0.46152489848459044,0.0171003792941272,0.3405480947415583,0.2288908727711189,At-Risk
ARCO,2022,0.4572704649089696,0.03878054724886167,0.3605196506238296,0.33091998086034796,At-Risk
ARCO,2023,0.4618682705283944,0.04184651552975407,0.19701445355524963,0.1977531539910806,At-Risk
ARCO,2024,0.46754994561718344,0.03327821228850319,0.03192241332742981,0.03181013475154181,At-Risk
ARDX,2021,0.900960681390512,-15.664553827869664,0.33364152687887993,0.6720013014610934,Distressed
ARDX,2022,0.9210667586947352,-1.2885271674527397,4.165692780033673,-0.2950931325748132,Distressed
ARDX,2023,0.8570177412097448,-0.5308462428488783,1.386134437670156,0.6195381177911782,Distressed
ARDX,2024,0.8484600512566881,-0.11730887400146876,1.6805859098797968,0.9259636076960774,Distressed
ARHS,2021,0.41400915020541534,0.026498201831546876,0.570509371754472,0.6013438507914324,At-Risk
ARHS,2022,0.4272496029059473,0.11118145245286949,0.5420932036008543,0.3684298118478953,At-Risk
ARHS,2023,0.41967952262321156,0.09725759957257257,0.04782704926570149,0.07578211110866387,At-Risk
ARHS,2024,0.3943247893371683,0.053929370226109996,-0.012888831594838565,0.05511072260553519,At-Risk
ARIS,2022,0.5654842196753281,0.005295933657527546,0.40021635674435446,0.48940132519921775,Distressed
ARIS,2023,0.5461238708756038,0.0481691735651003,0.22154759642493327,0.20312236650766088,Distressed
ARIS,2024,0.5903124167516374,0.06167727652694721,0.11049224978195339,0.06914503712343092,Distressed
ARKO,2021,0.1345481259061466,0.00798096583195347,0.8496181767039912,0.8512640721765696,At-Risk
ARKO,2022,0.12465821462333362,0.007847378029419656,0.23261539963205427,0.23373129084702302,At-Risk
ARKO,2023,0.136386347384197,0.003651331372372163,0.029524000254189116,0.03411434208818504,At-Risk
ARKO,2024,0.14572784444091716,0.0023872069072219965,-0.07232428080649494,-0.07023387662212018,At-Risk
ARKR,2021,0.38174717524835067,0.09778569803594449,0.23833223776880458,0.11017187198258457,At-Risk
ARKR,2022,0.3871043261430578,0.050529742914076026,0.3928414347463411,0.3742854206036071,At-Risk
ARKR,2023,0.7314616895661632,-0.032079137196755286,0.006092315733310104,0.03350209999424659,At-Risk
ARKR,2024,0.3714729357923125,-0.021226402244681142,-0.006753502567737955,0.0046205318621856785,At-Risk
ARLO,2021,0.24827812849746173,-0.1287617463005904,0.21834558761766634,0.04879680012467047,Distressed
ARLO,2022,0.27738808435321993,-0.11546570856460052,0.12703355494936078,0.12945685081196873,Distressed
ARLO,2023,0.3411465543919084,-0.044863755558089156,0.0015537892474521526,-0.05703343547240692,Distressed
ARLO,2024,0.3670172993583696,-0.059708036626566395,0.0401281821587374,0.05754739100021508,Distressed
ARMK,2021,0.09002051510565713,-0.0075093636596997426,-0.05717998568773876,-0.07687394375163908,Distressed
ARMK,2022,0.07830064565838518,0.014209116515500645,0.1315565975926683,0.11486022831158012,Distressed
ARMK,2023,0.0813611112009218,0.027834987190369684,0.17504901817886387,0.16473231329675522,At-Risk
ARMK,2024,0.08193256122267718,0.015086863454524044,0.08191703249326067,0.07995809857095762,At-Risk
ARNC,2021,0.12406716417910447,-0.052905117270788914,0.3222907488986784,0.30984115391637757,At-Risk
ARNC,2022,0.10367146523825466,-0.020310233232898114,0.19416311300639658,0.1977976024533036,At-Risk
AROC,2021,0.5407102849662363,0.036108007949213074,-0.10687109272317909,-0.04500977894115017,Distressed
AROC,2022,0.50390270208901,0.05238608840448077,0.08203480404012484,0.08665798489992714,Distressed
AROC,2023,0.5465997938075625,0.10602249537278724,0.17120917537087496,0.044187197810899,Distressed
AROC,2024,0.6039179641168599,0.1487839832894347,0.16888594488542788,0.08049881199455117,Distressed
ARPO,2023,0.8846596041717993,-2.700377761353371,0.6005520504731862,0.2981408329176385,Distressed
ARQT,2023,0.9163339261148207,-4.397879408113277,4.509057831645275,-0.015086157484286617,Distressed
ARQT,2024,0.9026772903501542,-0.7125143735181284,2.297352615508506,0.08058342506160482,Distressed
ARRY,2022,0.12990047302487992,0.002706488855885575,0.9190337013868218,0.896568623531038,Distressed
ARRY,2023,0.2635823389157725,0.08705078364099861,-0.03724780861117795,-0.18113813753398716,At-Risk
ARRY,2024,0.32504337704341635,-0.26249417180694185,-0.41910727911751666,-0.4006582010690986,Distressed
ARTNA,2021,0.5008089457290967,0.18519904467361517,0.030836954425295833,0.04431368638010704,Distressed
ARTNA,2022,0.48813411933627915,0.18198732014115696,0.0884667451765923,0.10003501623479977,Distressed
ARTNA,2023,0.48783645724805536,0.16891392965881388,-0.0003640150864030254,0.013803481255335466,Distressed
ARTNA,2024,0.4947847191344301,0.1889172965762561,0.09195739472592833,0.06306820614554641,Distressed
ARW,2021,0.12188887681643465,0.032143064113027406,0.20240580081241255,0.18540236248268582,At-Risk
ARW,2022,0.13028148963504402,0.038435184256875435,0.07678749942933,0.06495659615406298,At-Risk
ARW,2023,0.12532101856035802,0.02729035325331832,-0.1082118396348366,-0.0995984354515316,At-Risk
ARW,2024,0.11790888505967269,0.014041093388451891,-0.15657647055980708,-0.14389529171489387,At-Risk
ASAN,2021,0.8972167097826058,-0.7619286697653771,0.6670939719123892,0.598776364914512,Distressed
ASAN,2022,0.8966415210192759,-0.7451737169506517,0.4459791193778621,0.48385152131456244,Distressed
ASAN,2023,0.9011132498804605,-0.393913294018121,0.19241537100794573,-0.034068801450832326,Distressed
ASAN,2024,0.893361570213683,-0.3530107366455028,0.10938170493973984,0.07383189828520512,Distressed
ASC,2021,0.5210666860622182,-0.19135096943122545,-0.1253033291223223,0.05435872489551172,Distressed
ASC,2022,0.6375967209657626,0.31061535734877427,1.3157301386089233,0.3478101210400689,At-Risk
ASC,2023,0.6411467303739097,0.29498608508553503,-0.11164106510282877,-0.06440739537596887,Healthy
ASC,2024,0.6440470792342724,0.3259542022356722,0.024764002040517402,0.036024162958095636,Healthy
ASGN,2021,0.2849233071455294,0.10223219852849483,0.14488449787270494,0.13589369430904405,At-Risk
ASGN,2022,0.2989674968893934,0.058523062146646,0.1425614166354907,0.14021756956212758,At-Risk
ASGN,2023,0.2876016716847167,0.0492742551566081,-0.02848660801990788,-0.02039984658164733,At-Risk
ASGN,2024,0.2887284435446496,0.04273483425616509,-0.07884330202669303,-0.0712590236143399,At-Risk
ASH,2021,0.3173851255329228,0.10516342965419233,0.04712301587301587,-0.009748589020010261,Distressed
ASH,2022,0.3471350899205353,0.3877038895859473,0.13263855992420653,0.08963730569948186,At-Risk
ASIX,2021,0.1627198931512948,0.08298048527120279,0.45487543580412065,0.36380139750815454,At-Risk
ASIX,2022,0.16163267613741494,0.08834419522624946,0.15493952660087557,0.15093592985012266,At-Risk
ASIX,2023,0.10764743586817675,0.035617524528902274,-0.21177658765239202,-0.14826846563721524,At-Risk
ASIX,2024,0.10077776320757639,0.029092152716504224,-0.010460361541706795,-0.003691816325819696,At-Risk
ASLE,2021,0.3507021857201186,0.10608423878720585,0.629368520805215,0.4253532304323149,Healthy
ASLE,2022,0.3705696326466672,0.10735930524007206,0.20005757306050753,0.2456981763721258,Healthy
ASLE,2023,0.27629348615707483,-0.016630643073455246,-0.18123139735254953,-0.023267458373173257,At-Risk
ASLE,2024,0.3012061460706068,0.0169561764995682,0.03157819212383745,-0.028820672337541597,At-Risk
ASO,2021,0.3471210052430723,0.09912421557661394,0.19051689392928714,0.1131836544511263,At-Risk
ASO,2022,0.34596978017295504,0.0982007554878576,-0.055816898780002386,-0.05398929717599508,At-Risk
ASO,2023,0.3426061538576437,0.08429379290570944,-0.036869321116428225,-0.012091143518528531,At-Risk
ASO,2024,0.33900344656144404,0.07052338858505591,-0.03666672024426188,-0.01580334058447458,At-Risk
ASPI,2024,0.3858590733590734,-7.802606177606178,4.509057831645275,0.8511656279732505,Distressed
ASPN,2021,0.08170396803209945,-0.3049941622403841,0.2129087590876906,0.33140460596510235,Distressed
ASPN,2022,0.027588654055132954,-0.45872790579051254,0.4829882751475884,0.6003415094223312,Distressed
ASPN,2023,0.23844452450171333,-0.19190425523002036,0.3235346299705041,0.10905631160707063,Distressed
ASPN,2024,0.40401458805961576,0.02954501777119013,0.8963756398763394,0.37070238016678186,At-Risk
ASPS,2021,0.03971353801841381,0.06619109793615126,-0.5118192735817829,-0.40086196064634483,Distressed
ASPU,2022,0.5402624359656354,-0.12498676891076979,0.1309764922465645,0.1406264297692984,Distressed
ASRT,2021,0.8573873565496244,-0.011539085160430215,0.04459186073864973,-0.3695036294323463,Distressed
ASRT,2022,0.8800005120524341,0.5635498732008526,0.40733601167420325,0.016099475084638718,Distressed
ASRT,2023,0.8223175006082765,-2.182838053778219,-0.02665872985393704,0.3860324835442522,Distressed
ASRT,2024,0.6860860588503613,-0.1727018829874921,-0.1782611840677587,0.05672361572617402,Distressed
ASTC,2022,0.22094361334867663,-9.585730724971231,1.6017964071856288,0.22416246281205537,Healthy
ASTC,2023,0.408,-12.856,-0.13693901035673187,0.24788672865595943,At-Risk
ASTC,2024,0.45132211538461536,-7.008413461538462,1.2186666666666666,0.2653683319220999,Distressed
ASTC,2025,0.45281220209723544,-13.199237368922784,-0.36959134615384615,0.056142933618843684,Distressed
ASTE,2021,0.22774988589685075,0.014422638064810589,0.06940648184303007,0.09971305595408896,Healthy
ASTE,2022,0.2072185170655159,-7.846214201647705e-05,0.16339570972158832,0.17230453825365763,At-Risk
ASTE,2023,0.24719772829173517,0.025332536242714095,0.04998038446449588,0.020508744038155804,At-Risk
ASTE,2024,0.25124511531683397,0.002988276760401502,-0.024734718278284263,-0.023757594640909797,At-Risk
ASTS,2021,0.3903264812575574,-2.462958484482064,1.0789341377576671,1.8793949013163034,At-Risk
ASTS,2022,-0.5044542404467389,-2.288607594936709,0.11446997178557033,0.609555122994221,Distressed
ASUR,2021,0.6121687000420698,0.04197780816154817,0.16115834948936755,0.10735742272529386,Distressed
ASUR,2022,0.6523145635931044,-0.15095796635638853,0.2598338241480858,0.20341248623997485,Distressed
ASUR,2023,0.7183033539913672,-0.07737525402663711,0.24266393955837542,0.13950623045690017,Distressed
ASUR,2024,0.6854130492854281,-0.09827868305062108,0.0059622780940864276,0.06919995740532925,Distressed
ASXC,2021,-0.34791059280855197,-7.587706511175899,1.592755905511811,0.24464366355015135,Distressed
ASXC,2022,-0.5044542404467389,-10.661916184563285,-0.1390913508260447,0.1079606536228768,Distressed
ASXC,2023,-0.5044542404467389,-9.144572694415297,0.21024410893184706,0.051631291691934506,Distressed
ASYS,2021,0.4052579073998005,0.01769849187254269,0.30157493545972536,0.23828939161126408,At-Risk
ASYS,2022,0.37170031421099176,0.16338030819018232,0.247555894607124,0.24673808880261444,At-Risk
ASYS,2023,0.35473679565812116,-0.11103560870140758,0.06601253080961071,0.2064901406229983,At-Risk
ASYS,2024,0.36635248088209144,-0.08384215622344734,-0.10679080439482858,-0.1657260007677794,At-Risk
ATCX,2021,0.4728980566036685,-0.03060324907804209,0.15074634197391382,0.08048708427476178,At-Risk
ATCX,2022,0.46090960951774657,-0.012409779005068084,0.12243155610904995,0.1139040799464925,At-Risk
ATEC,2021,0.6486604279394109,-0.5880959821061461,0.6789335984150323,0.843864068416174,Distressed
ATEC,2022,0.6642374460978091,-0.4311975762895912,0.44263852112560237,0.34050113041206076,Distressed
ATEC,2023,0.64322505194272,-0.3870054037017223,0.3744866288365677,0.3359733372318945,Distressed
ATEC,2024,0.6937350587511978,-0.2650965887350751,0.26811152444107145,0.16483859814951676,Distressed
ATEN,2021,0.7860159493205141,0.3794842466465634,0.10870095376606792,0.042638382243953145,At-Risk
ATEN,2022,0.7972732915266572,0.16732658433747832,0.1211636445077227,0.048949015480905037,At-Risk
ATEN,2023,0.8094477552642034,0.15880015891934843,-0.10215525544164544,-0.06251457588038317,At-Risk
ATEN,2024,0.8035162937148447,0.1915963560772805,0.03971394517282479,0.021947693520830595,At-Risk
ATER,2021,-0.02222249129222213,-0.9526046648665883,0.3342038943695343,0.48374285109087056,Distressed
ATER,2022,0.4770900212506217,-0.8875163901071574,-0.1073468218124286,-0.08814473295718166,Distressed
ATER,2023,0.49299973345678494,-0.5230139023329545,-0.3554008228964145,-0.3629848919378598,Distressed
ATER,2024,0.6208793982533192,-0.11976374375283962,-0.30526913850427173,-0.38072256853676517,Distressed
ATEX,2024,-0.013098988559111258,-1.8855911125849776,0.43903602958721066,-0.028116561060416188,Distressed
ATGE,2022,0.5225387562398596,-0.5281800234759111,0.536663968115581,0.6341834280178095,At-Risk
ATGE,2023,0.5530228986797866,0.08421848657247664,0.04992177108526156,0.0067073319905078,At-Risk
ATGE,2024,0.5591789238268087,0.08679445076900165,0.0922412473997571,0.07858922069348195,At-Risk
ATGE,2025,0.568621420463124,0.12928272260092044,0.12850644810343217,0.08405550678063226,At-Risk
ATI,2021,0.11900850060718622,0.06593328094863919,-0.061131417457496395,-0.06808981766598624,Distressed
ATI,2022,0.1861835245046924,0.08433263816475495,0.3700978641331524,0.2694635232968257,At-Risk
ATI,2023,0.19229939861513765,0.09842585715312552,0.08803441084462982,0.08185886000058491,At-Risk
ATI,2024,0.20590999747827882,0.08431718667614223,0.04513980401082972,0.028925173010380622,At-Risk
ATKR,2021,0.38442883128291055,0.20076987336809182,0.6585358393267102,0.39531609939280343,Healthy
ATKR,2022,0.4190205339926504,0.23337887131385718,0.336724824403162,0.2588367470400138,Healthy
ATKR,2023,0.3806740497578551,0.19606304605513133,-0.1009691235118291,-0.020474273024136017,Healthy
ATKR,2024,0.33660873196040164,0.14767775548999346,-0.09000554456526033,-0.01828421457602456,At-Risk
ATMU,2024,0.27677287973167225,0.11116435074269286,0.025489834776733614,0.017264558126370906,At-Risk
ATNI,2021,0.5265079051678511,-0.03668117343916696,0.3233394226293463,0.38084060786997315,Distressed
ATNX,2021,0.34054042718283717,-2.094684855665887,-0.3395086951402788,-0.22462687132266637,Distressed
ATNX,2022,0.2597037570146176,-1.0058937376605945,0.07813859849636674,-0.156423653498706,Distressed
ATO,2021,0.696927357086888,0.19532353726643364,0.20784279529849134,0.25310184383071327,Distressed
ATO,2022,0.5995260922939541,0.18430754306272137,0.23306656806036113,0.31096522985887665,Distressed
ATO,2023,0.6603387740485765,0.207201878112167,0.01753948794548443,-0.022089932574953973,Distressed
ATO,2024,0.7758340741964286,0.25038371626532013,-0.025768608329082225,-0.12417672159864847,Distressed
ATOM,2023,0.9490909090909091,-24.696043881430608,0.4397905759162304,0.18533616260888988,Distressed
ATOM,2024,0.08888888888888889,-24.696043881430608,-0.6509892588799009,-0.08272483158241861,Distressed
ATR,2021,0.3584145616305794,0.07563690246190143,0.10168877631138755,0.11441395049447013,At-Risk
ATR,2022,0.3503163068150521,0.07202590775104455,0.029445767736389915,0.02791608162476594,At-Risk
ATR,2023,0.3622701400736928,0.08157450286025607,0.049725652712966424,0.03475300701987039,At-Risk
ATRA,2024,0.8370637505816659,-0.6623468279820072,4.509057831645275,-0.25371162313452505,Distressed
ATRC,2021,0.7504128254759795,0.1829883096573822,0.3282703322987832,0.28075310308576346,At-Risk
ATRC,2022,0.7444177747374985,-0.1406445324914719,0.20431671460181022,0.15988856552993558,At-Risk
ATRC,2023,0.7523450512842991,-0.07623890092549687,0.20844545204144332,0.14175119555660398,At-Risk
ATRC,2024,0.7468703458146987,-0.09606131005980997,0.16546731956568023,0.1863977010198907,At-Risk
ATRI,2021,0.42060242378721374,0.20003643610240568,0.11918966603654695,0.15326106340966558,Healthy
ATRO,2021,0.14691351919947496,-0.05749053736952359,-0.11476420997757603,-0.07297703536120495,At-Risk
ATRO,2022,0.13374612540054664,-0.06683006352660527,0.2022575453801685,0.18040685672258022,At-Risk
ATRO,2023,0.253236332823568,-0.03833541785765069,0.2884908037854229,0.23177587629084961,At-Risk
ATRO,2024,0.27711943034298603,-0.02038530296972943,0.1541193779508594,0.1050228704210658,At-Risk
ATRS,2021,0.628871302627431,0.2515952647541607,0.22983442402689858,0.1519341079570525,At-Risk
ATSG,2021,0.45900147726840274,0.13343850654045883,0.10423379972303137,0.11103800003060464,Distressed
ATUS,2021,0.6648320671531206,0.09813951234430324,0.019829620920089882,-0.018109902344867774,Distressed
ATUS,2022,0.6677289278155457,0.02016686120436056,-0.04391999127129937,0.0219542972714698,Distressed
ATUS,2023,0.6719907970757808,0.005759189283521257,-0.04255902908674529,-0.05112044672693194,Distressed
ATUS,2024,0.6765205372946111,-0.011493545587613353,-0.030599225035141037,-0.00953063064749084,Distressed
ATVI,2021,0.7367942746790866,0.3066000227195274,0.08867177838238932,0.0397489539748954,At-Risk
ATVI,2022,0.7048352816153028,0.20098299681190224,-0.14483698739066228,0.0720687762941284,At-Risk
AUDC,2024,0.6530828818710359,0.06322261495771671,-0.009030906405110012,-0.021629942728921242,At-Risk
AUGX,2021,0.45147755470336115,-0.8037556959169863,0.3447188011891039,0.3267367444326617,Distressed
AUGX,2022,0.45110399896550607,-0.7903856722593994,0.39557861493345364,0.33141477456767987,Distressed
AUGX,2023,0.47990190614201317,-0.4273993980604169,0.45006950505932175,0.19379408674771123,Distressed
AUMN,2021,0.479957805907173,-0.0818487263634943,3.5407131452900478,0.932574958565617,Distressed
AUMN,2022,0.246811251878892,-0.42542409276358173,-0.09028754492889514,0.24753440143453007,Distressed
AUMN,2023,-0.029661723046158973,-0.7688718546908848,-0.48456087610049386,-0.3788394837983939,Distressed
AUPH,2022,0.9577408042975454,-0.8071327314780273,1.9389321346343602,0.09415501005465836,Distressed
AUPH,2023,0.9193905864522856,-0.4445254767453123,0.30950533462657615,0.0477769276545099,Distressed
AUPH,2024,0.879863736693701,0.024462750868657315,0.3396899374975073,-0.14590553462764416,Distressed
AUVI,2021,0.3512627598236104,-0.6334094673796509,1.0352556040451206,1.0965174770657111,At-Risk
AUVI,2022,0.20051262549187931,-0.8230109868251743,0.7261377874535926,0.6465025651074204,Distressed
AUVI,2023,0.19221140194155986,-0.32427405659603514,1.0217722585705582,0.7234293008856104,Distressed
AVA,2022,0.5695906432748538,0.09064327485380116,0.1883780793586372,0.2554678930605664,Distressed
AVA,2023,0.5990862364363221,0.0970873786407767,0.023976608187134502,-0.017105263157894738,Distressed
AVAH,2021,0.24545012623479553,-0.06972640588865364,0.12274254985435805,0.12091833232977264,Distressed
AVAH,2022,0.23235206095169902,-0.3703386298733809,0.06495045328955129,0.1074873989628802,Distressed
AVAH,2023,0.2545355156080411,-0.07098108968456777,0.060170783349043015,0.015422838499928183,Distressed
AVAH,2024,0.07771080945178725,-0.005398353968820048,0.06822308252018643,0.05708223526341048,Distressed
AVAV,2022,0.3168630477506663,-0.00939578042411135,0.1286868973340896,0.2958483954732522,At-Risk
AVAV,2023,0.32100359643021004,-0.3259949383574822,0.21269282887474986,0.23608102383789964,At-Risk
AVAV,2024,0.3961533095211519,0.08324868846969528,0.3259431379223586,0.14509341562763015,Healthy
AVAV,2025,0.38828359291127396,0.05315325964171298,0.14497572273691262,0.18076868208207214,Healthy
AVD,2021,0.254391438756554,0.033329388390391554,0.21576441452439918,0.19627065770922208,At-Risk
AVD,2022,0.31558934737498257,0.04495296211543351,0.09313472338777355,0.0798309359822813,At-Risk
AVD,2023,0.3080959312879702,0.012999339573385154,-0.05118148339525766,-0.02433370125350637,At-Risk
AVD,2024,0.1899955230449365,-0.2396688570864887,-0.08863893335915106,0.04353300823787332,At-Risk
AVDL,2024,0.9096660891572107,-0.28874684390096794,4.509057831645275,0.27563746894072805,Distressed
AVDX,2021,0.597075790329658,-0.8037108156306736,0.3360494384923196,0.3678068549720464,Distressed
AVDX,2022,0.627425320056899,-0.320164374901217,0.27350458316727655,0.1349249854524908,Distressed
AVDX,2023,0.6813747636057995,-0.12430395040974995,0.20347716137189822,0.07552857369317957,Distressed
AVDX,2024,0.7225566136601813,0.018556066888412995,0.15292078167682285,0.01614155004018691,Distressed
AVGO,2022,0.6654519169954523,0.3462036562961178,0.20958105646630237,0.007347069158281425,At-Risk
AVGO,2023,0.6892989754041151,0.39314330383316115,0.07878806131976027,0.023624544157285557,At-Risk
AVGR,2021,0.33800592300098714,-1.7188548864758144,0.1562607008332382,0.07896044334034015,Distressed
AVGR,2022,0.32080261090293727,-2.1301825214553367,-0.18331688055281342,-0.14172363713648117,Distressed
AVGR,2023,0.26176163094615784,-2.3941453214845794,-0.07506345944639188,0.002352455633512175,Distressed
AVID,2021,0.6483909997463068,0.100960131139863,0.13726121187573861,0.11953571527822808,Distressed
AVID,2022,0.6574735334069615,0.1323413501735691,0.018219561696231682,0.0013239005419717843,Distressed
AVLR,2021,0.7069545922111886,-0.1791661242072343,0.3963649367020331,0.416505766045221,Distressed
AVMR,2023,0.12348752764533096,-3.5535619032446606,3.028837391098631,1.8793949013163034,Distressed
AVMR,2024,0.40932490079192124,-0.9274399395472865,2.514625431083343,0.5153557850769073,Distressed
AVNS,2021,0.509710391822828,0.010732538330494038,-0.17879127028539452,-0.15139162215350013,At-Risk
AVNS,2022,0.5762315450957463,0.07381961701505628,0.16541737649063032,0.06940533377505384,At-Risk
AVNT,2021,0.28466294676519377,0.06961242648167697,0.49690730958508283,0.4433509247373176,At-Risk
AVNT,2022,0.25985457328740913,0.20698283729282582,0.02455134972100739,0.03880361025100468,At-Risk
AVNT,2023,0.28398243604429174,0.024150439098892706,-0.07480349730636757,-0.06582952815829528,At-Risk
AVNT,2024,0.32610171583755093,0.05230835699296383,0.03105511009291078,-0.011846571622539036,At-Risk
AVNW,2022,0.3605603398479662,0.06984443439541324,0.10202574651432646,0.09402228167551811,Distressed
AVNW,2023,0.35531438625218836,0.02952388418066794,0.13689641172567904,0.1563093117645341,Distressed
AVNW,2024,0.35466314450736736,0.026367185106951282,0.1847964625921442,0.2146899788826424,Distressed
AVNW,2025,0.3208331224143247,0.0030855533517714895,0.06499413109588001,0.09252497953562101,Distressed
AVP,2021,0.570715229842855,-0.05642531943016596,-0.060879399757254773,-0.07591930405080856,Distressed
AVP,2022,0.5642784919832443,-0.15459338437093745,-0.1866059626964312,-0.15908631493834646,Distressed
AVPT,2021,0.7238222282435947,-0.1835192721550318,0.26645021216500697,0.4697251003174223,Distressed
AVPT,2022,0.7147444036515609,-0.1791778392779516,0.21067276678008848,0.11411980440097799,Distressed
AVPT,2023,0.7150372482295595,-0.07992274441276556,0.16994994383207296,0.05036850094182623,Distressed
AVPT,2024,0.7502859459819294,-0.08802294829975611,0.21578957049572337,0.12584617098921916,Distressed
AVT,2022,0.12197880045287039,0.0284804128287831,0.2444897610040073,0.21897706073594284,Healthy
AVT,2023,0.11991397934067685,0.029047422717085703,0.09157170576850333,0.08369350467604693,Healthy
AVT,2024,0.11644681476452816,0.020991551630670523,-0.10475051683730277,-0.09722086800026364,Healthy
AVT,2025,0.107426801810425,0.010820218088088359,-0.065511914339481,-0.05608119469758198,At-Risk
AVTR,2021,0.338839170875022,0.07752399777961305,0.15523335835835836,0.12785749454877962,Distressed
AVTR,2022,0.3464671742718705,0.09138224801661253,0.017099687250375705,-0.004942390745100485,Distressed
AVTR,2023,0.33927546216557586,0.04608738087036399,-0.07257334540226824,-0.04264986995080067,Distressed
AVTR,2024,0.3360015331092635,0.10488531163394069,-0.026352049603858077,0.005793780687397708,At-Risk
AVTX,2021,0.7237865876250463,-15.630974434975917,-0.1942080907598149,0.6211731150334303,Distressed
AVTX,2022,0.8097612320647055,-2.3077945820176167,2.344016302334198,-0.3660489877987479,Distressed
AVTX,2023,0.33264033264033266,-16.395010395010395,-0.6509892588799009,-0.47722532627691366,Distressed
AVY,2021,0.2750615463292223,0.08802017054577026,0.20609624901384208,0.20221978489695025,At-Risk
AVY,2022,0.2659719226046265,0.08375648556857279,0.07504489611455348,0.08468137254901961,At-Risk
AVY,2023,0.2722881771337709,0.06013653264469233,-0.07467392386578607,-0.07097754177180231,At-Risk
AVY,2024,0.289034571764679,0.08050755507840607,0.04679411307581029,0.032403215998918995,At-Risk
AVYA,2021,0.5549949545913219,-0.004372687521022536,0.03480682213713888,0.03328347045624533,Distressed
AVYA,2022,0.46987951807228917,-0.8417670682730923,-0.16246215943491424,-0.03546869344914948,Distressed
AWI,2021,0.3665281041026568,0.16555214169528285,0.18112925605720995,0.22346805736636244,At-Risk
AWI,2022,0.36420403860189765,0.16454464358121806,0.1143141153081511,0.08802216538789429,At-Risk
AWRE,2021,0.9282069538388513,-0.3455559511095289,0.4903174462817225,0.10697921188443545,At-Risk
AWRE,2022,0.9212893553223388,-0.10782108945527237,-0.05019579921680313,0.045880353797220164,Distressed
AWRE,2023,0.9302236351677263,-0.4008989256741943,0.13968015992004,0.037368771871354775,Distressed
AWRE,2024,0.9519811375007189,-0.254816263154868,-0.04686472264854199,-0.07899281153367335,Distressed
AWX,2021,0.932540528252561,0.02800392140147479,0.19862057220708446,0.1915830432111407,Distressed
AWX,2022,0.9322493224932249,-0.007181571815718157,0.15340352073654148,0.1577010111426198,Distressed
AXAS,2021,0.7728321793603693,-0.5651550888939613,0.8320749018423437,-0.1280979073917197,Distressed
AXAS,2022,0.7968514385668617,0.5635498732008526,-0.36928402952141826,-0.29590275767974533,Distressed
AXDX,2021,0.3496010864029876,-6.594975386182312,0.055261979399910434,0.053122286782875845,Distressed
AXDX,2022,0.25901819322459224,-4.900643036386449,0.08232897640468512,-0.04166560970041348,Distressed
AXDX,2023,0.30964424910854965,-5.109710589601128,-0.0543444165621079,-0.14100612782402688,Distressed
AXGN,2021,0.8199484916534493,-0.21188303836429592,0.13408726625111309,0.1276331911250203,Distressed
AXGN,2022,0.7851483576747676,-0.20888414246954914,0.08814522841125018,0.10156832968960687,Distressed
AXGN,2023,0.7664138555580711,-0.13656830930998917,0.1474051838596086,0.07239246305506533,Distressed
AXGN,2024,0.7578654624262029,-0.05318728714943044,0.17813749905667497,0.0562463291111185,Distressed
AXL,2021,0.14015048675483846,0.0011441647597254005,0.09463360787976564,0.07404054233096322,Distressed
AXL,2022,0.12148421342892596,0.01108162139804219,0.12523755963231586,0.1365982030880569,At-Risk
AXL,2023,0.10268936590180114,-0.005526770293609672,0.047756100923755686,0.06862869236474142,At-Risk
AXL,2024,0.12104687423468138,0.0057143790102695555,0.007467719384817831,-0.009174467220745806,At-Risk
AXNX,2021,0.6418436962671252,-0.4441011703366798,0.6164432689290358,0.481835506216159,Healthy
AXNX,2022,0.7221905576137551,-0.21811313033883567,0.5181208053691275,0.2904670531558749,At-Risk
AXNX,2023,0.7493715524088443,-0.01661667289882881,0.3386054906431082,0.1740153818410754,Healthy
AXON,2021,0.6265020888808069,-0.06951508082758365,0.267807924487851,0.4838517563759345,At-Risk
AXON,2022,0.6116474594888737,0.12376773480532674,0.37499319535639536,0.06075206688485939,At-Risk
AXON,2023,0.6121955610915365,0.1126309429300589,0.3146680728437939,0.2830264035753128,At-Risk
AXON,2024,0.596093398113637,0.18104647913159308,0.3343546705674829,0.44174052907399586,Distressed
AXSM,2023,0.9036770140428677,-0.8841019955654102,4.407998081419749,1.001902550565468,Distressed
AXSM,2024,0.913654123875725,-0.7446751691111843,0.42532520325203255,0.40710286721042893,Distressed
AXTA,2021,0.32355871563787875,0.0597572573705901,0.1815603595890411,0.15200606042947468,Distressed
AXTA,2022,0.2903357903357903,0.03931203931203931,0.1059281735428649,0.12828165309322678,At-Risk
AXTA,2023,0.3121141975308642,0.05150462962962963,0.06142506142506143,0.03026227303295225,At-Risk
AXTA,2024,0.3407884761182714,0.07410917361637605,0.017746913580246913,-0.005657093124456049,At-Risk
AXTI,2021,0.34509763961773887,0.10608255151281361,0.44076718994138064,0.3617877730499557,Healthy
AXTI,2022,0.3693433863858615,0.11204098697543899,0.027112007161936926,0.032675748618429507,At-Risk
AXTI,2023,0.1757107988653605,-0.23591265914638168,-0.4628962995507306,-0.24268068821754146,At-Risk
AXTI,2024,0.23989291573152444,-0.11698755044735862,0.3109176067022891,0.17254837516946717,At-Risk
AYI,2021,0.4261774053741693,0.08850043340075123,0.04049544538977242,0.02631757214469584,At-Risk
AYI,2022,0.4175382541624023,0.09585382292004693,0.15749783299624387,0.1538893105838091,Healthy
AYI,2023,0.4334800870401295,0.08754617681291432,-0.013454481915079504,-0.012727376730351219,Healthy
AYI,2024,0.46386357719343924,0.11002343139807341,-0.028136227923688074,-0.04756800602566703,Healthy
AYX,2021,0.8955223880597015,-0.3358208955223881,0.08215494197549808,0.3461133980349148,Distressed
AYX,2022,0.8619883040935673,-0.3730994152046784,0.5951492537313433,0.65625,Distressed
AZEK,2021,0.33075453741982436,0.0790093759489183,0.31105054272462107,0.12576893815889578,At-Risk
AZEK,2022,0.2940905261635927,0.04954167422797226,0.14980143752109884,0.19403950493328956,At-Risk
AZEK,2023,0.31399180918853753,0.04550848125541846,0.010866149399595453,0.007652751837388119,At-Risk
AZEK,2024,0.3758671835543148,0.10640619710180318,0.05190919466750735,-0.015125072716695753,At-Risk
AZO,2021,0.5275464068187854,0.14835102977972375,0.15813990014381765,0.14399143630960864,At-Risk
AZO,2022,0.5213223046929559,0.14949357718909959,0.11091531304544866,0.11094878604795971,At-Risk
AZO,2023,0.5195803063364826,0.14483563781587308,0.07414237923041946,0.0771653447471136,At-Risk
AZO,2024,0.530930757736989,0.14399071987490933,0.05917664158113705,0.05137134693482325,At-Risk
AZYO,2021,0.4013926988816206,-0.5239924034606457,0.11030410946066257,0.24635312094667827,Distressed
AZYO,2022,0.4880288481697346,-1.3793869763931401,-0.49675036927621863,-0.23248652809853734,Distressed
AZYO,2023,0.4466760961810467,-1.5217619721155788,0.03756970942177869,-0.1589212080686504,Distressed
AZYO,2024,0.46415981198589895,-3.729107624248289,-0.4153566377045868,-0.25332361644803675,Distressed
AZZ,2021,0.278069931772952,0.15985981681817663,0.09368796480874954,0.07047377407720053,At-Risk
AZZ,2022,0.22358117597641067,-0.040021183863698004,1.5183676498007983,1.5763107135416317,At-Risk
AZZ,2023,0.23638371502397584,0.06608202842241978,0.16162895148185055,0.1443273151300292,At-Risk
AZZ,2024,0.24254885456702735,0.0816564664482958,0.026115561440671075,0.019294234222322525,At-Risk
B,2021,0.3614389687062595,0.07933694828438109,0.11958028835164991,0.10769704132081145,At-Risk
B,2022,0.33432339991187665,0.010681782880618258,0.0024006113535730345,0.025005681674705186,At-Risk
B,2023,0.3047031748515202,0.01102510147352866,0.14978032567590271,0.1982517344079257,At-Risk
BA,2021,0.04895161031371416,-0.06746299328902161,0.07097905705148044,-0.07721828609986504,Distressed
BA,2022,0.05299663704059573,-0.0740901993754504,0.06938958995600937,0.06815654372895816,Distressed
BAER,2023,0.38028422378125565,-1.1596510163698508,0.43804432180736397,0.7996783261367258,Distressed
BAER,2024,0.41716609371989494,-0.15785951142344315,0.4782784673502429,-0.24885067188393195,Distressed
BAH,2021,0.23792280928297285,0.05580544495857097,0.06422776207166922,0.08078634489617735,At-Risk
BAH,2022,0.23166648666162654,0.02916081650286208,0.1070459246505733,0.1476171381486456,At-Risk
BAH,2023,0.23063215156631026,0.056837366347777155,0.15152824279079813,0.09487063095778484,At-Risk
BAH,2024,0.23213689482470784,0.07804674457429048,0.12361658225473644,0.09970978441127695,At-Risk
BALL,2021,0.19737890087611323,0.06357251466222576,0.17231134878193702,0.17706352225180677,At-Risk
BALL,2022,0.16826204008375711,0.05376906969787616,-0.03178625733111288,-0.00864436904184844,Distressed
BALL,2023,0.1913447189520809,0.05861382855247886,-0.0979658988932097,-0.11246027218645586,Distressed
BALL,2024,0.2069520983467571,0.3398050021195422,-0.02213563256508042,-0.025617482324855386,At-Risk
BALY,2021,0.692212065094677,-0.08673114833682813,2.5474017682782892,1.8793949013163034,Distressed
BALY,2022,0.6396168825267489,-0.18865321484857284,0.7057105674875969,0.6712182005007,Distressed
BALY,2023,0.6370312359002773,-0.0765595798900237,0.08572397543118448,0.20325862643005085,Distressed
BALY,2024,0.6188241641018609,-0.23169112311965256,0.0005736864519759109,-0.009098444869938823,Distressed
BAND,2021,0.43554685510697544,-0.05573764480848715,0.43074439033204803,0.38283541492577494,Distressed
BAND,2022,0.4158635056669086,0.034144520127296074,0.16753682469388295,0.21156497899193744,Distressed
BAND,2023,0.392863618896155,-0.02718771886338267,0.048791594550834684,0.06543861176013764,Distressed
BAND,2024,0.37403188031321855,-0.008716250248835317,0.2451602599826656,0.20731603866950268,Distressed
BARK,2021,0.5559768705927798,-0.1346042419679704,0.34020242786658356,0.5069701379999649,Distressed
BARK,2022,0.5755769967215565,-0.11492112120900778,0.05500329125000493,-0.004057600978744554,Distressed
BASE,2021,0.8803564779589128,-0.4713295883181428,0.19612722079682432,0.31852014813185203,Distressed
BASE,2022,0.8691481940784375,-0.44239911124890197,0.25320943484806785,0.23735261401557287,Distressed
BASE,2023,0.8773474341385382,-0.4453695629231769,0.1628494290290911,0.1658426077419587,Distressed
BASE,2024,0.8808446239485167,-0.35639674219205025,0.1634608441598116,0.11084080008636245,Distressed
BATL,2021,0.6227380305394365,-0.09928647814729756,0.923305167611893,-0.47722532627691366,Distressed
BATL,2022,0.6688751865962614,0.05163146402869683,0.25896811065724656,0.13802376932426264,At-Risk
BATL,2023,0.4764135131952057,-0.013806723983294227,-0.3851736737740347,-0.01811258022113972,Distressed
BATL,2024,0.4604910956042766,-0.16443089745375025,-0.12171025810601462,-0.07900876070479378,Distressed
BAX,2021,0.38860530215708877,0.10571381524781821,0.040520860104514694,0.07348115740280402,Distressed
BAX,2022,0.3528885353485135,-0.24192105001491498,-0.17199077885723696,-0.06539459058910707,Distressed
BAX,2023,0.40057915057915056,0.25637065637065637,0.030128268867455503,-0.04331020812685828,Distressed
BAX,2024,0.37457690861226023,-0.06101918014291087,0.02664092664092664,0.05635553713871335,Distressed
BB,2021,0.6504178272980501,0.016713091922005572,-0.1959686450167973,-0.05953582240161453,Distressed
BB,2022,0.6387195121951219,-1.1189024390243902,-0.08635097493036212,-0.055793991416309016,Distressed
BBBY,2021,0.3156534157420303,-0.07112846854601133,-0.14786590054746937,-0.1352060269977118,Healthy
BBBY,2022,0.22730675428018676,-0.654631844533401,-0.32068685720415596,-0.19486072011429592,Distressed
BBCP,2021,0.4361099148849934,-0.047728366602492654,0.03781453232161577,-0.0022834744772281855,Distressed
BBCP,2022,0.407708102827866,0.07145918682655024,0.27068345323741005,0.2657451793115877,Distressed
BBCP,2023,0.40318287992293794,0.07188388231755988,0.10204290142838632,0.08430980035935885,Distressed
BBIO,2022,0.9557747784875334,-6.196978672985782,0.11377589075678467,-0.15512231800825563,Distressed
BBIO,2023,0.7370740621304955,-24.696043881430608,-0.6509892588799009,0.11474770411199722,Distressed
BBIO,2024,0.9650998495600192,-2.414408162161675,4.509057831645275,0.3129756696952921,Distressed
BBNX,2024,0.5510718014863952,-0.8407960199004975,4.429262192580242,1.3069286236806354,Distressed
BBQ,2021,0.44165431452902026,0.1163571366291743,0.7027970009155621,0.5448323028343672,At-Risk
BBSI,2021,0.2141072860633649,0.03986636877778313,0.08440051588058455,0.07880645501179741,At-Risk
BBSI,2022,0.2227441986634115,0.044832433232226084,0.1038144155047395,0.09230029750571472,At-Risk
BBSI,2023,0.2268123186325349,0.04733158952480438,0.014209077647710481,0.013368148522481015,At-Risk
BBSI,2024,0.2212705466256484,0.04630106130808165,0.07034836581075407,0.07543991664163338,At-Risk
BBWI,2021,0.48908906368941896,0.16911951281400658,0.22505439850792663,0.21594202898550724,At-Risk
BBWI,2022,0.4305555555555556,0.10582010582010581,-0.04085257548845471,0.05295419717350588,At-Risk
BBWI,2023,0.4355902544083995,0.11818548929869431,-0.017328042328042328,-0.00646830530401035,At-Risk
BBWI,2024,0.44258929793348845,0.10921034624332832,-0.01642212949252928,-0.016764322916666668,At-Risk
BBXIA,2021,0.3149296708833312,0.149590078986725,0.8103031247654838,0.4107221675211354,At-Risk
BBY,2021,0.22487973570835185,0.04741021232201851,0.09519275527908257,0.09276733083802138,Healthy
BBY,2022,0.21409132143937104,0.03064927210678647,-0.10554278317652287,-0.09024530314217738,Healthy
BBY,2023,0.22100248550124274,0.028560250391236306,-0.061471337854766946,-0.05931553792046172,Healthy
BBY,2024,0.22599210171450587,0.0223222885763822,-0.0442787443615944,-0.04627920910724985,Healthy
BCC,2022,0.22829342004531372,0.10225665997441133,0.05818692168202035,0.039692034864335715,Healthy
BCC,2023,0.20896209480648908,0.07072808885905667,-0.18469122448957692,-0.14042320333159364,Healthy
BCC,2024,0.19789244789118382,0.05596929581008802,-0.01666377849872299,0.003096827959454383,Healthy
BCO,2021,0.22960811389933813,0.025046426360649493,0.1379880246010458,0.10585494909990223,Distressed
BCO,2022,0.23671039576672914,0.03761437548230625,0.0798295319270511,0.08547653101027175,Distressed
BCO,2023,0.23950683132975015,0.017991219792393223,0.07476573696395106,0.06592880072828326,Distressed
BCO,2024,0.2531574851852591,0.03250264370797502,0.028166413654453697,0.024610059783341576,Distressed
BCOR,2021,0.2913175522209376,-0.3008630944694195,0.205101164615179,0.1982871443987785,Distressed
BCOR,2022,0.33245210773958134,-2.0343107835605916,0.01258407232917004,0.00525162243148792,At-Risk
BCOV,2021,0.6540482157153482,0.02556693021559218,0.06962143975515954,0.03205050074146302,Distressed
BCOV,2022,0.6347389672429481,-0.04272349863512284,-0.0004026661234621707,0.07417613510547734,Distressed
BCOV,2023,0.6155169071560289,-0.11375486487695527,-0.046543259023354565,0.01936846348714801,Distressed
BCPC,2021,0.3043391742165119,0.12027688814965276,0.13555007930146495,0.13337451497644714,At-Risk
BCPC,2022,0.29760558089388534,0.11181207142084006,0.17938782738419295,0.18711402919640638,At-Risk
BCPC,2023,0.32745363108021236,0.11766956947830697,-0.021137402133796286,-0.042557942326122845,At-Risk
BCPC,2024,0.3525339630317799,0.13471443371179553,0.03387215848419245,0.009864447373454955,At-Risk
BCRX,2021,0.9540052172806516,-1.1711013552204619,4.509057831645275,0.7388832055003661,Distressed
BCRX,2022,0.9650998495600192,-0.9124496449763133,0.723146910988102,0.25207029908467843,Distressed
BCRX,2023,0.9650998495600192,-0.6835570226787201,0.22370369276327692,0.037825989476747236,Distressed
BCRX,2024,0.9650998495600192,-0.19720131702728128,0.35997489529648896,0.041675763753070985,Distressed
BDC,2021,0.33540017207964334,0.027778260605059838,0.31336063627730293,0.26604385054909935,At-Risk
BDC,2022,0.3515420192327982,0.09770361233615386,0.13263386144981446,0.12460724517712114,At-Risk
BDC,2023,0.38014891221790353,0.09663649782411735,-0.036217741517791203,-0.032625440478518154,At-Risk
BDC,2024,0.37473785838887697,0.08063173233091384,-0.020343666851904633,-0.005484854225145947,At-Risk
BDSI,2021,0.8597925652207818,0.5090490273120459,0.06539230911798352,0.049290642308813526,Distressed
BDSX,2021,0.44009833779767366,-0.7918210839173669,0.19643523498035428,0.38643181180086594,Distressed
BDSX,2022,0.6295927980739034,-1.7127342196168742,-0.29893956628628043,-0.05442104365620737,Distressed
BDSX,2023,0.7349603764744229,-1.0623179253162751,0.28459646184444676,0.01878987353186501,Distressed
BDX,2021,0.45115257958287597,0.10935131462024986,0.19018290406868235,0.1236627867859786,Distressed
BDX,2022,0.44923158452570217,0.09432962374138845,-0.013642778736082798,-0.01832225615232621,Distressed
BDX,2023,0.42174272145364444,0.07660540986991535,0.02660307366189719,0.03372979566941141,Distressed
BDX,2024,0.452225195757756,0.08449796808405194,0.041606442287838115,0.02206750059004012,Distressed
BE,2021,0.20323583384078603,-0.16918027188492618,0.22402225000535098,0.24187229724170087,Distressed
BE,2022,0.12366350463879912,-0.25160679662253727,0.23344435575451358,0.3436519373724323,Distressed
BE,2023,0.14833029614464519,-0.2265637772128357,0.11203585948087147,0.05633795099981714,Distressed
BE,2024,0.27455056667679884,-0.019830295496982064,0.10527870893233443,-0.05927863291529892,Distressed
BEEM,2021,-0.1079760053321484,-0.7325038880248833,0.44951572777701737,0.3663532896875666,Distressed
BEEM,2022,-0.0757899522618777,-0.8948397363037054,1.4433459231281938,1.6736106659829497,Distressed
BEEM,2023,0.01787596692055291,-0.23844520659807283,2.062195953625824,1.0046031022991537,Distressed
BEEM,2024,0.14788389816766662,-0.22867682827955246,-0.26750107641827386,-0.2705408185232138,Distressed
BELFB,2021,0.24725755942107916,0.045669317416567615,0.1668695560693989,0.15447100072264006,At-Risk
BELFB,2022,0.2804092731488629,0.08053552786239765,0.203753859288235,0.12701742997677806,At-Risk
BELFB,2023,0.33736263564510255,0.11539465437557536,-0.02204107710861421,-0.06482789358200768,Healthy
BELFB,2024,0.37838636329638436,0.09198342533171776,-0.1641432731126126,-0.1446378097378387,At-Risk
BEN,2021,0.6473443712539315,0.21734021719779242,0.5136081918620318,0.44999557287055075,At-Risk
BEN,2022,0.600171594987493,0.1561151861563931,-0.017826835202658597,-0.007495611022059385,At-Risk
BEN,2023,0.525708971386348,0.11246719494483655,-0.05146641209382137,0.037791860214722986,At-Risk
BEN,2024,0.5097310686482661,0.05482425100259495,0.08008255408056666,0.1384446651153829,At-Risk
BERY,2021,0.1803610108303249,0.05292418772563177,0.1828507985310445,0.19672758587694958,At-Risk
BERY,2022,0.1636426353915143,0.05284580889962056,0.04657039711191336,0.057807627728472054,At-Risk
BERY,2023,0.18240682248894505,0.048089071383449145,-0.12631942048982409,-0.13204837490551777,At-Risk
BERY,2024,0.18379833578071464,0.042094958394517865,-0.03205938092229943,-0.030654010276060264,At-Risk
BF-A,2022,0.6079328756674295,0.213068904144419,0.13637676971973417,0.10239471511147812,At-Risk
BF-A,2023,0.5898770104068117,0.18519394512771997,0.07500635647088737,0.11685393258426967,At-Risk
BF-A,2024,0.6045955002393489,0.24509334609861178,-0.011825922421948912,0.008383635144198525,At-Risk
BFAM,2021,0.23643214548794028,0.040140556609185744,0.1585473630991629,0.1125561737605173,Distressed
BFAM,2022,0.23689981672735336,0.039911664860996385,0.15107328803451475,0.14549259080028212,Distressed
BFAM,2023,0.21987902857305902,0.030692767559444674,0.1968683787621499,0.20619120061066015,Distressed
BFAM,2024,0.2306787048312871,0.0521929715157745,0.11072272301910012,0.08561487768667424,Distressed
BFLY,2021,0.4957883800847119,-0.518005274514505,0.35269826169679147,0.6332652039145089,Distressed
BFLY,2022,0.537675432620248,-2.2989916882409047,0.17302005913849597,0.10393323609361532,Distressed
BFLY,2023,0.2557814871016692,-2.0288315629742035,-0.1020575010219376,-0.20607334559513532,Distressed
BFLY,2024,0.5950935946183095,-0.8834454518865166,0.24515933232169954,-0.26023828660583426,Distressed
BFRI,2024,0.5014335092843172,-0.47584469869510465,0.09538904053300461,-0.037371134020618556,Distressed
BG,2021,0.056853529889099266,0.03512983500135245,0.42865423630567095,0.42639517722690545,Healthy
BG,2022,0.05476558781532603,0.02394693003331747,0.13659724100622125,0.13847044175157391,Healthy
BGCP,2021,0.24207041507142135,0.06153082023892458,-0.02012727779260692,0.05904550035771543,Distressed
BGCP,2022,0.3849302234387306,0.027133039455200295,-0.10919218562999042,-0.22497359464851543,Distressed
BGCP,2023,0.33446216329507095,0.017905096324135318,0.12816729441620406,0.1715086095007355,Distressed
BGCP,2024,0.3402518452655052,0.056119405095769966,0.11721975055803764,0.09784985887848996,Distressed
BGFV,2021,0.37512609526432666,0.0881255271900983,0.11583423932878223,0.060319583398367044,At-Risk
BGFV,2022,0.3427443251789485,0.02625113255345351,-0.1431219982441342,-0.06217568090559299,At-Risk
BGFV,2023,0.3230806616595742,-0.008005696556634963,-0.11128957407954292,-0.0691709033983595,At-Risk
BGFV,2024,0.29479124238812876,-0.08683190272895956,-0.10090704101181697,-0.04963042126057674,At-Risk
BGNE,2021,0.8598075463132596,-1.2393412129564059,2.8082939969048866,0.32974499582010375,Distressed
BGNE,2022,0.7976758590345083,-1.415202543079734,0.20372478391679552,0.22583706880793938,Distressed
BGNE,2023,0.8454842830526859,-0.3585958721788335,0.7365227297285654,0.14378931028523334,Distressed
BGNE,2024,0.8440809912023938,-0.16922446637889835,0.549647609646902,0.19416939518861917,Distressed
BGRY,2021,-0.16217651223157398,-3.016203885786203,0.4597961820008612,1.2262673287812953,Distressed
BGRY,2022,-0.08,-1.5610326499620348,0.2949343192008181,-0.16496507753577055,Distressed
BGS,2021,0.2125048145568857,0.032759898534429434,0.04489790940536376,0.0860942930738984,Distressed
BGS,2022,0.18937771613499768,-0.005256588072122053,0.05190773169203954,0.06964248485518185,Distressed
BGS,2023,0.22087869300149882,-0.03209891030120064,-0.046549699491447064,-0.07197879734580061,At-Risk
BGS,2024,0.21834931129020407,-0.13001654890620942,-0.06296764846073316,-0.05734822844533548,At-Risk
BGSF,2021,0.33862701703154874,0.05902680450325695,0.15402025863742114,0.12778415251128974,At-Risk
BH,2021,0.507694492851797,0.09690636045298356,-0.15582118736496472,-0.2179473521755401,At-Risk
BH,2022,0.5633148757166018,-0.08695085421922652,0.0058043298935281035,-0.06444897731083045,At-Risk
BH,2023,0.5697146048100559,0.15041142237721655,-0.007910795125885653,0.019861714678255156,At-Risk
BH,2024,0.5522929243276979,-0.010380708837548396,-0.008770441095155453,0.01633769200357284,At-Risk
BHC,2021,0.7161489210339104,-0.1124021816457197,0.05070387442381961,0.021599880828243705,Distressed
BHC,2022,0.7090103397341211,-0.027695716395864108,-0.036755987668958975,-0.018226888305628464,Distressed
BHC,2023,0.7077766358341898,-0.06760306040881581,0.07791728212703102,0.06297341452547156,Distressed
BHC,2024,0.710961038961039,-0.004779220779220779,0.0991207034372502,0.08579013553164734,Distressed
BHE,2021,0.09129573244405781,0.015860284066245175,0.09847788572672664,0.09113521255593152,At-Risk
BHE,2022,0.08842887388868428,0.023638660985174604,0.2797883580992312,0.2714674832679742,At-Risk
BHE,2023,0.0954816102707455,0.024284460312450688,-0.016406642204237838,-0.023957068474133647,At-Risk
BHE,2024,0.10166164364737088,0.02301339743722481,-0.0644144226650736,-0.06635721137413586,At-Risk
BHG,2023,0.14147115528746504,-1.1889727963942172,0.5453396932490019,0.24224180865131598,Distressed
BHG,2024,0.20767153824719187,-0.06913309781488848,-0.19309494642497171,-0.20762417666142352,Distressed
BHI,2021,0.19749292751926642,-0.018144571261340357,-0.009804395073653707,-0.04957307885484681,Distressed
BHI,2022,0.20797882397428624,-0.02486292304783513,0.03189932689493708,0.018126089943455055,Distressed
BHR,2021,0.3286601082466752,-0.06236580265798448,0.8836606836025271,0.35517005708772215,Distressed
BHR,2022,0.33468192985207257,0.02652538512660827,0.5661268366616613,0.41521920781603056,Distressed
BHR,2023,0.3221589979211273,-0.03654190274338162,0.10418094790056527,0.12948001516265795,Distressed
BICX,2023,0.596388515029161,-24.696043881430608,-0.5830546995197367,-0.2204593150097031,Distressed
BIG,2021,0.3897190242972925,0.028904157852490234,-0.007836996663755532,0.01827396601024753,At-Risk
BIG,2022,0.34992462962634474,-0.03853242919363484,-0.11092798543492402,-0.02736314452625468,At-Risk
BIG,2023,0.3571740024933827,-0.10204699223798569,-0.13646399110221788,-0.07445192789797737,At-Risk
BIGC,2021,0.7794955766300516,-0.34876168383707445,0.44292108579229234,0.4262109753225342,Distressed
BIGC,2022,0.7492430350264266,-0.501367016035116,0.26935935048099885,0.3838362709587925,Distressed
BIGC,2023,0.7601698804760273,-0.20902473868271523,0.10864104631371495,-0.03166849644916122,Distressed
BIGC,2024,0.7669489107221703,-0.08118896935364209,0.0760615913689341,-0.015204627114188064,Distressed
BIIB,2021,0.8078894888769498,0.14169937259258586,-0.18318878955119527,-0.016155458641543986,At-Risk
BIIB,2022,0.7760532368726286,0.29949672675801603,-0.07360426892011256,-0.15349292842711076,At-Risk
BIIB,2023,0.7424254748058075,0.11805075440237504,-0.033204238504334835,0.08903515116447273,At-Risk
BIIB,2024,0.7612211783916741,0.16868715054930292,-0.016236935214933506,-0.11079232250780367,At-Risk
BILL,2022,0.7741226464618457,-0.5083829341126147,1.694306759280633,1.6648146676054418,Distressed
BILL,2023,0.8167379646810295,-0.21136680560961693,0.6488093476374659,0.4084493087287577,Distressed
BILL,2024,0.8181513782658436,-0.02238306210334746,0.2189050590098142,0.041320951243440894,Distressed
BILL,2025,0.8139555713572684,0.01627204168005634,0.13362404392592617,0.06812146059547712,Distressed
BIO,2021,0.5605032600011292,0.5635498732008526,0.14806534816976258,0.140238666854964,At-Risk
BIO,2022,0.559311467324995,-1.2945084466084207,-0.04116138502572245,-0.042348121074605866,At-Risk
BIRD,2021,0.5285650444008765,-0.1635119940029985,0.26528527652123157,0.24878480605182682,At-Risk
BIRD,2022,0.43533512892674114,-0.3403813732931228,0.07313891131357399,0.2694878007913697,Distressed
BJ,2021,0.1847143586886468,0.025598144198743143,0.08018688508249862,0.08536556749308966,Healthy
BJ,2022,0.17765771092299756,0.02656860554905951,0.15886572403859964,0.15745814994524293,Healthy
BJ,2023,0.1824135775763747,0.02622811141983332,0.03383476144262811,0.03181812480786238,Healthy
BJ,2024,0.18361437852005608,0.02606682807034932,0.026697546343678345,0.029284228571488193,Healthy
BJRI,2021,0.7349586674982843,-0.0033172713373405527,0.39630576357400676,0.29200731307823724,At-Risk
BJRI,2022,0.7276751152324978,0.0031746377906514862,0.18112338299121097,0.1699937886447696,At-Risk
BJRI,2023,0.7400529091401402,0.014746153886541621,0.03840018817283862,0.019293071874290725,At-Risk
BJRI,2024,0.7417229179651986,0.012294242548821117,0.018056162894746514,0.010266558380899,At-Risk
BKD,2021,0.24740098736195548,-0.035997344701857226,-0.22087370893411237,-0.11461627943735225,Distressed
BKD,2022,0.26253964512371614,-0.08438761667018832,0.0243341905165541,-0.002817780182129655,Distressed
BKD,2023,0.293792850987241,-0.06267298311674833,0.06740688594344334,0.03214503621601505,Distressed
BKD,2024,0.30146533964147026,-0.06460913131297619,0.03636081488705096,0.02581455847188466,Distressed
BKE,2021,0.5044071289588269,0.19683193432447066,0.4364125164488648,0.3080124813162115,Healthy
BKE,2022,0.5025345918448513,0.1892866939689426,0.03906977175312663,0.06041759634994182,Healthy
BKE,2023,0.490892092788688,0.1743863700160653,-0.06250803791591801,-0.026559035647039736,Healthy
BKE,2024,0.4868131353736463,0.16052374621106047,-0.034424653993094925,-0.01385596383187397,Healthy
BKKT,2021,-0.5044542404467389,-3.8319832767180557,-0.5970872082821548,0.05418619379354021,Healthy
BKR,2021,0.19749292751926642,-0.010681884694176177,-0.009804395073653707,-0.04957307885484681,Distressed
BKR,2022,0.20797882397428624,-0.028408016638305916,0.03189932689493708,0.018126089943455055,Distressed
BKR,2023,0.23139653414882771,0.07617815415980554,0.20561542824730572,0.18685767673621925,Distressed
BKR,2024,0.2329584246649179,0.10704660605842826,0.09107660942523328,0.06914195749147206,At-Risk
BKSY,2024,0.951495205351983,-0.56044978597945,0.08044067222622021,0.1218310290916894,Distressed
BKTI,2021,0.35845604444052553,-0.037496693413279256,0.027753234101361608,0.07915169776335612,At-Risk
BKTI,2022,0.19320523640360346,-0.22835665639536024,0.1231593333921171,0.33230240549828177,Distressed
BKTI,2023,0.3001052716819176,-0.030096903932842065,0.454220721870032,0.2069738199638896,At-Risk
BL,2021,0.7700972032341569,-0.2705176812166143,0.21029632935972048,0.24942146447522792,Distressed
BL,2022,0.7525806118507357,-0.056203603486455374,0.2284017608396405,0.23900542729152308,Distressed
BL,2023,0.7511966182821579,0.08954806473264225,0.1282331748696786,-0.018444450238573253,Distressed
BL,2024,0.7520953996106138,0.24669389104534267,0.10735666004515285,0.12112261016781067,Distressed
BLBD,2021,0.10547006922565223,-0.00042251770846278114,-0.22204428693127212,-0.20969241519457507,At-Risk
BLBD,2022,0.045646154249678696,-0.057153241731271474,0.17053048633396442,0.24187532196855077,At-Risk
BLBD,2023,0.12257314443150691,0.021020610120295588,0.414864664011281,0.28502134103219046,Healthy
BLCO,2023,0.6039556198745779,-0.06271104679208876,0.10031847133757962,0.11104847801578353,Distressed
BLCO,2024,0.6092673763306199,-0.06616572740555207,0.15557163531114326,0.16311516996448502,Distressed
BLD,2021,0.2794983200940162,0.09294227221734108,0.28261893321579756,0.27371908157116065,At-Risk
BLD,2022,0.296824712942007,0.11100367677006451,0.4367316685440652,0.3992945682553057,At-Risk
BLD,2023,0.3087419586216243,0.11824642606474992,0.037125075667672376,0.024762440699215023,At-Risk
BLD,2024,0.3048739324886867,0.11681519936102704,0.02600903922348458,0.029563223536210204,At-Risk
BLDR,2021,0.29410869365898695,0.0867310992901527,1.3243543484808866,1.1842031585697852,Healthy
BLDR,2022,0.34076549150860463,0.12097678569495642,0.1423837590862224,0.08281413368526494,Healthy
BLDR,2023,0.35165338681536823,0.0901050046995642,-0.24768918709494828,-0.21286958597002398,At-Risk
BLDR,2024,0.3282245435075972,0.06572351609939507,-0.04075712406557047,-0.00775872358783195,At-Risk
BLI,2021,0.6622827563592074,-0.8399775144048344,0.32790072002861453,0.4917046333705837,Distressed
BLI,2022,0.6842801704943062,-1.2474075959030473,-0.07955450414578161,0.10858833246892949,Distressed
BLK,2021,0.6203158872716011,0.3045834623722515,0.19555692687442147,0.13453853472882968,Distressed
BLK,2022,0.613551166564091,0.2897107368656633,-0.07747496644988128,-0.04419657832941966,Distressed
BLK,2023,0.6018814043339493,0.30807995968419283,-0.0007833044256700051,0.011055540931824164,Distressed
BLKB,2021,0.5222853385646841,0.006141806971780887,0.0,0.0,Distressed
BLKB,2022,0.5223640375955128,-0.04291351047391327,0.14051889538017118,0.2038831294158576,Distressed
BLKB,2023,0.541112656718575,0.002726090255446761,0.04628557657321343,-0.02380198602968921,Distressed
BLKB,2024,0.5468672052546977,-0.2594125879940136,0.042945405932723925,-0.03779106216773967,Distressed
BLMN,2021,0.4216183107594269,0.052288905572866196,0.30020680882657674,0.16227616711224221,At-Risk
BLND,2021,0.4946331478283119,-0.7306893537175633,1.441918587093482,1.5200618725192623,Distressed
BLND,2022,0.381167597076543,-3.267885765791812,0.0030107251753768737,0.1961518239113164,Distressed
BLND,2023,0.6979433860646834,-1.6311696135975682,-0.534232422481197,-0.47722532627691366,Distressed
BLND,2024,0.7188973929268672,-0.37443202432577183,0.056714347004536786,-0.3190719902531521,Distressed
BLNK,2021,0.13572110792741165,-2.6322349570200574,2.360616273471353,1.8793949013163034,Healthy
BLNK,2022,0.2930208214069579,-1.4975711084577765,1.919723018147087,0.97117832108499,Distressed
BLNK,2023,0.3161922644703339,-1.4487617178053742,1.2996450710675673,0.6284749354347394,Distressed
BLNK,2024,0.3730675055666933,-1.5700214743615142,-0.10242677705230516,-0.201959205582394,Distressed
BLZE,2021,0.5089138843195661,-0.32164080676951345,0.25462962962962965,0.49998261353362544,Distressed
BLZE,2022,0.515096001409195,-0.6035817039516176,0.2619481616502912,0.5447243054026173,Distressed
BLZE,2023,0.488703084719513,-0.5853125398210137,0.19803887029534378,0.2000180088243239,Distressed
BLZE,2024,0.5433212147804557,-0.3802535493778795,0.2510218684754801,0.0874978114604437,Distressed
BMBL,2022,0.7238636728378323,-0.0882631269625004,0.18739798399285065,-0.03867158407892871,Distressed
BMBL,2023,0.7073338847532396,-0.0040054001121854295,0.16416879634046594,0.15970330759072152,Distressed
BMBL,2024,0.7024802102939132,-0.5197701100086503,0.018836694142589584,-0.11877126406044526,Distressed
BMI,2021,0.40673953578596905,0.12051512476296422,0.1871815840430132,0.18337735995649135,Healthy
BMI,2022,0.3889364320470748,0.11757383727509335,0.11949770189113972,0.12145612286769447,Healthy
BMI,2023,0.3928953143298957,0.1316075225414729,0.24404492474821773,0.2242861294699889,Healthy
BMI,2024,0.3982588033749598,0.15115938627416345,0.17476890015804614,0.14188368744908572,Healthy
BMRA,2022,0.15775528588840018,-0.24010386307031953,1.6213264653681672,0.592315521351519,Distressed
BMRA,2023,0.08353624274208653,-1.3373290878441655,-0.6509892588799009,-0.46327707754753256,Distressed
BMRA,2024,0.11283471837488458,-1.1039704524469067,0.014234875444839857,-0.06209202356312689,Distressed
BMRA,2025,0.09376765204292976,-0.936358501223875,-0.01920590951061865,-0.11322356136479375,Distressed
BMRN,2021,0.7451544325736957,-0.034707722305723686,-0.007621791443490974,-0.016599499380177424,At-Risk
BMRN,2022,0.760012576101876,0.06753738837874677,0.13527995558624797,0.09920034777312753,At-Risk
BMRN,2023,0.7800693279586115,0.06929695696061468,0.15418940201017253,0.09318695195698619,At-Risk
BMRN,2024,0.7966880583339028,0.14956962628529583,0.17968102194668872,0.06548114756887545,At-Risk
BMY,2021,0.7857065861808774,0.15078150264093995,0.09094971541464791,-0.03375031912177687,Distressed
BMY,2022,0.7803895231699127,0.13706969388418294,-0.00487226474075671,-0.020952229972521667,Distressed
BMY,2023,0.7624094565169088,0.17830955872550328,-0.024978877358694945,-0.006584806368911078,At-Risk
BMY,2024,0.710807453416149,-0.18525879917184265,0.07319024130115985,0.15218277145418488,Distressed
BNED,2022,0.22920653003809502,-0.04603559189000183,0.06343191261244095,0.007448907053535483,Distressed
BNED,2023,0.22643674734708477,-0.06600665626409402,0.03173960075788877,0.028759956462065056,Distressed
BNED,2024,0.22766130550335484,-0.040335389101768516,0.015504714853733262,-0.019484883683716096,Distressed
BNED,2025,0.20979399690715886,-0.0408807765639653,0.027460939867975636,0.02023177063833246,At-Risk
BNFT,2021,0.5335826710300764,-0.12225909075360038,-0.018810998690987204,-0.003062227629353693,Distressed
BNGO,2021,0.21544964128802624,-4.028418886602525,1.1146654122074562,1.0206996217112254,Healthy
BNGO,2022,0.21383353715560033,-4.769297172865262,0.54618764251154,0.6774994215519236,Distressed
BNGO,2023,0.2648687562299258,-6.437396167903422,0.29904323429969065,0.08677115987460815,Distressed
BNGO,2024,0.012347283597608526,-3.639751754613985,-0.14785690552663638,-0.3824045229029653,Distressed
BODY,2021,0.6238037189018423,-0.2614128164185682,0.011652628239124947,0.23501281034832902,Distressed
BODY,2022,0.5339114907707176,-0.28054360090089697,-0.20768847758528922,-0.1960137087985849,Distressed
BODY,2023,0.6129415358113787,-0.28958147176390464,-0.23850077795547234,-0.2852940020938246,Distressed
BOMN,2021,0.07258315871335036,0.5635498732008526,0.24546344468935374,0.5958020529777396,At-Risk
BOMN,2022,0.3471593624724091,0.12597404487080896,-0.6509892588799009,-0.47722532627691366,At-Risk
BOMN,2023,0.33028645246559574,-0.07276610021661913,0.18489186954941658,0.21416019746358125,At-Risk
BOMN,2024,0.330521493619283,-0.01193674607931528,0.12489037308640155,0.1049374409046633,At-Risk
BOOM,2021,0.22866808911443015,-0.0007765795897968207,0.135075340044772,0.150103629227852,At-Risk
BOOM,2022,0.28352082142103635,0.018723837538183054,1.5146031562962536,1.3922257284066117,At-Risk
BOOM,2023,0.29484919103210844,0.036512010767699124,0.09953125429989329,0.048614071811179105,At-Risk
BOOT,2021,0.38640731164530834,0.12931243011954932,0.665664231648668,0.5237504103869717,At-Risk
BOOT,2022,0.3683436744961888,0.1028905988423126,0.11379695428743442,0.15928704190035434,At-Risk
BOOT,2023,0.36857869393626547,0.08817948793317852,0.0056671784461409915,0.03013477081387096,At-Risk
BOOT,2024,0.3751956984025987,0.09467930578346338,0.14642692390982892,0.13817925578450363,At-Risk
BOX,2021,0.7146575900230119,-0.04741791447642314,0.13436174215394994,0.1157157489003132,Distressed
BOX,2022,0.7451179463786516,0.02702967279391729,0.1332926165346802,0.057736613013022776,Distressed
BOX,2023,0.7488660465376236,0.12433931009760624,0.04729864745668975,0.03454174589165585,Distressed
BOX,2024,0.7907543137057048,0.22439617293350334,0.05048369487184182,0.023817918758890687,Distressed
BOXL,2021,0.25124610507784445,-0.07453409440697278,2.3735402889362556,1.7773783635852602,Distressed
BOXL,2022,0.29248673240719447,-0.01687700930196906,0.19767033702889666,0.16502972068943478,At-Risk
BOXL,2023,0.35820304321501123,-0.22156959274789073,-0.20317340078726312,-0.18701424574364978,Distressed
BOXL,2024,0.3454261808923197,-0.20850963625793822,-0.23103083391334364,-0.12632011066998078,Distressed
BPMC,2021,0.9004109284762328,-3.5766603731674813,-0.6509892588799009,0.6787896781216755,Distressed
BPMC,2022,0.9126967789997843,-2.732444274539787,0.1330297645490893,-0.1002800088423845,Distressed
BPMC,2023,0.9650998495600192,-2.0329777849065684,0.222235291811249,-0.0016448131737932805,Distressed
BPMC,2024,0.9603733314466298,-0.13185109192962596,1.0403560830860534,-0.014401128792550188,Distressed
BR,2023,0.29457671302941807,0.1040439538682374,0.06162092098579461,0.03541986583690293,At-Risk
BR,2024,0.2972121472920637,0.10727239195918116,0.07356993185830488,0.07126548931603083,At-Risk
BR,2025,0.31017113991668,0.12187368451611967,0.05875391897707014,0.03839918392626191,At-Risk
BRBR,2021,0.3096784540133109,0.02213134471974982,0.2618638065364768,0.3091107606453961,Distressed
BRBR,2022,0.30754648195406487,0.06000729128691214,0.09975142330206078,0.07413585395236771,At-Risk
BRBR,2023,0.31809455243580514,0.09929205663546917,0.21531170251549397,0.19014752825468034,Healthy
BRBR,2024,0.35432321410680295,0.12348462077948101,0.1976241900647948,0.1660021747009786,Healthy
BRC,2022,0.4850398828934413,0.11518575920347879,0.1374720668682919,0.134495601853983,Healthy
BRC,2023,0.4935004576296511,0.13128752732075297,0.02288754298950434,-0.0021640142464271223,Healthy
BRC,2024,0.5128131725750769,0.14702253552836492,0.007155390606991861,-0.007835358966249492,Healthy
BRCC,2023,0.3170897546401498,-0.04232564840770127,0.3129967840750316,0.20797669850301428,Distressed
BRCC,2024,0.41169378528187184,-0.007540422488441595,-0.01044681426509581,-0.1305239169735821,At-Risk
BRFH,2021,0.37417910447761193,-0.18880597014925374,1.6094945876355915,0.2978390942189864,Distressed
BRFH,2022,0.15717092337917485,-0.6695044750054573,0.3674626865671642,0.6543490619670267,Distressed
BRFH,2023,0.35486649440137813,-0.34748369632090564,-0.11296660117878192,-0.2479037800687285,Distressed
BRFH,2024,0.34225996080992815,-0.26359988802836615,0.3186907838070629,0.2327515306588687,Distressed
BRID,2021,0.2137170902133677,-0.022888158715634488,0.2144769409506491,0.29173449180395855,At-Risk
BRID,2022,0.2710099361409262,0.1694860435204477,0.10592688100486627,0.03972741829973553,Healthy
BRID,2023,0.2795983086680761,0.013805655788519926,-0.053637108966596216,-0.04719151432806324,Healthy
BRK-A,2021,0.27351231964082046,0.3256404221807846,0.12462792013975137,0.20427664483439814,At-Risk
BRK-A,2022,0.5699986755843984,-0.07535593669293424,0.09354237196082336,0.09413139661073545,At-Risk
BRK-A,2023,0.5189940792686607,0.2639993195823113,0.20681411827031324,0.20603741626356187,At-Risk
BRK-A,2024,0.5403989413972372,0.23959906631882466,0.01907090062060678,-0.017852793531999964,At-Risk
BRKR,2021,0.5002688283220977,0.11460358162041441,0.21655345911949686,0.15259889604415824,At-Risk
BRKR,2022,0.5159442051606274,0.11720077448927174,0.04665205343479879,0.04659283647610496,At-Risk
BRKR,2023,0.5104739416427728,0.1441052454039467,0.17141502351128146,0.20476644423260248,At-Risk
BRKR,2024,0.4899893060836502,0.033596720532319393,0.1355709225839096,0.23172179142269347,At-Risk
BRKS,2021,0.4746108159773254,0.21558565941799054,0.32214692551803303,0.2825782223656714,At-Risk
BRKS,2022,0.4600988662425427,0.5635498732008526,0.08136024122888127,0.0633974214144932,Healthy
BRKS,2023,0.4337553446506348,-0.02653920498435137,-0.0072223482352771744,0.05049739083570988,Healthy
BRKS,2024,0.44401933566775015,-0.287553535804467,0.039823313737792077,0.008473168846757816,Healthy
BRLT,2022,0.5326223850941844,0.00485357436767133,0.15700875091073124,0.22494919999176613,At-Risk
BRLT,2023,0.5757400612031847,0.001308296481488949,0.014776690112348312,0.06084430627408145,At-Risk
BRLT,2024,0.602618432304263,0.0012815016072067291,-0.05426070047627368,-0.05224937768725956,At-Risk
BRMK,2021,0.8747926068489514,0.5635498732008526,-0.014825348567318852,-0.1254950955634121,Healthy
BRMK,2022,0.8444575070951624,-1.0690136576136373,-0.09678623573135121,1.2757006504954709,Healthy
BRN,2023,0.7823956211812627,-0.05171206720977597,-0.1284668293765254,0.06665219279201041,At-Risk
BRO,2021,0.4635577112145245,0.19240348692403486,0.16759776536312848,0.13194301053066282,At-Risk
BRO,2022,0.4914637559473832,0.18807724601175482,0.17093793013043193,0.18569865012769063,Distressed
BRO,2023,0.48625792811839325,0.2046041813483674,0.19143576826196473,0.17038461538461538,Distressed
BRO,2024,0.4992715920915713,0.20665972944849115,0.12872915198496593,0.09694380545514295,Distressed
BROS,2022,0.24480793275346002,-0.006431559974668882,0.4843294314246921,0.21756947112306313,Distressed
BROS,2023,0.2602011232418283,0.0017788804029091631,0.30684752074391214,0.23991942008349246,Distressed
BROS,2024,0.2655152359652307,0.027523487234731834,0.3264100578187903,0.2777085413145938,Distressed
BRP,2023,0.25210269540562386,-0.07397368194295703,0.24251060445387063,0.22512457746773645,Distressed
BRP,2024,0.25700467302166896,-0.017651077689075235,0.13990505147490265,0.11109370403733929,Distressed
BRST,2021,0.7035018343918892,-0.37508382973687326,0.2894348644386795,0.2839163155957299,Distressed
BRST,2022,0.6786440472216321,-0.4173166216503293,0.29989348692256107,0.3232678580473628,Distressed
BRST,2023,0.67793877018663,-0.073347719889018,0.2797487177930867,0.07889161731426646,Distressed
BRZE,2021,0.6701703530993341,-0.3223013422395866,0.584881917025654,0.7343468079388844,At-Risk
BRZE,2022,0.674143140906968,-0.39098433991885795,0.49316697124372466,0.5923236973748285,Distressed
BRZE,2023,0.6873103009749894,-0.27377278507842306,0.3274211790921317,0.22425263024112033,Distressed
BRZE,2024,0.6912910129589996,-0.1748251630407307,0.25775752437473504,0.16071092568922224,Distressed
BSET,2024,0.5438087068800902,-0.02938564452917802,-0.15433848709168085,-0.13073609771777564,At-Risk
BSGM,2022,0.8006993006993007,-24.696043881430608,-0.35147392290249435,-0.18613375871440388,Distressed
BSQR,2021,0.1341442267198454,-0.05554041667698863,-0.14375106058034956,-0.09671823339728153,Distressed
BSQR,2022,0.14945048921533696,-0.1057362896374051,-0.09611811628310253,-0.08384735308072934,Distressed
BSTG,2024,0.37209302325581395,-17.98139534883721,3.174757281553398,-0.10304629935114924,Distressed
BSX,2021,0.6878364737550471,0.08739905787348587,0.1992333299707455,0.09047567450427998,Distressed
BSX,2022,0.6880618199022236,0.054880933606686645,0.0667900403768506,0.05812798092209857,Distressed
BSX,2023,0.694873595505618,0.11186797752808988,0.12285128528623246,0.11024509343600337,Distressed
BSX,2024,0.686093031587747,0.11082581954977011,0.17605337078651687,0.16256449293749473,At-Risk
BSY,2021,0.7756179498179362,0.0965674175117041,0.2039838112442985,0.39214315872975253,Distressed
BSY,2022,0.7843536696988942,0.1590236215314235,0.13889078862561993,0.022991371199266593,Distressed
BSY,2023,0.7833928817099787,0.2660237232917594,0.11767183886188656,0.12061158713937584,Distressed
BSY,2024,0.8094982244410037,0.17351848909352263,0.10149843741477825,0.05318723562464487,Distressed
BTAI,2023,0.08695652173913043,-24.696043881430608,2.68,0.05611173603299587,Distressed
BTAI,2024,0.054280670785525155,-24.696043881430608,0.6420289855072464,-0.47722532627691366,Distressed
BTCS,2022,0.7480345108345633,-9.390351525063606,0.39493638752344873,-0.47722532627691366,Distressed
BURL,2021,0.416495964067067,0.04385622965084846,0.6173296923306465,0.40146626869582663,At-Risk
BURL,2022,0.40572787179561426,0.026443004875322376,-0.06647017631783551,-0.027794806737344576,At-Risk
BURL,2023,0.4259392501665644,0.034916489565063547,0.11776509651593936,0.10338003543254984,At-Risk
BURL,2024,0.4330112499286542,0.04735753477044235,0.09327772584579315,0.08114037572269447,At-Risk
BURU,2023,-0.5044542404467389,-9.930533791857425,0.44785577619985173,0.5426216641468377,Distressed
BV,2021,0.2548558897243108,0.0181312656641604,0.08849104859335039,0.05535798448948113,Distressed
BV,2022,0.24320622792474592,0.00504577236358394,0.08654448621553884,0.09057691526937599,Distressed
BV,2023,0.24108664772727273,-0.002734375,0.01492106970374108,0.010721465266919812,At-Risk
BV,2024,0.2333128546131329,0.023996241552527917,-0.017365056818181818,-0.022541436464088398,At-Risk
BW,2021,0.24624370316498165,0.04345923955474466,0.2552563317011497,0.2608792696536709,Distressed
BW,2022,0.23814602657862913,-0.0375116706074623,-0.14269215457613385,-0.10102962343873334,Distressed
BW,2023,0.20677745094033856,-0.3357029047677411,-0.03608084182614446,-0.019654397665424917,Distressed
BW,2024,0.21808002560929646,-0.10311700247315585,-0.010909901812585965,-0.0384916172603926,Distressed
BWEN,2021,0.03784533611685288,0.01955102012786793,-0.2663882395615025,-0.20124296979916598,Distressed
BWEN,2022,0.06059097415124548,-0.05504670200668707,0.21384572068205385,0.15898187885951218,Distressed
BWEN,2023,0.15976252844301814,0.03759147225484944,0.1511549624064404,0.04892946347741675,Distressed
BWEN,2024,0.14803403755868544,0.008048289738430584,-0.2965494871656256,-0.27777662240430906,Distressed
BWMN,2021,0.5030206041208242,0.0019937320797492834,0.22906080970332732,0.246752814781553,At-Risk
BWXT,2021,0.2590667745097393,0.14400204512648807,0.00026277174271349967,0.012143450961456434,At-Risk
BWXT,2022,0.24719034196003822,0.1066765375303314,0.05120348914397521,0.06030003481602595,At-Risk
BWXT,2023,0.2486042392989009,0.09848500325881131,0.11800026334246075,0.1238141107571195,At-Risk
BWXT,2024,0.24234129071249502,0.1042814650099458,0.0830606307151879,0.09780987072259519,At-Risk
BX,2021,0.7974908965472521,0.2594391904593087,2.700002966276063,0.5860518697086438,At-Risk
BX,2022,0.4126280734186438,0.2051770477687979,-0.6227303377733981,0.113827770516559,Distressed
BX,2023,0.5054902621153778,0.17336502119386388,-0.058094740194886564,-0.15061452196628747,Distressed
BX,2024,0.63310326978871,0.20986505787466758,0.6490377909770367,0.19831253549181202,Distressed
BXC,2021,0.1819954652343204,0.0692356034750015,0.38092510706002075,0.2969530822757359,Healthy
BXC,2022,0.18717841434142268,0.06655320395828156,0.040455646222813266,0.04251423420139308,Healthy
BXC,2023,0.16803347552481665,0.015475160702733502,-0.29522917324874715,-0.25237540798041447,Healthy
BXC,2024,0.1656676371331454,0.01798998283507173,-0.05861819721519802,-0.0442051710502734,Healthy
BXP,2021,0.6376693238746101,0.17489141012268483,0.044450093032976264,0.030509464809372333,Distressed
BXP,2024,0.6120202399317549,0.004188138752050858,0.040979738016825064,0.06750774302724848,Distressed
BYD,2021,0.537482825441197,0.13764752315412443,0.5468558496940541,0.23723176413288183,Distressed
BYD,2022,0.5193952708812596,0.1798338122792604,0.05506749638703666,0.029198385053702897,At-Risk
BYD,2023,0.4995484810452985,0.16584842230503635,0.05150368020044006,0.07714837659441268,At-Risk
BYD,2024,0.4838028351781108,0.14705431843822467,0.05127789493731697,0.09641259384995148,At-Risk
BYND,2021,0.25238003012696364,-0.391876479449107,0.14237250636085402,0.38723371136313095,Distressed
BYND,2022,-0.05667493370061561,-0.8739750747732931,-0.0984871960404562,0.19332872744410015,Distressed
BYND,2023,-0.24071280462233818,-0.984763058571362,-0.18035580868539838,-0.10098664105474549,Distressed
BYND,2024,0.1277339394459216,-0.490969575925404,-0.04928707888728391,-0.2789473841492023,Distressed
BYRN,2021,0.5429316888045541,-0.07787001897533206,1.5449716286369672,1.1772934131736528,Healthy
BYRN,2022,0.5470480472978599,-0.16414772254142726,0.13937381404174573,0.22696970363688368,At-Risk
BYRN,2023,0.5545211518619266,-0.19210205421630241,-0.11224914647347822,-0.09563003209783563,At-Risk
BZ,2022,0.8326644602916926,0.023773780621408263,0.015529264480082785,-0.15975876884376394,At-Risk
BZ,2023,0.8219327939414143,0.18468108614922923,0.25502236488657576,0.10091223752316214,At-Risk
BZ,2024,0.8314618762170947,0.2154341471721458,0.21630669090870114,0.13293763010656473,At-Risk
BZFD,2021,0.48146710300048984,0.06438703088034517,0.194445481818974,0.31861727245088717,Distressed
BZFD,2022,0.4335481019224807,-0.6168544740727553,-0.15118914862794552,-0.04389523617972126,Distressed
BZFD,2023,0.4368102898355761,-0.3843890627101948,-0.2926418992132655,-0.2938414887558299,Distressed
BZFD,2024,0.4466972462569844,-0.05316846334925508,-0.17598430834790685,-0.22465868881284012,Distressed
BZH,2021,0.18927600437881925,0.05701108674799783,0.0062179225293677665,-0.025664684824506973,At-Risk
BZH,2022,0.23326404797953204,0.09525470136228587,0.08255139576031992,0.024567633636976362,At-Risk
BZH,2023,0.2008967797044116,0.07187424239334597,-0.047563043054172055,-0.006192892207526301,At-Risk
BZH,2024,0.18294161394937852,0.06015585806693597,0.05592388927784084,0.07702927362780948,At-Risk
BZUN,2021,0.6512897269660644,-0.02339548841101241,0.13551608946486013,0.21110816040864203,Distressed
BZUN,2022,0.731454697325189,-0.07776677728401121,-0.1427817528233044,-0.14688333429164663,At-Risk
BZUN,2023,0.7266107075591127,-0.03159573118743051,-0.002234423978719706,0.022801014147577778,At-Risk
BZUN,2024,0.737450236594925,-0.019655433786680956,0.052359043329702676,0.04412773062667232,At-Risk
CABO,2021,0.7164392876981212,0.1817271502195741,0.21174227246762636,0.214906468694287,Distressed
CABO,2022,0.7239717873465088,0.12488372215706169,0.06240176456375371,0.02650435635844354,Distressed
CABO,2023,0.7372498705366427,0.13385647057561584,-0.016389973757988514,-0.028350550658537085,Distressed
CABO,2024,0.7361140127961143,0.009167214293763635,-0.058721241704065535,-0.012245381959998946,Distressed
CACC,2021,0.8824892241379311,0.5163254310344828,0.11184328760558318,-0.47722532627691366,At-Risk
CACC,2022,0.8570181183147785,0.29240340537000653,-0.01271551724137931,0.11102423768569195,At-Risk
CACC,2023,0.8526736421473263,0.15042851884957148,0.03792839991268282,0.07694112127609665,At-Risk
CACC,2024,0.8570107288198299,0.11464113947465779,0.1369682948630317,0.09235460683946853,At-Risk
CACI,2023,0.3431260300190405,0.057401321826064305,0.08054742631571565,0.0750812920084646,At-Risk
CACI,2024,0.3279826502722253,0.054821567888173,0.14282423425367016,0.14263593133613017,At-Risk
CACI,2025,0.32363502083491735,0.05793233612553988,0.12637248440957974,0.12175462231481211,At-Risk
CAG,2022,0.2460839639733354,0.07699442609592663,0.031400037551297756,0.08305255885635329,Distressed
CAG,2023,0.26592815834487255,0.05568135537997882,0.06424292859681516,0.024946270326499768,At-Risk
CAG,2024,0.27661004572272613,0.02881112613995635,-0.018416551274741386,-0.022893308183567756,At-Risk
CAG,2025,0.2586370212179664,0.09923532653623587,-0.036354131226713354,-0.005722684958353748,At-Risk
CAH,2022,0.03575879906908,-0.005161973462162073,0.1160789575729225,0.11828371910650826,Healthy
CAH,2023,0.033535142624366396,0.0016099210162992307,0.13044461356893108,0.13085630962054343,Healthy
CAH,2024,0.032685703201118035,0.0037561665939240037,0.10658652837607754,0.10584674442639894,Healthy
CAH,2025,0.03669724770642202,0.007013271751925168,-0.01873233786101302,-0.019764393828132998,Healthy
CAKE,2021,0.4105081399400179,0.024721438477356417,0.4761512183438591,0.32902738080247973,At-Risk
CAKE,2022,0.38759265381350444,0.013055090343901407,0.12830431010336324,0.14670785051715485,At-Risk
CAKE,2023,0.40939286867899227,0.029466757261150812,0.041277796144051325,0.02184244219382966,At-Risk
CAKE,2024,0.42194947146591605,0.04377336007297095,0.041342019471999294,0.0296429525680538,At-Risk
CAL,2021,0.4418617628718853,0.04932992608017558,0.31200385438365286,0.1526485575645075,At-Risk
CAL,2022,0.4328885651543156,0.061230980500232804,0.06859653139900432,0.07527845476417094,At-Risk
CAL,2023,0.4482872572049633,0.06083532638056234,-0.05082108715969406,-0.04877129347802774,At-Risk
CAL,2024,0.44883741515262704,0.039393128028492486,-0.033582224645351176,-0.019518973255230943,At-Risk
CALX,2021,0.5248603902889928,0.35086856816515893,0.25525691977111775,0.21709190997115077,At-Risk
CALX,2022,0.5017451634945674,0.04725596230585128,0.2773545247676606,0.34470557962001974,At-Risk
CAMP,2021,0.41200112223202484,-0.09461565243257312,-0.04131087829364166,-0.010716128349991829,Distressed
CAMP,2022,0.3695927092480395,-0.11015463690332905,-0.0030083930786677887,0.020533900858089656,Distressed
CAMT,2021,0.5093247397639241,0.2235304588387556,0.730147120153472,0.4918077081847863,At-Risk
CAMT,2022,0.4981349853073613,0.24913293176570306,0.19005484704756748,0.2045169827078753,At-Risk
CANN,2021,0.25099899632187145,-1.4963862357244966,1.4865499239838504,0.08256362714761527,Distressed
CANO,2022,0.9069460326640174,-0.07567665455968711,0.7018570632340998,0.5968119901773035,Healthy
CANO,2023,0.9273184634756612,-0.1894404187449825,0.1456200190148219,0.01244482062634286,Healthy
CARA,2023,0.7055513162914918,-5.652088897367417,-0.49917596197482506,0.10093352498415789,Distressed
CARG,2023,0.9115003701206006,0.05289359856018075,-0.5780022778974463,-0.47722532627691366,At-Risk
CARG,2024,0.9118507250226805,0.02627925277303006,0.1426403272524738,0.08830428374722363,Healthy
CARR,2021,0.29010818415562994,0.0807257555911318,0.18085472043996334,0.17130758372898755,At-Risk
CARR,2022,0.2485539102267469,0.20441925034706154,-0.16130597195944307,-0.15731814198071867,At-Risk
CARS,2021,0.6929273364834379,0.01730205889851094,0.13914079009612731,0.08772178581894148,Distressed
CARS,2022,0.6880540041231059,0.026313857673320323,0.04841081126149021,0.021717404340004694,Distressed
CARS,2023,0.674642293846482,0.17185856296513408,0.05399647639613627,0.08033988840500816,Distressed
CARS,2024,0.6632047188911384,0.06700669677620308,0.0434848218833024,0.04816342212711415,Distressed
CASA,2021,0.4688967794181773,0.007991029714072137,0.02054439205993195,0.03803724870133565,At-Risk
CASA,2022,0.3617892279182095,-0.27642154416358095,-0.2860225503021242,-0.07323204636228366,Distressed
CASI,2021,0.5837642535136569,-1.2149960222752585,0.9924707747176541,0.35076567466050274,Distressed
CASS,2021,0.9650998495600192,0.5635498732008526,-0.6509892588799009,0.03864007454456859,Distressed
CASY,2022,0.213294263681854,0.026233355264590242,0.4875746925902263,0.5091097448970937,Healthy
CASY,2023,0.2035450719551359,0.02959301333766163,0.16536309252030906,0.16059935957704657,Healthy
CASY,2024,0.22525268095157389,0.033773460155489037,-0.015340844911797198,-0.020880459008981025,Healthy
CASY,2025,0.23539469135335467,0.0342841391818617,0.07252858171207757,0.07003215925714067,Healthy
CAT,2021,0.30327048713974614,0.12730768476192345,0.2209207626712657,0.1920996557941321,At-Risk
CAT,2022,0.30418833190300704,0.11282750265031047,0.16589825587098547,0.14654658783628946,At-Risk
CAT,2023,0.36225767968983,0.1541157172681181,0.12844330018341832,0.06058001718865549,At-Risk
CAT,2024,0.3797312101714268,0.1665200820873644,-0.033566954965702354,-0.04924242424242424,At-Risk
CAVA,2023,0.45000137230684784,0.018224234938932344,0.2917487267757335,0.19188444172521643,Distressed
CAVA,2024,0.447726657210186,0.13522594382352424,0.32250994922464665,0.28326105616300795,At-Risk
CBB,2021,0.4550865800865801,-0.049062049062049064,-0.6445698166431594,-0.47722532627691366,Distressed
CBB,2022,0.5252404947320202,-0.11992670636738434,0.9687950937950938,1.0837929194093578,Distressed
CBB,2023,0.5148622852467958,-0.17516589400963548,0.00787906550618415,-0.0011098779134295228,Distressed
CBB,2024,0.5158259600474323,-0.11794216911429353,-0.0034542314335060447,-0.03128205128205128,Distressed
CBIO,2023,0.9591361833406787,-0.8191538122520934,0.10910157395639848,0.01235403439792882,At-Risk
CBIO,2024,0.9632742986279867,0.11427139574685363,-0.06780960775672103,-0.049969757101775314,At-Risk
CBOE,2021,0.42237037884857503,0.15136774636602954,0.01975431122523416,-0.017060705224840975,At-Risk
CBOE,2022,0.43998989516230896,0.059365921434886955,0.13268284308114914,0.1177570792653275,At-Risk
CBOE,2023,0.5082814363323175,0.20177553994964886,-0.04673487432108122,-0.09367156387001774,At-Risk
CBOE,2024,0.5061423861277323,0.18681157650506777,0.08506691400556513,0.07591758363488664,At-Risk
CBRE,2021,0.2222302313847041,0.06620774165645499,0.16451661710986584,0.14545467353163583,At-Risk
CBRE,2022,0.21373426754898145,0.04564032697547684,0.11107907446118359,0.12685255920550037,At-Risk
CBRE,2023,0.19637547341074837,0.030861685811762497,0.036363046581030234,0.04603233788685129,At-Risk
CBRE,2024,0.19448094612352168,0.027064053457097323,0.119502957839056,0.11785864739622152,At-Risk
CBRL,2022,0.6787170273696013,0.040357599916273586,0.15819629948352687,0.16549105390556507,At-Risk
CBRL,2023,0.6724717149489603,0.028770120204205406,0.05355981083216588,0.0620938922550945,At-Risk
CBRL,2024,0.6866304863312437,0.011792799391027101,0.0081195349842338,0.027150479778682738,At-Risk
CBT,2021,0.23437958345555882,0.07333528894103843,0.3041315990818669,0.1997563946406821,At-Risk
CBT,2022,0.2048137005322842,0.0483684332330479,0.2675271340569082,0.26869712351945857,At-Risk
CBT,2023,0.2134316967692699,0.11320274739252098,-0.09025688498032863,-0.09255801547079222,At-Risk
CBT,2024,0.24036054081121683,0.09514271407110667,0.01602645637242432,-0.006466784244562022,At-Risk
CC,2023,0.2148733135899967,-0.03882856202698256,0.0,0.0,Distressed
CC,2024,0.19750951227948807,0.011933586994119682,-0.04870023033892728,-0.133387358184765,At-Risk
CCCS,2021,0.715736726486587,-0.3616494839369566,0.08723460382300025,0.49791128302789334,Distressed
CCCS,2022,0.7265773572173486,0.04908441199926385,0.1368031986610256,-0.1229790518906602,Distressed
CCCS,2023,0.7342741851709069,-0.10673862909723007,0.10726591415659571,0.10604140030608082,Distressed
CCCS,2024,0.7555069856054192,0.027672523285351396,0.09051707222482565,0.0701776750264854,Distressed
CCF,2021,0.404573594785502,0.1531349715002591,0.12319556443893062,0.0696176428336415,Healthy
CCF,2022,0.3775471350488239,0.13717066879567646,0.11019445277770203,0.13320133786219326,At-Risk
CCF,2023,0.3599891093152482,0.08213061396235288,0.24060369710741264,0.30648682334140026,At-Risk
CCHWF,2021,0.4216984002782125,-0.3110263432446531,1.5630769402182694,0.9179369693702712,Distressed
CCHWF,2022,0.3933144114875933,-0.8131800038312829,0.11193270735524256,0.17983726714807965,Distressed
CCHWF,2023,0.3519626383899149,-0.34363919761718037,-0.0004906387686726169,-0.09655826046415074,Distressed
CCHWF,2024,0.366882338322557,-0.23082825763752338,-0.10287937073536113,-0.0982710236368773,Distressed
CCI,2021,0.6856466876971609,0.17287066246056781,0.08561643835616438,0.10891343436938095,Distressed
CCI,2022,0.7039793873461209,0.2397652447752648,0.10189274447949527,0.04818160759786889,Distressed
CCK,2021,0.20756538529050378,-0.0491486747410918,0.21316013628620104,0.20988693769545344,At-Risk
CCK,2022,0.1777022328671869,0.056169357954106464,0.1359487449534843,0.1590615369321006,At-Risk
CCK,2023,0.2051623646960866,0.03746877601998335,-0.07208529707177624,-0.08851531006089716,At-Risk
CCK,2024,0.21515125836793492,0.03592915854588594,-0.017402164862614488,-0.030111978921614754,At-Risk
CCL,2021,-0.4240041928721174,-4.979559748427673,-0.6509892588799009,-0.21313840530922382,Distressed
CCL,2022,0.0700139699235763,-0.500698496178815,4.509057831645275,0.9688302163549688,Distressed
CCL,2023,0.49562358171629695,-0.0023155652294725142,0.7744268222532665,0.21915937170174457,Distressed
CCL,2024,0.5268774229647096,0.07649574357539667,0.15875515213263558,0.09222386311554719,Distressed
CCMP,2021,0.41519930723576903,-0.05715554940654142,0.0748573373825329,0.09775586895282432,At-Risk
CCO,2021,0.4984989467185449,-0.24526532176815596,-0.04629010551016711,-0.20314611378618486,Distressed
CCO,2022,0.5738308178267528,-0.06992365174541317,-0.21890727844057808,-0.30671030335332894,Distressed
CCO,2023,0.5395743648313399,-0.21679335874147426,0.038088716845546065,0.10366126188198924,Distressed
CCO,2024,0.5478578024620822,-0.11908744842980806,0.04953611316802702,0.00712186939625112,Distressed
CCOI,2021,0.616245928683937,0.08169760103900156,0.03818673726419329,0.03653575068855588,Distressed
CCRD,2021,0.5253274747139778,0.18734455314209916,0.3449669667995428,0.4887297583204492,Healthy
CCRD,2022,0.5317996129864545,0.19896796387873575,0.44596667219366604,0.36135556162886034,Healthy
CCRD,2023,0.34699307192343404,0.060620669952146274,-0.19724790367662867,0.017686501244679995,Healthy
CCRD,2024,0.3768184114705831,0.09491454554957403,0.024908935076065994,0.0032943404414810724,Healthy
CCRN,2021,0.22365941173242868,0.07872951572538607,1.004564708751735,0.8628751531703986,Healthy
CCRN,2022,0.22364568773206386,0.06714900436790447,0.6739365115718706,0.6470264061288138,Healthy
CCRN,2023,0.22300527595795078,0.035960782838085126,-0.28036716193812533,-0.2492860929394532,Healthy
CCRN,2024,0.20405594030970145,-0.010830324909747292,-0.3345618815998986,-0.2970295195334129,Healthy
CCS,2021,0.2486468038196396,0.11823218099980219,0.3337734626685124,0.23244966602218758,Healthy
CCS,2022,0.2520346584357099,0.1165414535024621,0.06868606085789626,0.06843471815302156,Healthy
CCS,2023,0.21696231364354712,0.0702088329810126,-0.18059169323174246,-0.12169920055479977,At-Risk
CCS,2024,0.21689962094342163,0.07589680348353724,0.1912425839983641,0.18642260391183763,At-Risk
CCSI,2022,0.8290639089238512,0.20063351562543114,0.027669396365946057,0.18575098012707855,Distressed
CCSI,2023,0.8115660218114419,0.21319112317341585,0.0003862900155067849,0.02294018165925588,Distressed
CCSI,2024,0.8011085044323053,0.2552499843028466,-0.03359425422410512,-0.06664561400249845,Distressed
CDAY,2021,0.3732669400507713,-0.07361843389962898,0.21566765578635014,0.2695579250029951,Distressed
CDAY,2022,0.37971433156796663,-0.058899053121489325,0.21675454012888107,0.2003397187883363,Distressed
CDAY,2023,0.4270991609962344,0.0362026821695184,0.21465254373294818,0.08537735849056603,Distressed
CDAY,2024,0.46142045454545455,0.01028409090909091,0.16271387989694128,0.19940605533825873,Distressed
CDE,2021,0.3857807374391831,-0.037609206222653416,0.06030471277377235,0.10266276939953761,Distressed
CDE,2022,0.2279758055893569,-0.0994188148200948,-0.0566647615113805,0.06301377983450797,Distressed
CDE,2023,0.2293090893149831,-0.12617053455527602,0.045275420169136854,0.042471271822686014,Distressed
CDE,2024,0.4248685491353939,0.05588203482712622,0.2834855078993578,0.03477412459981789,Distressed
CDLX,2021,0.3868731187948307,-0.4813077464472364,0.4292532585664448,0.5114050204513838,Distressed
CDLX,2022,0.3772735494503286,-1.5584540868621501,0.11764926099522305,0.19262904258329694,Distressed
CDLX,2023,0.4216568996520097,-0.435641194809899,0.03571356794018932,-0.14100396240324364,Distressed
CDLX,2024,0.4344048466032814,-0.6802204830792891,-0.09995342880428455,-0.08325086557621496,Distressed
CDMO,2022,0.3064290910307115,0.5635498732008526,0.24751741978553846,0.24573991031390136,Distressed
CDMO,2023,0.21089866412980854,0.0017351573700641807,0.24807478448456066,0.3982721382289417,Distressed
CDMO,2024,0.052304679403334976,-1.006018111513748,-0.06267334825077378,0.08872412727834414,Distressed
CDNA,2021,0.6714237998360307,-0.10344909024045452,0.5421761345307345,0.5188150259405184,At-Risk
CDNA,2022,0.651291358109095,-0.23808162390107926,0.08568237870153882,0.22353835822680398,At-Risk
CDNA,2023,0.635899887273298,-0.6788002454302878,-0.12886855835894503,-0.02916365932876218,Distressed
CDNA,2024,0.6713573108438067,0.15743367736716748,0.1907114624505929,0.004989842199144525,Distressed
CDNS,2021,0.8972620709687696,0.23289764825094605,0.11381491085549134,0.08977705505186073,At-Risk
CDNS,2022,0.8956618687947783,0.23835463672306453,0.19191003144321547,0.12567804857743836,At-Risk
CDNS,2023,0.8936326432413216,0.25455930655997355,0.14831831155638936,0.13656516921177325,At-Risk
CDNS,2024,0.8604901595772186,0.22741304954857125,0.13478725844049344,0.15229999278577866,At-Risk
CDRE,2021,0.39947295500926777,0.02963106850648743,0.05596552013878935,0.0662519769867284,At-Risk
CDRE,2022,0.3837129808206851,0.01271194770191138,0.07149510400479302,0.17366360419090715,At-Risk
CDW,2021,0.1713911088911089,0.047481364789057096,0.12742926763232706,0.12225030801177675,At-Risk
CDW,2022,0.19734132815690963,0.046928884528416294,0.14062379927764543,0.13461122163922934,At-Risk
CDW,2023,0.21764595808383233,0.05166074101796407,-0.09990862657745476,-0.10531719172326072,At-Risk
CDW,2024,0.2191754727673618,0.051326986908713394,-0.01765063622754491,-0.01765413732349671,At-Risk
CDXC,2021,0.6151314326379932,-0.40220018087740367,0.13824527060094166,0.19480223989078638,Distressed
CDXC,2022,0.5939902845246356,-0.22956280360860515,0.06821450280953016,-0.040667781045682486,Distressed
CDXC,2023,0.6076343185353595,-0.059088189541701565,0.1598889659958362,-0.016641302190167406,Distressed
CDXC,2024,0.618351958392321,0.08584595921563902,0.1917793466554984,0.03030201078850273,Distressed
CDXS,2021,0.7879890028065754,-0.20313305458502778,0.5169427710843374,0.37079461366374117,Distressed
CDXS,2022,0.7255718305794069,-0.24238401039036006,0.32300437214808025,0.3362311790413571,Distressed
CDXS,2023,0.8173873372966654,-1.086922429893218,-0.49388123241215093,-0.2663472378804961,Distressed
CDXS,2024,0.7255371134889207,-1.099941022832589,-0.1539426599945825,-0.057985977718017674,Distressed
CDZI,2023,-0.4500251130085384,-15.794073329984933,0.3264490339773484,0.2695011902784698,Distressed
CDZI,2024,0.24042464612822648,-3.2410491257285594,3.825715720743345,0.4328638088177576,Distressed
CE,2021,0.3141618835656554,0.22138924680801217,0.5096374889478338,0.32476400883711587,At-Risk
CE,2022,0.2460456942003515,0.19569936937868293,0.13306782242005388,0.25697392359005455,Distressed
CE,2023,0.23640856672158156,0.17783269265971077,0.12953582135842034,0.18176335785791822,Distressed
CE,2024,0.22750292169848071,-0.150175301908843,-0.06022332051986088,0.1224739742804654,Distressed
CECE,2021,0.3113531190226445,0.004399333621274757,0.025723788095984,0.04931741186730621,At-Risk
CECE,2022,0.3033999247563454,0.04121128086941913,0.30384093293021536,0.26535563703317744,At-Risk
CECE,2023,0.3138800943387569,0.023696647670438383,0.2891864457311057,0.28274450858290495,At-Risk
CECE,2024,0.3515601335644244,0.023223218558500753,0.02402151070487937,0.020775235934521276,Distressed
CEG,2023,0.35785376033389515,0.06513363833373464,0.01955810147299509,-0.025515743756786103,Distressed
CEG,2024,0.5154871011541072,0.15907162253903598,-0.054177702865398504,-0.17347332333404758,Distressed
CELH,2021,0.4078282506873027,0.01252736483046533,1.4040512216391536,1.5922288989854576,At-Risk
CELH,2022,0.41442371833709707,-0.286537414091713,1.0797398431931575,1.5486867151230361,At-Risk
CELH,2023,0.4803735013436883,0.1720778383234169,1.0165329465547945,0.2960827207128376,At-Risk
CELH,2024,0.5017644932614357,0.10701592617454615,0.028539909287761737,0.14097302519474197,At-Risk
CELU,2021,0.5475509725802672,-4.692664635575346,0.49425689872531164,0.8571057389383884,Distressed
CEMI,2021,0.2786089771371102,-0.7090051555830372,0.4726874616744703,0.31978935875886305,Distressed
CEMI,2022,0.22098949994328773,-0.4703100281465241,0.03562371697017712,-0.026454351081243405,Distressed
CENT,2021,0.2938843424492173,0.04593235914815098,0.22562529006580948,0.22088045318338265,At-Risk
CENT,2022,0.2972229577294353,0.04557375752863187,0.010565175119654302,0.00963010480167179,At-Risk
CENT,2023,0.2860478120941378,0.0379576584635491,-0.008538040632746538,0.0067840335326478166,At-Risk
CENT,2024,0.2948747992476082,0.03373983739837398,-0.033117900668956035,-0.027219136894861874,At-Risk
CENX,2024,0.08332207359365851,0.15169121289915777,0.01596961654617004,-0.025399331352154532,Distressed
CERBE,2021,0.11941594548187001,-2.585140992351425,1.0912745061752607,1.8793949013163034,Distressed
CERN,2021,0.22404968477788742,0.09637692321569574,0.0470479430010745,0.050876355849355244,At-Risk
CERS,2021,0.602082523602352,-0.3408643538660214,0.39623103922134983,0.2078548168406902,Distressed
CERS,2022,0.601975413535831,-0.2271672463691156,0.18052508180894947,0.0668828614466501,Distressed
CERS,2023,0.625438310037099,-0.20069380129231199,-0.008060961686535858,-0.041700390294789474,Distressed
CERS,2024,0.5989092047029371,-0.1039037159561099,0.077752854703234,0.011373767138071152,Distressed
CERT,2021,0.6098761289600985,-0.046367754383021556,0.17482035067548146,0.017074080985258443,Distressed
CERT,2022,0.6050070908462538,0.043888763094230794,0.17315381819198614,0.1122759379873406,At-Risk
CERT,2023,0.6020116442821382,-0.15622698165870344,0.05569293656374015,0.14846778370496466,Distressed
CERT,2024,0.5988139624248341,-0.03128927061804813,0.08695394497328814,0.1113156980067619,Distressed
CEVA,2021,0.9088305573125307,0.003478810879190386,0.13462113509957538,0.05641563374847906,Healthy
CEVA,2022,0.8745179668775864,-0.19225761508670378,0.05930669758943004,0.059358378904786874,Healthy
CEVA,2023,0.8804340015808004,-0.12192693417095228,-0.1921000472703449,-0.019844251354624285,Healthy
CEVA,2024,0.8806048307913857,-0.08215898783418585,0.09772221024646116,0.03244773911945602,Healthy
CF,2021,0.36509635974304067,0.14025695931477516,0.5853540252182348,0.23433940774487472,At-Risk
CF,2022,0.523958519578044,0.29912390488110135,0.7109207708779444,0.30196078431372547,Healthy
CF,2023,0.3838033479113256,0.22998039511385915,-0.40720543536563564,-0.22856130403968816,At-Risk
CF,2024,0.3463611859838275,0.20518867924528303,-0.10481073744533254,-0.037666513550757924,At-Risk
CFLT,2021,0.6460305674153827,-0.8838175236680899,0.6394831281147364,0.5486554607537595,Distressed
CFLT,2022,0.6545488988708819,-0.7723451387845938,0.5106944702266774,0.44143101429034864,Distressed
CFLT,2023,0.7043961531729116,-0.5698498748957465,0.32598337042447745,0.1642666824334505,Distressed
CFLT,2024,0.7328157137194103,-0.35808422629980846,0.24028511413832515,0.13262498658744454,Distressed
CFMS,2021,0.6577308231524134,-0.02416382936110555,0.45227672663282964,0.09579760319573902,Distressed
CFMS,2022,0.37410153102336824,-0.8134246575342465,-0.37863008211496096,0.05307773068398336,Distressed
CFX,2021,0.5452822489040715,0.050243726633515354,0.27258677612206655,0.26510617459518454,Distressed
CFX,2022,0.5561911866219778,-0.008503609171768171,0.09599926517401633,0.11717676528167902,At-Risk
CFX,2023,0.5803542297696165,-0.019482813055552464,0.09218598158404351,0.061563988465066555,At-Risk
CFX,2024,0.5602311229285314,-0.3916706166140719,0.23455172425912182,0.2594489200379819,Distressed
CGA,2022,0.17338156879229333,-0.5839347231998232,-0.07078361723688077,-0.16907124011303298,Distressed
CGNX,2021,0.7326472522365293,0.26986938553540746,0.27875761386895515,0.19339136126519846,At-Risk
CGNX,2022,0.717535210567643,0.21422039777753482,-0.02989881380544558,0.021368509841453633,At-Risk
CGNX,2023,0.7178594156507038,0.13519718893387475,-0.16752278623184805,-0.03062006305726006,At-Risk
CGNX,2024,0.684290580252921,0.11609541669628164,0.09189693235125909,0.11835432856073694,At-Risk
CGRN,2021,0.08819023200550309,-0.34972797198424116,-0.05429061446566917,0.028619054039147433,Distressed
CGRN,2022,0.12268211472347798,-0.3319076365014483,0.1550559689825527,0.10030503789142557,Distressed
CGRN,2023,0.15659018406253083,0.0810357491312117,0.23465796811131262,0.20825843061662083,Distressed
CGRN,2024,0.27228741059324013,-0.08403066710298723,-0.061993663600784926,-0.1831536303585993,Distressed
CHCI,2021,0.20724922008169042,0.43768693918245266,0.38271001022813184,0.3123581908939646,Distressed
CHCI,2022,0.25289344491643984,0.18688474550403175,0.2643681857652848,0.20489472875364992,Distressed
CHCI,2023,0.26119720042038413,0.17405693074841797,0.13756263831302623,0.1337967539300405,Distressed
CHCI,2024,0.24689047451943696,0.2838538620501423,0.14697792983162272,0.15327502320218242,At-Risk
CHCT,2022,0.8296870361080683,0.22542204568023833,0.07838461453537796,0.1064641420446664,Distressed
CHCT,2023,0.816447339270681,0.068359253843768,0.1552636697754891,0.37503917758415345,Distressed
CHCT,2024,0.8027913564679667,-0.027473096920180334,0.026062297842172892,-0.0350337345003647,Distressed
CHD,2021,0.4361187645710102,0.1594381611144294,0.060112749703827774,0.0633454902873697,At-Risk
CHD,2022,0.41855792841729295,0.07699605625418558,0.03574112252172405,0.0622233033325225,At-Risk
CHD,2023,0.4411288535932787,0.1287683839192897,0.0915804747377037,0.10160758450123661,At-Risk
CHD,2024,0.4568616855790801,0.09583926904750209,0.04076415753506365,0.02752312649412743,At-Risk
CHDN,2021,0.2793012772351615,0.15596043075381918,0.5153700189753321,0.32225981749205374,Distressed
CHDN,2022,0.31296275831583603,0.24278925848160018,0.13310793889306285,0.09150124069478908,Distressed
CHDN,2023,0.32323191290571557,0.16951700044684567,0.3602055475743176,0.3272946859903382,Distressed
CHDN,2024,0.3432322715137329,0.15609113849979886,0.11073648291830848,0.08842263019857624,Distressed
CHE,2021,0.35984529236965473,0.12553400449968471,0.028697099370402625,0.06291485369278592,Healthy
CHE,2022,0.3583603088203402,0.11692193260492102,-0.0020091050133667653,-0.002647778143359705,Healthy
CHE,2023,0.35276850509424723,0.12034400024377136,0.06063524285900974,0.07389530479768815,Healthy
CHE,2024,0.3513974286046855,0.12421363664594101,0.07369225721234207,0.0732625446500971,Healthy
CHEF,2021,0.22367660562151548,-0.0028199801003232407,0.5704464880882235,0.4287728394594047,At-Risk
CHEF,2022,0.23671701106490053,0.010618355635706603,0.4970004416422217,0.4569104744470433,At-Risk
CHEF,2023,0.23719575288102296,0.010073496627460893,0.31390690820651573,0.3185391553693316,At-Risk
CHEF,2024,0.24093197744353767,0.014622008469742862,0.10497200884277685,0.09997089551790976,At-Risk
CHGG,2021,0.6716276013990068,-0.0018782245753705242,0.2047481290875286,0.1881821353506301,Distressed
CHGG,2022,0.7426042871467746,0.3476842392133494,-0.012068043773711297,0.08562818158640308,Distressed
CHGG,2023,0.6845699048576355,0.025380604359935503,-0.06598278517193312,0.029659339789429244,Distressed
CHGG,2024,0.7070359179628676,-1.3554132784087414,-0.13782170753669926,-0.13195074447092592,Distressed
CHKP,2021,0.8808842532767215,0.37640760568580395,0.049348636737856555,0.08494873783061946,Healthy
CHKP,2022,0.8693506159062621,0.3420318468603803,0.0752722909359424,0.14793933137457319,Healthy
CHMI,2022,0.40749612036974564,0.5635498732008526,0.9819470446643488,0.871853187985256,Distressed
CHMI,2023,-0.03314994498349505,-0.6960888266479944,0.6862897240402132,1.4527400703871292,Distressed
CHMI,2024,0.0005197318900319008,0.21452381805799492,0.11629488846653996,0.16147381367223532,Distressed
CHNG,2021,0.5934093021318283,-0.016487518009431698,0.12632388920473941,0.09644354248014712,Distressed
CHPT,2023,0.05944666715353536,-0.9032249787323913,0.08234457181677185,0.18115612760471975,Distressed
CHPT,2024,0.24139319991464528,-0.6642946367989105,-0.1767649154526201,-0.29950971680657335,Distressed
CHRA,2021,0.08832306228450407,-0.01982818303043118,0.2618245351304131,0.29123192986200613,Distressed
CHRA,2022,-0.03279359545924337,-0.43607568382526,-0.00017734185028937414,0.1364642007959617,Distressed
CHRS,2021,0.8236385740665317,-0.8791888556458256,-0.3137147348599482,0.8478865745449993,Distressed
CHRS,2022,0.6679191819637798,-1.3824452004814207,-0.35372422684358645,-0.20746126837497395,Distressed
CHRS,2023,0.3819408810312388,-0.9247718119761783,0.21892324750523592,-0.015983433136291945,Distressed
CHRS,2024,0.669294024025162,0.5635498732008526,-0.6509892588799009,-0.47722532627691366,Distressed
CHRW,2021,0.1364414410475775,0.03654402029803475,0.4254326466427751,0.4175524426094826,Healthy
CHRW,2022,0.14549263310270127,0.03808309839907275,0.06901902326096399,0.06402411804161938,Healthy
CHRW,2023,0.14801900588658742,0.01847697287457471,-0.2874960445000076,-0.27093681336234304,Healthy
CHRW,2024,0.15599553533447416,0.02627312586840836,0.007303351023840443,-0.0015233140044196654,Healthy
CHS,2021,0.36686451995025215,0.02553583652821357,0.3669616955842335,0.04601866018660187,At-Risk
CHS,2022,0.3914263172145918,0.050886079495056066,0.18348419577143166,0.14714683881063265,At-Risk
CHTH,2023,-0.5044542404467389,0.5635498732008526,0.017965736525697606,0.06517611404892229,Distressed
CHTH,2024,-0.5044542404467389,0.4810244470314319,0.0263193828087663,0.06847711010337372,Distressed
CHUY,2021,0.4699649731251277,0.07611226155014163,0.23528440389840224,0.159195263778309,At-Risk
CHUY,2022,0.42852491266297976,0.049394265954549224,0.0649436144748491,0.11798819042481248,At-Risk
CHUY,2023,0.44600162146929395,0.06830547787821638,0.09259500491455774,0.07370885437811231,At-Risk
CHWY,2021,0.266015694391924,-0.008386705320724263,0.25483847224227935,0.24931778560697598,Healthy
CHWY,2022,0.28011611819349735,0.004931218499851764,0.12841984310514734,0.11299735105944902,Healthy
CHWY,2023,0.28360110157252166,0.0035523022686294032,0.10166024310702639,0.1101825883801757,Healthy
CHWY,2024,0.2923541264448248,0.033107669479736625,0.06401320451752379,0.051686016846741206,Healthy
CIDM,2021,0.6272522924322974,0.03946194740785671,0.7840796969986314,0.22540764501470195,Distressed
CIDM,2022,0.4654396848263899,-0.14309234704377738,0.21357976237199844,0.39873843413135557,Distressed
CIDM,2023,0.6106124442816144,-0.43571268649121736,-0.27776144415370596,-0.3397187638083851,Distressed
CIDM,2024,0.5040227165168008,0.04607257517811233,0.59127638354603,0.38284848246270126,Distressed
CIEN,2021,0.47559494283400594,0.13814958720506954,0.025063155459963984,0.02474101460654429,At-Risk
CIEN,2022,0.42953196018015444,0.04209090801481338,0.0033079385000182285,0.09124557778682274,Distressed
CIEN,2023,0.42832098763743437,0.05809281966301984,0.20753051275635134,0.1855363063265106,At-Risk
CIEN,2024,0.42829620755400744,0.020910819672947768,-0.08471215071346519,-0.044468645294395176,Distressed
CIO,2022,0.6246834917029116,0.09413524669640136,0.1002432318749581,0.10094716805161645,At-Risk
CIO,2023,0.6091649171394112,-0.014975208826551123,-0.00769593040972934,0.026448450172203087,At-Risk
CIO,2024,0.5941002536142959,-0.10331568551827308,-0.04450127306025819,-0.02599695585996956,At-Risk
CIR,2021,0.303658917548806,-0.08124513126312334,-0.00856225472707813,-0.004194920352040148,Distressed
CIR,2022,0.32670071506724324,0.024637859805138777,0.03723899945562414,-0.013398511453523415,Distressed
CIVI,2021,0.9306833982725383,0.1922612382792436,3.267109908753267,1.450697908765247,At-Risk
CIVI,2022,0.9241773087394148,0.32918728131417485,3.074082272564135,1.8793949013163034,At-Risk
CIVI,2023,0.9164630781435026,0.22541934445453604,-0.08233321851201061,0.3563388323090009,Distressed
CIX,2021,0.30358271490963323,0.11765791996591272,0.22942804508586745,0.1710377725856698,Healthy
CIX,2022,0.29297799017783166,0.1253046913461654,0.18284273692433334,0.1732244843668166,Healthy
CK0000081061,2021,0.28032400710831923,0.0911683266520643,0.07056897619679674,0.0740192270343756,Healthy
CKX,2021,0.9283199806593289,0.5635498732008526,2.0811648540828656,-0.21857159436949758,Healthy
CKX,2022,0.9285604444709786,-1.1919720957327675,0.4847913826565218,1.8793949013163034,Healthy
CKX,2023,0.9634640432685674,0.09623082851767462,0.3438381393295667,-0.47722532627691366,Healthy
CKX,2024,0.9573861171081385,0.16449940964707677,0.023908777905297843,-0.012998004436500189,Healthy
CL,2021,0.5955456058779633,0.12433270191148614,0.05767712950033392,0.07856971057484166,Healthy
CL,2022,0.5703790282184004,0.09934880614459843,0.03134148441536077,0.061770608786144356,Healthy
CL,2023,0.582104127049391,0.1182093847972452,0.08292981577336228,0.06986838420610474,Healthy
CL,2024,0.6049947763792846,0.14372419282622756,0.03309862774322866,0.025323910482921083,Healthy
CLAR,2021,0.330389403356005,0.09810468058547736,0.18733343154454996,0.2348695092813821,Distressed
CLAR,2022,0.3487792267114141,-0.2213474342666637,0.18528335796007836,0.2134083949441317,Distressed
CLAR,2023,0.34092371162855745,-0.035473043843087894,-0.09272294140224774,-0.07052791678932391,Distressed
CLAR,2024,0.35041144089438736,-0.19782078202145167,-0.07588630165722676,-0.06422708437805168,At-Risk
CLBT,2021,0.8271768881524979,0.2899377045718509,0.2633636545535701,0.2516438245510111,Distressed
CLDT,2024,0.6298150430788534,0.013133296974549902,0.01960727590651508,0.025872695842183383,Distressed
CLEV,2023,0.632183908045977,-24.696043881430608,-0.19593345656192238,0.10465637450199203,Distressed
CLEV,2024,0.705655526992288,-24.696043881430608,-0.10574712643678161,0.11755291571805333,Distressed
CLF,2021,0.2217765603600078,0.14615535120328702,2.8184534927157268,1.8793949013163034,At-Risk
CLF,2022,0.10953064509113054,0.058071251468093436,0.1244864018783017,0.2819005633112907,At-Risk
CLF,2023,0.06242044008001455,0.01750318239679942,-0.04319457131671669,0.012609858616736722,At-Risk
CLF,2024,0.0032838154808444097,-0.03961428199113891,-0.12779596290234588,-0.0750943396226415,At-Risk
CLFD,2021,0.43463464885794467,0.14441405278675712,0.5122750470051034,0.3640292356921042,Healthy
CLFD,2022,0.4169586131281771,0.18222627481237286,0.9245000177613584,0.7924533201755525,Healthy
CLFD,2023,0.35378474406570914,0.14412861838899177,-0.1667177342247391,-0.09137666251340153,Healthy
CLFD,2024,0.20584066004077473,-0.09917335626911315,-0.4437050885602644,-0.2303701932020516,Healthy
CLGN,2024,-0.5044542404467389,-24.696043881430608,-0.6509892588799009,-0.03816793893129771,Distressed
CLH,2021,0.31420529823947346,0.053407824223781694,0.21038441244020142,0.19579485791422455,At-Risk
CLH,2022,0.31406987760821664,0.0796933382753278,0.3576443031076061,0.31137595786802647,At-Risk
CLH,2023,0.30744708227833123,0.0698549421425022,0.04694514095813402,0.05845009255540323,At-Risk
CLH,2024,0.3097205206426131,0.06830259397699676,0.08888639106462529,0.08848294580482814,At-Risk
CLIR,2022,0.31016042780748665,-15.39572192513369,-0.38385502471169686,-0.25834095063985374,Distressed
CLIR,2023,0.33999167707032873,-2.161464835622139,4.509057831645275,0.29163457094438455,Distressed
CLIR,2024,0.31090100111234703,-1.4735817575083425,0.4964627548897212,0.20276717557251908,Distressed
CLNE,2024,0.30856167265819434,-0.19975232347035696,-0.02186005706100541,-0.11452889889325084,Distressed
CLNN,2021,0.6002766251728907,-13.4716459197787,2.5097087378640777,1.4829089128305584,Distressed
CLNN,2022,0.945031712473573,-24.696043881430608,-0.3457814661134163,-0.03587700439833534,Distressed
CLNN,2023,0.8149847094801224,-24.696043881430608,0.38266384778012685,-0.1572767071723743,Distressed
CLPT,2021,0.6824345051843671,-0.8841033192220381,0.27048094161664976,0.5577195653315135,Distressed
CLPT,2022,0.658410782930271,-0.7997177752907401,0.26087490030063193,0.24298183533852324,Distressed
CLPT,2023,0.5683155917345022,-0.9221039448966812,0.16563670867597685,0.25805926849768185,Distressed
CLPT,2024,0.609174896463842,-0.6025485823510672,0.31037361719891465,0.1017865994267365,Distressed
CLR,2021,0.8895156730225527,0.2904136472215743,1.2112446693756356,0.12167418876304313,At-Risk
CLR,2022,0.9009537764938501,0.4248133888019348,0.6564401559766392,0.2507586059964604,At-Risk
CLS,2024,0.10716359112585527,0.044370723616006635,0.21165682703177993,0.1861482668909153,At-Risk
CLSD,2023,0.9568441526866035,-3.949063943593484,4.509057831645275,0.020878570235510274,Distressed
CLSD,2024,0.9104567307692307,-20.64423076923077,-0.6509892588799009,-0.021924083769633507,Distressed
CLSK,2022,0.6864930621554838,-0.43584109484888806,2.34779057912259,1.8793949013163034,Healthy
CLVS,2021,0.7389971564363358,-1.7782289236809024,-0.09582305102053221,-0.20925628334511795,Distressed
CLVT,2021,0.6664180297298737,-0.14412062443390697,0.49661111554102544,0.48618650247103623,Distressed
CLVT,2022,0.6413264155199639,-1.4889089405218436,0.41712398103255366,0.1282163105102486,Distressed
CLVT,2023,0.655203895313451,-0.34662203286670723,-0.011655011655011656,0.13239273289524545,Distressed
CLVT,2024,0.6600305080768177,-0.24903195525482066,-0.02742696287279367,-0.030551288615804743,Distressed
CLW,2021,0.10301252397608034,-0.015852420173756064,-0.05137536123300867,0.029349859681945745,At-Risk
CLX,2022,0.3580976502040242,0.06500633178556353,-0.031875766244380876,0.04470008216926869,At-Risk
CLX,2023,0.3935579916091487,0.020165110299093247,0.03967918953144787,0.028157936133396257,At-Risk
CLX,2024,0.42971944170308757,0.039475539264063164,-0.040059547976722155,-0.05599755201958384,At-Risk
CMAX,2022,0.12723625606647093,-0.059885951138666495,1.1339218696113766,1.043359963846061,Distressed
CMAX,2023,0.018507473019643138,-0.9097938761979065,0.19008513261071755,0.30268400052110633,Distressed
CMC,2021,0.1643233934048168,0.06134914172273603,0.22884638069009947,0.21639035504232743,Healthy
CMC,2022,0.20826835217352233,0.1365641549019962,0.32448720310976914,0.24034005436431927,Healthy
CMC,2023,0.20591035910655714,0.0977051850365241,-0.012783782228289936,0.004155447681414099,Healthy
CMC,2024,0.17142187734198405,0.06125318131328246,-0.0992735637220748,-0.05213214265924113,Healthy
CMCO,2021,0.3482745117505281,0.03271726481018802,0.39546858115700645,0.37107643067764046,At-Risk
CMCO,2022,0.36539669315560114,0.051727121250961294,0.032744841736022635,0.006754533642981169,At-Risk
CMCO,2023,0.3698304950963948,0.046002131144306097,0.0825642997522003,0.08109861772258793,At-Risk
CMCO,2024,0.3381836646324558,-0.005335260589786164,-0.04983819089527794,0.002274953883088112,At-Risk
CMCSA,2021,0.6696309661898011,0.12165657086394295,0.12379784481093817,0.1103391386181176,Distressed
CMCSA,2022,0.6853006333023133,0.04422410172366936,0.04332173390041672,0.033850242759082536,Distressed
CMCSA,2023,0.6976112920738328,0.12658342381469417,0.001194133100546007,-0.005505905691122739,Distressed
CMCSA,2024,0.7007540551680662,0.13087261882632484,0.017759023459349193,0.022125199727251448,Distressed
CME,2021,0.8215237648463655,0.5621681557455701,-0.039704316487836844,-0.08979610008013535,Distressed
CME,2022,0.8499621468701438,0.5361198549627445,0.07030300445657504,-0.020053802885791148,Distressed
CME,2023,0.8514760974385631,0.5635498732008526,0.11146750607642347,0.06972797604192663,Distressed
CME,2024,0.8612910066719955,0.5635498732008526,0.09880083887504705,0.025849197461739457,Distressed
CMG,2021,0.384793895265985,0.08652162742556341,0.2610731082301775,0.18696221838936575,At-Risk
CMG,2022,0.39075390646895786,0.1041270684678433,0.14410788517543452,0.10862736762376898,At-Risk
CMG,2023,0.4067039863350085,0.12447130160320732,0.14325962412845358,0.11033729543774344,At-Risk
CMG,2024,0.40535916455693743,0.13559571615434635,0.14609555100672644,0.13233152066602655,At-Risk
CMI,2021,0.23708421797593773,0.08871404188002165,0.212508202513755,0.21268200511281538,At-Risk
CMI,2022,0.23933176604687612,0.07661893567001496,0.16872736355688772,0.16832409147151825,At-Risk
CMI,2023,0.2421547042418905,0.02157639806252752,0.21340029920923273,0.2860673099552836,At-Risk
CMI,2024,0.24746349187730926,0.1157116884640197,0.0010861588140319977,-0.062219782230762195,At-Risk
CMLF,2023,0.44432925565001036,-0.8677023784840496,-0.1368931459687934,-0.4614858978822625,Distressed
CMLF,2024,0.6364282206580455,-0.17117695203797675,0.507903596852384,-0.11829863719283185,Distressed
CMLS,2021,0.6074424938377486,0.018852833762699583,0.12282135409902746,0.06863756484653656,Distressed
CMLS,2022,0.6250909800252962,0.017026636434380068,0.040414984936718946,-0.006077688512972171,Distressed
CMLS,2023,0.607649298796516,-0.1395764361528297,-0.11427091177192383,-0.026906747624198857,Distressed
CMLS,2024,0.6079622670709826,-0.3424763866923959,-0.02068798931499453,0.005155526442244477,Distressed
CMPR,2022,0.4830484614145878,-0.01881557234407656,0.12096223506489423,0.15335501324052048,At-Risk
CMPR,2023,0.46726502917398766,-0.06038978097022789,0.06651717456464033,0.05175659985268802,At-Risk
CMPR,2024,0.48507407371403855,0.05276111713270568,0.06891386521809297,0.02392571423958409,At-Risk
CMPR,2025,0.4752884079388107,0.004393668204587669,0.03378732241021479,0.04178566806019023,At-Risk
CMRE,2021,0.742476113195042,0.5482606071526223,0.7241065435056994,0.31398927993601716,Distressed
CMRE,2022,0.7003947537345391,0.49822733398033325,0.403483195760289,0.44976518743124544,Distressed
CMS,2021,0.5811161140674035,0.18460908718788374,0.14194453100654408,0.1599845797995374,Distressed
CMS,2022,0.5154723127035831,0.09597487203350395,0.1728748806112703,0.224991691591891,Distressed
CMS,2023,0.6096220852318414,0.11699276333422674,-0.13192182410423453,-0.1553174172544764,Distressed
CMT,2021,0.13445946605178172,0.015191083734710537,0.3828410297001205,0.3984082352830171,At-Risk
CMT,2022,0.13885885694903757,0.03233644958873908,0.22730687550206027,0.21239815798795608,Healthy
CMT,2023,0.18035545566867373,0.05681252760400069,-0.052038285423556346,-0.07839208844292699,Healthy
CMT,2024,0.17613715283519304,0.04398137430633181,-0.154750124392712,-0.13743315992403404,Healthy
CMTL,2022,0.36985104033201777,-0.06797480251481268,-0.1640997429924617,-0.09916663786312922,At-Risk
CMTL,2023,0.3353854769324756,-0.04890780626697746,0.13111864741413173,0.12192314449634382,At-Risk
CMTL,2024,0.29085515809497725,-0.22120528568494252,-0.01743837205496787,-0.007039692996666451,At-Risk
CNC,2022,0.17977543636325902,0.00831563436114205,0.14736232160149862,0.14824110365958001,At-Risk
CNC,2023,0.20481301826635237,0.017545568477717387,0.0653904958248874,0.06833391289537367,At-Risk
CNC,2024,0.21239214820538294,0.02026724555561688,0.05890947343813921,0.062063239006244185,At-Risk
CNDT,2021,0.24202898550724639,-0.00676328502415459,-0.0055248618784530384,-0.023930384336475707,Distressed
CNDT,2022,0.2177293934681182,-0.047174701918092275,-0.06811594202898551,-0.08494304110946013,Distressed
CNDT,2023,0.22407307898979043,-0.07952713594841483,-0.0352514256091239,-0.02110960757780785,Distressed
CNDT,2024,0.1865315852205006,0.12693682955899882,-0.09833422890918861,-0.06137683162842134,Distressed
CNHI,2023,0.31794061651881556,0.09215376513954714,0.048235743705150526,0.016842647437548288,At-Risk
CNHI,2024,0.32698124621899577,0.06281508368622706,-0.1965001822821728,-0.19025428021477053,At-Risk
CNM,2022,0.26988422793564876,0.05502931889941362,0.329136690647482,0.2832496178204848,At-Risk
CNM,2023,0.2712623097582811,0.05535660996717398,0.007668019846639603,0.014635806671204902,At-Risk
CNM,2024,0.2660932670340008,0.055234511490391075,0.11026559236048941,0.1274740020127474,At-Risk
CNMD,2021,0.5620585077698674,0.061883865094717674,0.17180642789976103,0.10345900356299047,At-Risk
CNMD,2022,0.5463991383796027,-0.07707714792935631,0.03447040721922356,0.08269343047868952,Distressed
CNMD,2023,0.5432803853643802,0.05178494533815789,0.19060481772826054,0.1524710431835377,Distressed
CNMD,2024,0.5608443667440695,0.10131712336889784,0.05002715417788718,-0.015524742892573084,At-Risk
CNNE,2021,0.06022635408245756,-0.38668822419832927,0.26720163906436745,0.14261482254697286,Healthy
CNNE,2022,0.04712279111916629,-0.6465790666062529,-0.10792239288601455,-0.07879410757108599,Healthy
CNNE,2023,0.07543859649122807,-0.5498245614035088,-0.13910285455369278,-0.14602702367670758,Healthy
CNNE,2024,0.0064088397790055245,-0.6731491712707183,-0.20614035087719298,-0.1926259253883002,At-Risk
CNP,2021,0.720426245210728,0.17792145593869732,0.12590994877325426,0.12835001614465613,Distressed
CNP,2022,0.6683832206844759,0.11339984980152344,0.11602011494252873,0.10960080125912147,Distressed
CNP,2023,0.7516099356025759,0.10545078196872125,-0.06705289132067374,-0.10560928433268858,Distressed
CNP,2024,0.8012264260094875,0.11789887770450075,-0.00609475620975161,-0.04080161476355248,Distressed
CNR,2021,0.21476725360670892,0.11926252212689747,0.2091598050751413,0.2046337757584169,At-Risk
CNR,2022,0.18661493476299384,-0.02313869368561754,-0.5084935225483451,-0.47722532627691366,Distressed
CNS,2021,0.6652410282410008,0.3620836130941778,0.36557389319262,-0.02712652528430367,Healthy
CNS,2022,0.6316302879136929,0.301711394834417,-0.028991216651365462,0.08504297285599456,At-Risk
CNS,2023,0.5911644749069208,0.26356055608542656,-0.1362994923320621,-0.07353376946046364,At-Risk
CNS,2024,0.5787150402866547,0.2923464053171813,0.05673590843829204,0.059601426989789645,At-Risk
CNTQ,2022,0.2783040196635401,-0.4587888836071466,0.10578205128205129,0.6810143570100513,Distressed
CNTQ,2023,0.23987451857373587,-0.21457634488756366,-0.2534347427855909,-0.2364031002594638,Distressed
CNTQ,2024,0.22955869286207917,-0.8019547832954882,-0.21348925332339422,-0.1679027673408044,Distressed
CNTY,2021,0.4858843878859014,0.053080261308705655,0.27685461501045133,0.1605078863094828,Distressed
CNTY,2022,0.46243807037388884,0.018526045864506225,0.10816563965550081,0.1375801592559721,Distressed
CNTY,2023,0.4589826355946682,-0.051249895493687816,0.27797662875207013,0.343200224168434,Distressed
CNTY,2024,0.44610440009793045,-0.26670590829613194,0.04673340530637616,0.07965378235819864,Distressed
CNX,2021,0.4736836541612491,-0.6588904216746477,-0.39840601345969484,0.054101618800540104,Distressed
CNX,2022,0.7003213578061086,-0.11265125343816379,0.6665226376600175,0.05678694281725413,Distressed
CNX,2023,0.8776322086971914,0.5009438279706127,1.7235315898767136,-0.09119269151002428,At-Risk
CNX,2024,0.6698574186958176,-0.07143590156506308,-0.6312066441762728,0.04421634195503019,Distressed
CNXC,2022,0.35690926342795676,0.06878818203508814,0.13199499195903358,0.13354217609397168,At-Risk
CNXC,2023,0.36233893571990183,0.0441117313912901,0.12494843443872715,0.13530260027609473,Distressed
CNXC,2024,0.3585531609643514,0.026117019617627794,0.3519743472182828,0.3981067902567012,At-Risk
CNXN,2021,0.16060976389712353,0.024167227005508895,0.11670700963984727,0.1107783812644405,Healthy
CNXN,2022,0.16837685552237508,0.028550116544149177,0.08034342865143582,0.07452081093588948,Healthy
CNXN,2023,0.17951592692738905,0.029211294009353676,-0.08779275237472305,-0.08641865183707867,Healthy
CNXN,2024,0.1855003964858011,0.031081845946530445,-0.017022820106614506,-0.014632374479197786,Healthy
COCO,2021,0.29813998466455693,0.050103685512749234,0.22169750582660538,0.2667397131201662,Healthy
COCO,2022,0.24161790797756827,0.01826609971785024,0.12719985876636636,0.19668436059550778,Healthy
COCO,2023,0.3661357503464259,0.09446488334967545,0.15387330610794625,0.029164273000386126,Healthy
COCO,2024,0.3852286667196369,0.10843137672888087,0.04538179784932295,0.011607823041322844,Healthy
CODI,2021,0.3838579821781466,0.06646467483066454,0.1905581628607073,0.16849963676453947,Distressed
CODI,2022,0.3793533070060577,0.018944704911503386,0.1144141405115863,0.10786244593599922,Distressed
CODI,2023,0.3992615035031244,0.06429120905131604,-0.12015182004430688,-0.05883162450092863,Distressed
CODI,2024,0.4196943758238894,-0.1168117905183016,0.05804594300321909,0.07548665693472649,Distressed
CODX,2021,0.8817502917155243,0.37450414439394114,0.3129709165152549,0.5770554462234805,Healthy
CODX,2022,0.8398194072635421,-0.41610152652933996,-0.6504265392327409,-0.11599914096023224,Healthy
CODX,2023,0.3856538968220671,-5.186827348878559,-0.6509892588799009,0.08096076141411716,Healthy
CODX,2024,0.7448063425249543,-9.613657679379642,-0.42525863772339495,-0.11151039357754648,Distressed
COHR,2021,0.3824216722645462,-0.07176692204470954,0.21030855191908213,0.11710427644157946,At-Risk
COIN,2021,0.838263529913601,0.4622929891456588,4.509057831645275,1.8793949013163034,At-Risk
COIN,2022,0.8028055780963544,-0.8217839915246596,-0.5925466142751961,0.11536247151124777,Distressed
COIN,2023,0.8646547095386894,0.030521013658870222,-0.026868945290976668,-0.3849801089253685,Distressed
COIN,2024,0.863238395692401,0.39290904913873004,1.1117178931939855,0.3688869450489955,At-Risk
COKE,2021,0.35130100163337535,0.03408048661139149,0.11090820966030583,0.09151383080324817,At-Risk
COKE,2022,0.36735523242622065,0.06936961504490355,0.11473590049749097,0.08516899340944342,At-Risk
COKE,2023,0.39055702721639085,0.06137416818934218,0.07303727473033599,0.046672877798381626,At-Risk
COKE,2024,0.3990278730312958,0.09176102320733201,0.03694969144216784,0.02748716492934761,At-Risk
COLM,2021,0.5157542120303147,0.1132637453532847,0.2497839343064351,0.1420690742664722,Healthy
COLM,2022,0.49393848768760723,0.08990367628210309,0.10803153273315459,0.1348038615283546,Healthy
COLM,2023,0.49608009628346844,0.07209216096682643,0.006654153743831102,0.03797783002144258,Healthy
COLM,2024,0.5020168723813165,0.06628100488573531,-0.034016086818002854,-0.01644229363394824,At-Risk
COMM,2023,0.483045391136388,-0.8084558429015989,-0.6509892588799009,-0.47722532627691366,Distressed
COMM,2024,0.455373933169391,-0.2281932590771011,-0.25818220839145833,-0.1899886234357224,Distressed
COMP,2021,0.17294813891917146,-0.07695063074287495,0.7257041496452376,0.7355288920126513,At-Risk
COMP,2022,0.17977733466267862,-0.09995014955134596,-0.06276280953122566,-0.051446340757882555,At-Risk
COMP,2023,0.17973387922210848,-0.0657727737973388,-0.1882685277500831,-0.21176219447112818,At-Risk
COMP,2024,0.17667122630615906,-0.027428896271162354,0.15232343909928353,0.11697456233678305,At-Risk
CONE,2021,0.5595089989217882,0.020983661773243758,0.16661828737300435,0.17218475372981812,Distressed
CONN,2021,0.48052144895288207,0.06805213231691709,0.1471878212874948,0.19051887970258574,At-Risk
CONN,2022,0.4709722783973805,-0.04416447490441533,-0.15565985820402245,-0.08909998441544066,At-Risk
CONN,2023,0.49123644745867884,-0.06212657037383563,-0.07809451876945492,-0.03351838734384069,Distressed
COO,2021,0.6692215568862275,0.5635498732008526,0.20222962688716115,0.1404369779623425,At-Risk
COO,2022,0.6467174464998187,0.11661225970257526,0.13204448246364414,0.15893573881739562,At-Risk
COO,2023,0.656211733273962,0.08187687854836914,0.08608390762906541,0.09258069123107683,At-Risk
COO,2024,0.6663500539097397,0.10070852800739334,0.08410330624512968,0.0423515571386556,At-Risk
COOK,2021,0.3828743101922869,-0.11681953293573252,0.4393281443533197,0.7292758285360239,Distressed
COOK,2022,0.3487904424600664,-0.5826184134495908,-0.16503701251997022,-0.09811316725472005,Distressed
COOK,2023,0.3689777877540511,-0.13930435299282698,-0.0762599843573954,-0.13652944310341425,Distressed
COOK,2024,0.42291150723754783,-0.05629792475069197,-0.0029873803809982802,-0.07524306602925629,Distressed
COP,2021,0.6206255353822367,0.1687942669703111,1.5585609664831346,0.6317431368784796,At-Risk
COP,2022,0.5810135793485366,0.23039258007622196,0.6939807366859578,0.5671637401100033,At-Risk
COP,2023,0.623367497343434,0.18779350769547185,-0.28038086310881977,-0.22303967568784955,At-Risk
COP,2024,0.6483076166039858,0.16247232083230817,-0.024748911664895623,0.021474467365573215,At-Risk
COR,2021,0.03244668227866441,0.007196319109029437,0.1268861911886534,0.08651846672447963,Healthy
COR,2022,0.0347729205336522,0.007120337475545504,0.11495067992867274,0.11606895036077426,Healthy
COR,2023,0.034173919337686,0.006657017556978728,0.09885871571731782,0.09962178355216524,Healthy
COR,2024,0.033712328993648524,0.005133784162578622,0.12123726764954056,0.12165739721160287,Healthy
CORT,2021,0.9650998495600192,0.3074283153632186,0.03420426479481398,0.07014162146832571,Healthy
CORT,2022,0.9650998495600192,0.2523727286753032,0.09803867992065096,0.1976099477848953,Healthy
CORT,2023,0.9650998495600192,0.2200362788287121,0.2003618193491233,0.29689444859347774,Healthy
CORT,2024,0.9650998495600192,0.20918612230386346,0.39940917336097437,0.43454823203845444,Healthy
CORZ,2024,0.23707976940188613,-2.815650750383808,0.01646496815286624,0.04324589571544722,Distressed
COST,2021,0.12884769482822858,0.025555175599324246,0.1749090015051481,0.17291075214162627,Healthy
COST,2022,0.12148717361227385,0.025749711395260715,0.15834817714580282,0.15822768085994685,Healthy
COST,2023,0.12259688802674482,0.025968880267448098,0.06757316460604351,0.0685112770976588,Healthy
COST,2024,0.1261333134213391,0.028952301603832536,0.05020017334599034,0.046939054386444384,Healthy
COTY,2022,0.6351708015986728,0.04892164995098409,0.14568349208406228,0.12238332476933045,Distressed
COTY,2023,0.6386813345096415,0.09149997299292414,0.04707412713973305,-0.0013933398355858995,Distressed
COTY,2024,0.6438705459300424,0.014612618502778686,0.10152860049332925,0.10319121369770176,Distressed
COTY,2025,0.6483904359483447,-0.06243106110743437,-0.03679306963059824,-0.03113142774545586,Distressed
COUP,2021,0.5681225001344292,-0.5226040929891395,0.3390535832642534,0.36879197284367604,Distressed
COUR,2021,0.6007146864698389,-0.34967384001907115,0.4148941606958513,0.5505673518581259,At-Risk
COUR,2022,0.6328882151230726,-0.33480666569929507,0.2611904538307243,0.23755171487418286,Distressed
COUR,2023,0.5187165775401069,-0.18339100346020762,0.2139240409656405,0.13923995675750775,Distressed
COUR,2024,0.5346192601122787,-0.1144378868576364,0.09263919471531928,0.014989837398373984,Distressed
CP,2021,0.6547842402304197,0.35672295185076813,-0.17296153009079118,-0.08876552216412821,Distressed
CP,2022,0.6684819605372643,0.3990242794940955,0.061916023650818136,0.05121062936780294,Distressed
CP,2023,0.6528076464312969,0.3127837514974889,0.37331408642292835,0.43552951953532565,Distressed
CP,2024,0.671868554936339,0.2556029148925824,0.14168857424633827,0.13020897909853288,Distressed
CPA,2022,0.3929915788458341,0.11738621458850543,0.9636877446717764,0.8443766896921991,At-Risk
CPA,2023,0.4573500638124804,0.148711716850776,0.16592429156774985,0.05373592895072036,At-Risk
CPA,2024,0.4521701887123143,0.1764593908997684,-0.003125828029125798,0.016405537675637488,At-Risk
CPB,2022,0.3068208362532119,0.08841392198084559,0.010146295422369042,0.07004341534008683,At-Risk
CPB,2023,0.3117452174842364,0.09169605642834242,0.09285213735108619,0.08588044360292128,At-Risk
CPB,2024,0.30832295558322953,0.05884184308841843,0.02981724911830715,0.07086810312616765,Distressed
CPHC,2023,0.5031766110174449,0.17193667358444664,-0.08061523693902184,0.008655005064264615,Healthy
CPHC,2024,0.49195739768476443,0.03432039432972342,0.0020416083127167734,0.009661212876084204,Healthy
CPHI,2021,0.03622409425503725,-0.35257233384412345,-0.11268851489571248,-0.042905105016251104,Distressed
CPHI,2022,-0.06094649468441375,-0.4902265423442873,-0.6509892588799009,-0.47722532627691366,Distressed
CPHI,2023,-0.0400902885471009,-0.43912233667398864,-0.13484459455790976,-0.167537022470571,Distressed
CPHI,2024,-0.43843654868513066,-1.0458024402678867,-0.3540527939259187,-0.06818605737510118,Distressed
CPIX,2023,0.8466187996629392,-0.15875908953129064,-0.05851907796703188,-0.03854741935884747,Distressed
CPIX,2024,0.8260805544108613,-0.1711149099852131,-0.042590524034291935,-0.035420924327366834,Distressed
CPK,2021,0.6719991297757067,0.14643980012913005,0.1674935169746701,0.16839765178844798,At-Risk
CPK,2022,0.6172991491162091,0.13191636893569011,0.19428459141565843,0.22539283956468636,At-Risk
CPK,2023,0.6771835539304866,0.1300499251421107,-0.01483757991726213,-0.05267111837566548,At-Risk
CPNG,2021,0.1603281538628708,-0.08383135933934587,0.5380194377379968,0.5941255432343269,At-Risk
CPNG,2022,0.22882961667395424,-0.004469708011465773,0.11827664891883082,0.039949748743718594,At-Risk
CPNG,2023,0.2538653980232129,0.05577656563999508,0.18461837438662973,0.15535153418700168,At-Risk
CPNG,2024,0.2917602748777587,0.005087881591119334,0.24135668293483165,0.2476787954830615,At-Risk
CPRI,2021,0.6621860629642731,0.14485320127343473,0.3926108374384236,0.2553479555916599,At-Risk
CPRI,2022,0.6627513792489766,0.10909414486563446,-0.006190307746727981,0.031492666091458156,At-Risk
CPRT,2022,0.4587995558882934,0.31138377586926413,0.3002438987250191,0.36620043249565415,Healthy
CPRT,2023,0.44889079208314836,0.31986955481276996,0.10528572338536059,0.12090037085051018,Healthy
CPRT,2024,0.45016088706089447,0.3217080345343669,0.09492267512387847,0.11827823423833242,Healthy
CPRX,2021,0.8446102831012617,0.28034622567154005,0.18274503875773684,0.1373023016587373,Healthy
CPRX,2022,0.8394373561528083,0.3878517107603535,0.5209716472701711,0.2704074710564399,Healthy
CPRX,2023,0.8694965394621852,0.17933019256461513,0.8590029084559974,1.7712543941618832,Healthy
CPRX,2024,0.8599954446916422,0.33328791582440914,0.2348796094464144,-0.04747071215702394,Healthy
CPS,2021,0.03743384126022287,-0.13854443691525717,-0.01904826855162351,-0.010264814147497877,Distressed
CPS,2022,0.05139441773570905,-0.08528738718083655,0.08376995705502253,0.05019334630381607,Distressed
CPS,2023,0.10326295980757697,-0.07173071001985526,0.11502694038269717,0.05606875319494037,At-Risk
CPS,2024,0.11092159231430891,-0.028835256452742746,-0.030180984339170824,-0.038434690324233675,At-Risk
CPSI,2021,0.5161547808672661,0.06567389685314062,0.061027343395541576,0.05129932548452558,At-Risk
CPSI,2022,0.4901514780436433,0.048575224706717934,0.16398519041153978,0.18733442220676613,At-Risk
CPSI,2023,0.47651322349719455,-0.14416811775386584,0.028492444466214396,0.13137083902390864,Distressed
CPSI,2024,0.5081483513597124,-0.05965048475686277,0.01991635784554479,-0.02261012728922812,At-Risk
CPSR,2022,-0.06950750960530912,-2.1647844141731674,1.3037103263299061,0.5346929012666652,Distressed
CPSS,2021,0.699287930667523,0.17745350265672433,-0.012354283986266461,-0.1885429197694414,Distressed
CPSS,2022,0.7443745848611958,0.2607845099769797,0.23112568191747165,-0.06363801728058208,Distressed
CPSS,2023,0.7495895049628708,0.1288102177754294,0.06765056458877373,0.1953998426466446,Distressed
CPSS,2024,0.7555513765990861,0.048799764171321404,0.11787031197622821,0.23560575282359633,Distressed
CPTN,2022,0.026124427686506867,0.5635498732008526,0.6494891159484674,0.6077781409029367,Distressed
CPTN,2023,0.27190563725490197,-3.7182904411764706,0.7581470509022354,-0.07426605104974301,Distressed
CQCQ,2021,0.3503978224455611,-0.00100437081239531,1.5622854556199626,0.7507902412283969,Distressed
CQCQ,2022,0.19351758664292534,-3.0026321901370285,-0.6509892588799009,-0.47722532627691366,Distressed
CR,2021,0.4452457066389116,0.13233216861199912,-0.542000068099016,-0.47722532627691366,At-Risk
CR,2024,0.4473365617433414,0.12382297551789077,0.06864083950262345,0.0941123188405797,At-Risk
CRAI,2021,0.293107134590137,0.07364652706239078,0.11322395170475222,0.07732005566148693,At-Risk
CRAI,2022,0.306007266868731,0.07381777996652569,0.044118296688830654,0.04306205090612591,At-Risk
CRAI,2023,0.29524372732284576,0.06167064117850687,0.055973843334162575,0.06439180403033651,At-Risk
CRAI,2024,0.3018239372488777,0.0678673986855083,0.10166737182199316,0.08868158698941266,At-Risk
CRC,2023,0.5897893609425205,0.20135665833630847,0.0347247875877355,0.03035230352303523,At-Risk
CRC,2024,0.6250781738586617,0.11757348342714197,0.1417350946090682,0.25670699631772753,At-Risk
CRCT,2021,0.35020712326417996,0.10754103230143,0.36202934214779514,0.46842061549049,Healthy
CRD-A,2021,0.25613857066740636,0.026940980363069474,0.1210751873410123,0.14222731607743402,At-Risk
CRD-A,2022,0.2488202815730012,-0.014867294875189445,0.08075184049591347,0.0808785293148277,At-Risk
CRD-A,2023,0.27266065718544574,0.02324288737576115,0.0695997322993504,0.0539808677121043,At-Risk
CRD-A,2024,0.27409039724975204,0.019833404177572952,0.018263082239682166,0.023091518242813736,At-Risk
CRDO,2022,0.6012096509105253,-0.20827033068174347,0.8140109375266198,0.49302403164504177,Healthy
CRDO,2023,0.5765334375712564,-0.08983463087831309,0.729894719047306,0.6201450790433402,Healthy
CRDO,2024,0.6189096750790278,-0.14701248898792557,0.04764541733172633,0.129252002246062,Healthy
CRDO,2025,0.6477225115906359,0.1194734130845401,1.263434730787169,0.7393910050902239,Healthy
CREX,2024,0.47215558264836593,-0.06898179100955677,0.12593543816144886,0.1391145595618439,Distressed
CRGE,2021,0.024139550289506893,-0.10831457093862286,4.509057831645275,1.8793949013163034,At-Risk
CRGE,2022,0.0404294437207756,-0.04349034797723811,0.4629070601109392,0.44729692491005274,At-Risk
CRGY,2022,0.9650998495600192,0.031623141804312305,1.069812190711162,0.6313241493285644,At-Risk
CRH,2023,0.34229877821969157,0.09093250164525452,0.06802554777984904,0.05206463195691203,At-Risk
CRH,2024,0.3570504891487687,0.09816709771730575,0.017825974992131392,0.008237070097138357,At-Risk
CRI,2021,0.4767826206675004,0.09744840008719496,0.15279595441508775,0.07155798741629235,At-Risk
CRI,2022,0.4582883171430679,0.07782719572401442,-0.0785061552758688,-0.055552573489699615,At-Risk
CRI,2023,0.4739061119760564,0.07893144812217841,-0.08315007814219233,-0.07254571492522757,At-Risk
CRI,2024,0.4799989592497034,0.06522586039459907,-0.034455529173402714,-0.024577857685677745,At-Risk
CRIS,2021,0.9499483519579304,-4.266691708141609,-0.01716658975542224,0.4752189852517281,Distressed
CRIS,2022,0.9650998495600192,-5.576854949813029,-0.04573199361442389,0.19858102211936107,Distressed
CRIS,2023,0.9650998495600192,-4.7304200339219795,-0.013678409761857902,-0.07639834129973727,Distressed
CRIS,2024,0.9650998495600192,-3.977722772277228,0.08829691709069142,-0.0497815097249593,Distressed
CRK,2021,0.8467912661490331,-0.13061062391596828,1.1565378497893835,0.13334532063638194,Distressed
CRK,2022,0.7768232087062138,0.31443141420302134,0.9605220642665326,0.7095467705066387,At-Risk
CRK,2023,0.5585567397590392,0.13487887434083337,-0.5686155621890328,-0.006146634237027402,Distressed
CRK,2024,0.5310808279292601,-0.1830683444204854,-0.19855114315175879,0.06307385796149367,Distressed
CRL,2021,0.37699934466238816,0.11044190093103137,0.21075277716691868,0.1842859918336676,Distressed
CRL,2022,0.3678644185449918,0.12228839605036142,0.12313002802133237,0.12703360813043293,At-Risk
CRL,2023,0.3638670812215501,0.11493751284990177,0.03856807995855193,0.05625811069491456,At-Risk
CRL,2024,0.3288455845188715,0.002542476041292952,-0.01923277640940871,0.02718962868307372,At-Risk
CRM,2021,0.7347878604861845,0.054507020987467916,0.24656502917372483,0.24748761840650094,Distressed
CRM,2022,0.7333503444756315,0.006634345496300076,0.18345160803261362,0.1368331791551033,Distressed
CRM,2023,0.7549703072553576,0.11865622400091803,0.11179510079101812,-0.021563707872787687,At-Risk
CRM,2024,0.7719224172054361,0.16353080881382767,0.08715609490202829,0.047508489846836234,At-Risk
CRMD,2021,0.2199585201324004,-24.696043881430608,-0.20187601105207936,0.0789708427714613,Distressed
CRMD,2022,0.9429121819960861,-24.696043881430608,-0.6509892588799009,0.03580519594616282,Distressed
CRMT,2022,0.4467907285380102,0.07980781749381581,0.3087490683475619,0.3768685786946201,At-Risk
CRMT,2023,0.42817725913712595,0.014589981669693155,0.17628881133272017,0.2641044177314843,At-Risk
CRMZ,2021,0.6289456770683052,0.19710975572881592,0.08471491192106768,-0.07560248766271649,Distressed
CRNC,2021,0.7389496412539839,0.11853082013110114,0.1698507706206359,0.10071967077287573,Distressed
CRNC,2022,0.712758203183375,-0.9479552656218072,-0.15313470150988423,-0.09936360016920895,Distressed
CRNC,2023,0.6782443331352407,-0.19103149673147127,-0.10191191585008433,0.06978390680743635,Distressed
CRNC,2024,0.7371705922100488,-1.7739695448622037,0.1257458188301214,-0.07930732800227275,Distressed
CROX,2021,0.6139060160386199,0.3136893667200365,0.6691903249104766,0.4167660216414253,Healthy
CROX,2022,0.5232882839168098,0.15194410102996214,0.5366821185640629,0.6586780032778198,At-Risk
CROX,2023,0.5577527662266833,0.20002437949023646,0.11458895044564182,0.07841347755681934,At-Risk
CROX,2024,0.5875657101178223,0.23160555499757685,0.03527227675920357,0.04795086337820447,At-Risk
CRS,2022,0.08157708435440832,-0.026738550345804062,0.24444293846570886,0.12472806381435823,At-Risk
CRS,2023,0.1322589499274595,0.022115045288789555,0.38882535533409573,0.29873200085966045,At-Risk
CRS,2024,0.21172591223683734,0.06757980939957242,0.08210798729561228,-0.004798940923382426,At-Risk
CRS,2025,0.2671439991658267,0.13068715025546557,0.042540855890132984,-0.022406052544063852,At-Risk
CRSR,2021,0.2698727981261095,0.05302353917418569,0.11847797801531632,0.1438854512223398,At-Risk
CRSR,2022,0.2157169888982458,-0.039552090105577926,-0.2778074220350199,-0.19039829778174872,At-Risk
CRSR,2023,0.24677660758626593,-0.0017741244969603563,0.0616516059219052,0.014193389566057832,At-Risk
CRSR,2024,0.24886221977105377,-0.06470856797320529,-0.0982933470331364,-0.057822237974990795,At-Risk
CRTO,2024,0.5084449350304068,0.05771046129161238,-0.008287486951414376,-0.0482526958536545,At-Risk
CRUS,2021,0.5184741728694442,0.18319524435013979,0.3010670230713613,0.2504435820220271,At-Risk
CRUS,2022,0.5043056633662114,0.09311836898594394,0.06520326024721296,0.09686231999785178,Healthy
CRUS,2023,0.5120896198201119,0.15348735808238628,-0.05729659883949185,-0.07004858928716384,Healthy
CRUS,2024,0.5253151638883864,0.17483836363185673,0.059918161541514574,0.02927192554027981,Healthy
CRVL,2021,0.235386781795955,0.10276526933135262,0.16934228906855045,0.13830453382076685,Healthy
CRVL,2022,0.2202440429635856,0.09235807070231936,0.11192918929792799,0.1286944694668855,Healthy
CRVL,2023,0.2158815859456238,0.09587695882491253,0.10680915495113852,0.10441824077929616,Healthy
CRVL,2024,0.23417884766338132,0.10625967938418181,0.1260865246425612,0.10647520029705373,Healthy
CRWD,2021,0.7359998732427938,-0.16175459529317426,0.6600307854873645,0.6486002107621046,Distressed
CRWD,2022,0.7317413248760951,-0.08176068919114274,0.5439826838633943,0.5251765526534022,Distressed
CRWD,2023,0.7516231912042166,0.023622877022341275,0.3633347849133246,0.2646054781133758,Distressed
CRWD,2024,0.7495533212060631,-0.0038549442233252328,0.29391354434791717,0.32371590557245333,Distressed
CRWS,2021,0.2668040293040293,0.11353021978021978,0.10353190844323178,0.11213105289745255,Healthy
CRWS,2022,0.26418664144004905,0.07528013537100449,-0.1408768315018315,-0.11905936096763309,At-Risk
CRWS,2023,0.26246120138762097,0.05584717911265291,0.16760156156316203,0.18940777843252798,At-Risk
CRWS,2024,0.24372492836676218,-0.10723209169054441,-0.004359138214350922,0.048775654284900355,At-Risk
CSBR,2022,0.5187847441405852,0.011158850719827322,0.1966130604288499,0.19245709790037863,Distressed
CSBR,2023,0.4517913495452014,-0.09903471319844069,0.09694760634506913,0.20240402457630613,Distressed
CSBR,2024,0.41379722859136675,-0.14507028212541123,-0.06896231668832374,-0.021313808535811656,Distressed
CSBR,2025,0.5014575723517842,0.08255479067153695,0.13536038281327883,-0.08721704394141146,Distressed
CSCO,2022,0.6254824757064996,0.22910565005721822,0.03490706170460476,0.041081470400842125,At-Risk
CSCO,2023,0.6272676234253833,0.2212884662619741,0.10553368116841554,0.10254909265073706,At-Risk
CSCO,2024,0.6473244986339052,0.1918108655651172,-0.05605459840696165,-0.014552562988705473,Distressed
CSGP,2021,0.8162645954426213,0.15050666117998046,0.1718370916788777,0.08608742556348864,At-Risk
CSGP,2022,0.8103005865102639,0.16930901759530792,0.12257599917699707,0.15234971010070186,Healthy
CSGP,2023,0.8,0.15274949083503056,0.124908357771261,0.2611717974180735,Healthy
CSGP,2024,0.7960526315789473,0.05080409356725146,0.11446028513238289,0.26246719160104987,At-Risk
CSGS,2021,0.4809194954165699,0.06911791546383281,0.0564887792733811,0.04295122258991939,At-Risk
CSGS,2022,0.4813792495907326,0.04043121737789882,0.04134308405168913,0.05151995081918967,At-Risk
CSGS,2023,0.4739894873500972,0.0566564436591411,0.0729578839956247,0.06670280927586589,At-Risk
CSGS,2024,0.4867704936654728,0.07254303202009943,0.023938258280037424,0.022882381236972144,At-Risk
CSII,2022,0.7314390700273472,-0.1563486889451448,-0.0878508570391508,0.00414165799207105,Distressed
CSL,2021,0.2855318372559752,0.09967419918158835,-0.03355248243028792,-0.06283564515665833,At-Risk
CSL,2022,0.34242301904796857,0.16955995155429957,0.42033518388198193,0.3007078723991052,At-Risk
CSL,2023,0.3562754801717936,0.16730253548147986,-0.15827430542812052,-0.15089761108231636,At-Risk
CSL,2024,0.37726836677592135,0.2621712367095691,0.09084566918834071,0.07114120029965872,At-Risk
CSPI,2023,0.3250980980230437,0.06411986703656494,0.1006395708685785,0.09966237514184446,Healthy
CSPI,2024,0.3303615511574433,0.0020595579003794664,-0.11413111394366549,-0.06853939741384801,At-Risk
CSR,2021,0.9566099005974071,0.003029176272278823,0.1332123554726564,0.18450283346826038,Distressed
CSR,2022,0.9614554605088892,-0.05246653889901681,0.27272997694653084,0.21266715916115123,Distressed
CSR,2023,0.9642071264288639,0.16059531053274093,0.017891366334782405,-0.018159590559665154,Distressed
CSR,2024,0.9650245418283949,-0.04095285899847883,-0.001247565143182975,-0.0012620133967575964,Distressed
CSSE,2021,0.2843831195023897,-0.45659650551228254,0.6636607923968062,0.3651653199945453,Distressed
CSSE,2022,0.14631230531089123,-0.4016621487170746,1.2900406978670664,1.4260514677818448,Distressed
CSSE,2023,-0.03788263191961802,-2.114473705225123,0.16453766030163905,0.3497754175015376,Distressed
CSTE,2023,0.162657391402807,-0.1904637219119263,-0.18178041302478554,-0.09972006900144172,At-Risk
CSTE,2024,0.21811917756604493,-0.09663802031040948,-0.2158586489417601,-0.21838089462210494,At-Risk
CSTL,2021,0.8318329170430994,-0.3325928681511399,0.5017797570591709,0.9390383142316198,Healthy
CSTL,2022,0.7664241566269456,-0.48991892818832594,0.45654461391295104,0.7007617542708924,Healthy
CSTL,2023,0.7953391449942672,-0.2614610442790325,0.6038354045198812,0.2611260359100889,At-Risk
CSTL,2024,0.8186973189307042,0.05494340031740391,0.5108604655395199,0.12383020867721926,Healthy
CSV,2021,0.39135269736036987,0.08821557599910611,0.14095699473057963,0.12274153736955647,Distressed
CSV,2022,0.3716630557521598,0.11178796998168429,-0.015196096688889717,0.024360704645546242,Distressed
CSV,2023,0.37720642057931614,0.0873496810624281,0.033351883168455915,0.04136690023888856,Distressed
CSV,2024,0.4033666668316023,0.08152687544223376,0.05667154658579943,0.06482104211752955,Distressed
CSWI,2021,0.40860105198464325,0.10597268671131083,0.49434047780918644,0.4696584579913052,At-Risk
CSWI,2022,0.41986056281534334,0.12723906985581288,0.209868541827963,0.16970447306990766,At-Risk
CSWI,2023,0.44239064628424396,0.12820745673780334,0.04609554772108341,0.024051528833071014,At-Risk
CSWI,2024,0.44781003323462004,0.1555867521498894,0.10779097926441653,0.09993498726570957,Healthy
CSX,2021,0.5529468136080499,0.301948570515892,0.18321836908249078,0.17998721227621484,Distressed
CSX,2022,0.5126237123813371,0.2769810812630445,0.18615237182558697,0.23774044974261718,Distressed
CSX,2023,0.5089718223374496,0.2502558504468855,-0.013195987342624386,0.002298347378789537,Distressed
CSX,2024,0.5066024759284732,0.23865199449793673,-0.007982533942825953,0.0031666302686176023,Distressed
CTA-PB,2021,0.41105078249760457,0.11236026828489301,0.10114651473587959,0.07208015552564678,Distressed
CTA-PB,2022,0.4021197364651962,0.06571183042108278,0.11497923985946981,0.08292648905007671,At-Risk
CTA-PB,2023,0.42412632067804484,0.04266805990943922,-0.013119450014322544,-0.026470019965221872,At-Risk
CTA-PB,2024,0.43642062928791103,0.05364324580080435,-0.018460466736328805,-0.020111140513363324,At-Risk
CTAS,2022,0.46244381694525366,0.1573319053546527,0.10372171650033585,0.09357096890372943,At-Risk
CTAS,2023,0.4733980665781964,0.15290895212885003,0.12239035177343213,0.11903708404332537,Healthy
CTAS,2024,0.4883405242369315,0.163765244307498,0.0885737818220963,0.07341641113315714,Healthy
CTAS,2025,0.5003939486165667,0.17526588751202712,0.07748211218226426,0.06010548378038098,Healthy
CTDD,2021,0.7522658610271903,0.3031218529707956,-0.04950088882811432,-0.16492829204693613,At-Risk
CTDD,2022,0.7447666304853465,0.29756551403318343,-0.07221982448568551,-0.038771792870153525,At-Risk
CTDD,2023,0.7281487743026205,-0.14049027895181743,-0.0828035354318499,0.002977801840822956,At-Risk
CTDD,2024,0.7267610748002905,0.26997095134350035,-0.06880811496196111,-0.0669365721997301,At-Risk
CTG_delisted,2021,0.2203754923078884,0.035000063729176495,0.07155051612850356,0.06326181291513638,Healthy
CTG_delisted,2022,0.2463301341208318,0.020330380214101145,-0.17131677224466904,-0.17267872151508526,Healthy
CTHR,2021,0.4885568999359055,0.08489787964707683,0.13224440366549517,0.2780788145866627,Healthy
CTHR,2022,0.46980228654053524,0.055093264586359623,2.1330328685059805,1.8793949013163034,Healthy
CTHR,2023,0.15807834133667692,-0.6538649901687137,-0.3050147991284277,0.09216358139657478,Distressed
CTKB,2021,0.6185541227041813,0.023454474404064087,0.37819235450618816,0.5002904773932811,Healthy
CTKB,2022,0.6155599990246043,0.015703869882220976,0.2820320437670965,0.39604185431801536,At-Risk
CTKB,2023,0.5669300313447141,-0.06293811361811258,0.17666243995220562,0.3317655571635311,At-Risk
CTKB,2024,0.5542745681032462,-0.030031977570802133,0.03853586508820558,0.0005252195961242416,At-Risk
CTLP,2022,0.31283808150018033,-0.008299139384606387,0.22920348151121067,0.17660153492291225,Distressed
CTLP,2023,0.3334249982556302,0.0025980848871905798,0.18732273564585142,0.16180448362793534,Distressed
CTLP,2024,0.3821762051556985,0.044650702169801486,0.10242528966799512,0.06101573497930046,Distressed
CTLP,2025,0.40927059507912794,0.21329838571069715,0.12640545652206286,0.0959678432357744,At-Risk
CTLT,2022,0.33610995418575595,0.10058309037900874,0.20110055027513757,0.21509546539379476,Distressed
CTLT,2023,0.2439596528266479,-0.0600516068496364,-0.11224489795918367,0.035109256076602015,Distressed
CTLT,2024,0.21753024423647568,-0.23807349920109563,0.02768003753225428,0.053842504743833015,Distressed
CTOS,2021,0.17993598102735373,-0.1555073280818127,2.8553143136497114,1.8793949013163034,Distressed
CTOS,2022,0.24394597625304656,0.024731642135267875,0.3477964347464002,0.24736129460956666,Distressed
CTOS,2023,0.24355798616696156,0.02718996300466463,0.1856313005137672,0.16379575493917814,Distressed
CTOS,2024,0.21654237965244025,-0.015899305324366914,-0.03368184011581148,0.0008869000106547048,Distressed
CTRA,2021,0.9547694984053349,0.3357494926065526,1.3526603001364257,0.042735042735042736,At-Risk
CTRA,2022,0.9491768865318749,0.4486797039001215,1.6242389098289358,1.3655737704918032,At-Risk
CTRN,2021,0.410986340189291,0.06276756135317342,0.26592952326967906,0.21436341244216622,Healthy
CTRN,2022,0.3911757195812385,0.07407696245712324,-0.19825029371870573,-0.14065025140393694,At-Risk
CTRN,2023,0.38120252800688825,-0.01601596917403913,-0.05920672795722323,-0.022263502910203445,At-Risk
CTRN,2024,0.37451980469512497,-0.057324663149550044,0.006869525804842895,0.030909095654170972,At-Risk
CTS,2021,0.35993371350587317,-0.0816220695033387,0.2095404960548594,0.15287968666717935,Healthy
CTS,2022,0.3587478636629299,0.10151328490685314,0.1441614271092265,0.13154874309675016,At-Risk
CTS,2023,0.3467503115791157,0.10997380191925468,-0.06210414930759676,-0.048082024429262266,Healthy
CTS,2024,0.3643570934578713,0.10776367832526479,-0.06479755533027386,-0.06282978537124945,At-Risk
CTSH,2021,0.3729940022694116,0.1154698222294267,0.11139803026663464,0.09481253927249877,Healthy
CTSH,2022,0.3592752728021412,0.11787111385628989,0.04976495380126439,0.04967795421210382,Healthy
CTSH,2023,0.3456311682943213,0.10985376944143027,-0.0038604076590487957,-0.0015188335358444715,Healthy
CTSH,2024,0.3434333198216457,0.11349817592217268,0.019790213403606677,0.01673258290234256,Healthy
CTSO,2021,0.744070077031609,-0.568941229421339,0.052699598271911,0.3073263051539653,Distressed
CTSO,2022,0.5976871964673103,-0.945912642892986,-0.19637703021672828,0.0029128778206256893,Distressed
CTSO,2023,0.7062335593687402,-0.9408655049277379,-0.10389102721860528,-0.005195730888676633,Distressed
CTSO,2024,0.6991712319145947,-0.5820761342885237,0.1450877857206347,-0.17429716383045588,Distressed
CTT,2021,0.37779583206898915,0.5635498732008526,-0.020414229552210183,-0.12030668511193812,Distressed
CTV,2021,0.8039893234098636,-0.1270558527427983,0.3123501111902443,0.4205292631392308,At-Risk
CTV,2022,0.7625258620011486,-0.14482720643186986,0.40785903356923725,0.6315581443727897,At-Risk
CTV,2023,0.7583320227048512,-0.22812799359460117,0.10041929875626392,0.009422535031684708,At-Risk
CTVA,2021,0.41105078249760457,0.11236026828489301,0.10114651473587959,0.07208015552564678,Distressed
CTVA,2022,0.4021197364651962,0.06571183042108278,0.11497923985946981,0.08292648905007671,At-Risk
CTVA,2023,0.42412632067804484,0.04266805990943922,-0.013119450014322544,-0.026470019965221872,At-Risk
CTVA,2024,0.43642062928791103,0.05364324580080435,-0.018460466736328805,-0.020111140513363324,At-Risk
CTXS,2021,0.8057059465306465,0.09558058790800611,-0.006033923440541292,0.0998948358717097,Distressed
CUBE,2021,0.6935144256252401,0.271689497716895,0.21111875107667075,0.26167967175011264,Distressed
CUBE,2022,0.709535431011941,0.2884866049143047,0.2274108762357701,0.23785721536500729,Distressed
CUBE,2023,0.7193464174253142,0.3910727444793751,0.04032194163371711,-0.16011407866142843,Distressed
CUBE,2024,0.7019876555830772,0.36688109799846375,0.015135185569542641,0.0543468237565974,Distressed
CUK,2022,0.03385652066726929,-0.500698496178815,4.509057831645275,1.022613372448356,Distressed
CUK,2023,0.3369610521928403,-0.0035196591487982216,0.7744268222532665,0.18674079893636308,Distressed
CUK,2024,0.3749650293753247,0.07657567643179729,0.15875515213263558,0.09222386311554719,Distressed
CULP,2022,0.12241596261010246,-0.010890689494944698,-0.016285199519551583,0.022656478146597877,Healthy
CULP,2023,0.04637898303353282,-0.13416534005295105,-0.20317868395972039,-0.10927689258603282,At-Risk
CULP,2024,0.1239898283873201,-0.061327013797357686,-0.04086679663224565,-0.09927256350757206,At-Risk
CULP,2025,0.11755464576973039,-0.0895857660724921,-0.053680552781882815,-0.05139721616067456,At-Risk
CURI,2021,0.4853706796143753,-0.5281289906119757,0.7985664167991722,0.577893676438709,Distressed
CURI,2022,0.33964609253872863,-0.6524223825327063,0.09517127180365137,0.048359463390981086,Distressed
CURO,2021,0.6996147182283152,0.07254937683638547,-0.03487507611553512,0.048207872483509565,Healthy
CURO,2022,0.6097885016151389,-0.1807980754797167,0.2544192467258386,0.3061336478373752,Distressed
CURV,2021,0.4142889188149585,-0.023082301230814534,0.31813711045855897,0.3499624198388744,At-Risk
CURV,2022,0.3567450533480729,0.03897778509234992,-0.007035538449560654,-0.052217089534295776,At-Risk
CURV,2023,0.35242828433649176,0.01008641905646537,-0.10573274416524861,-0.0773034397257861,At-Risk
CURV,2024,0.37461007468264634,0.014784319090507975,-0.04184922023186871,-0.04408853878846946,At-Risk
CUTR,2021,0.575539412807541,0.008915985644484802,0.5659893149516193,0.3456023365061492,Distressed
CUTR,2022,0.5539998177488817,-0.32622950170167075,0.09136074717862239,0.2665141213389121,Distressed
CUTR,2023,0.19538633228013505,-0.7667456172981932,-0.1585980927024275,0.2684547591271521,Distressed
CVAC,2021,-0.5044542404467389,-3.997630837851508,1.1853105968060276,1.8793949013163034,Distressed
CVCO,2021,0.25120424691394444,0.12149957164577749,0.46848655883167833,0.39778812549915327,Healthy
CVCO,2022,0.2589856877705974,0.11226608509865764,0.31684384675612326,0.29581893810602095,Healthy
CVCO,2023,0.23785597439703318,0.08793052342555571,-0.16237405569481306,-0.12474595147402313,Healthy
CVCO,2024,0.23101002352815092,0.08486210082274104,0.12294795162893528,0.12957711612132614,Healthy
CVEO,2023,0.24331732793002334,0.04303194183831451,0.0053841033380579925,0.006228561513718407,Distressed
CVEO,2024,0.21910303435455827,-0.025020450887084714,-0.026659341756979475,-0.005246767563775491,Distressed
CVGI,2021,0.12246777922101983,0.024426242669142364,0.35374021699904834,0.29521065503876515,At-Risk
CVGI,2022,0.10864917842580275,-0.028074977350645236,-0.19452375414017198,-0.1781296468426687,At-Risk
CVGI,2023,0.14493775352526544,0.05914163182595644,0.06757877439198143,0.049928605551611195,At-Risk
CVGI,2024,0.10108314727899856,-0.03852465248736789,-0.13419289046032826,-0.08984836525070514,At-Risk
CVGW,2021,0.05438849057139881,-0.011390091207864902,-0.00334254949399219,0.026710465484098597,Healthy
CVGW,2022,0.07112204767887373,-0.009036093705136217,-0.27100859039807546,-0.2781210540086532,At-Risk
CVGW,2023,0.10538931025312152,-0.014044726326455726,-0.2281292102934814,-0.23995288166442763,At-Risk
CVGW,2024,0.1024935605190282,-0.0016264980107143288,0.11351922733806653,0.11232864404612572,Healthy
CVLG,2021,0.24897729738824842,0.058060062925249734,0.24737854491205769,0.17861405139584396,At-Risk
CVLG,2022,0.26506626081268314,0.08931362574762215,0.16334083171845587,0.15657616217536433,At-Risk
CVLG,2023,0.2699395508951379,0.050045624530502285,-0.09309631855154833,-0.06965520396868274,At-Risk
CVLG,2024,0.2986134924647098,0.031747027776108376,0.025284235841217573,0.026246175526205034,At-Risk
CVLT,2021,0.8520525837750181,0.04369073962663285,0.06374676559700998,0.059083226226737326,Distressed
CVLT,2022,0.8274232401636523,-0.04559578888336584,0.01948957303294867,0.013450479543052202,Distressed
CVLT,2023,0.8193499649090197,0.2012589857336398,0.06966313616028753,0.03800465318464285,Distressed
CVLT,2024,0.820177196296977,0.07644088752826131,0.1863241691659309,0.19430060683958786,Distressed
CVNA,2021,0.15053847354456062,-0.010535351958795068,1.2935385716842671,1.1824632539280284,At-Risk
CVNA,2022,0.0915907086151132,-0.11665686562775654,0.061651318869985955,0.1695308871342313,Distressed
CVNA,2023,0.16005941880976696,0.04177885061739857,-0.20824757424286974,-0.28177124702144557,At-Risk
CVNA,2024,0.21034154903825056,0.015358736195421633,0.26942716553709034,0.16883236568058244,At-Risk
CVRX,2021,0.7207732433261737,-3.3045412703283215,1.1536428217412853,1.220299425058348,Healthy
CVRX,2022,0.7775156882816324,-1.8437847701277315,0.7236115372813746,0.666393190442006,Distressed
CVRX,2023,0.840793994146838,-1.048454001781397,0.7488539765899684,0.267739553203274,Distressed
CVRX,2024,0.837518521406847,-1.1690906964048975,0.3053060185774272,0.3444743804461273,Distressed
CVS,2021,0.17842532461975072,0.0273902728757219,0.08710263261706103,0.08719558861045154,At-Risk
CVS,2024,0.13787489035940656,0.012376310657736266,0.04201791064800322,0.058095385180242265,At-Risk
CVSI,2021,0.4297685554668795,-0.7758379888268156,-0.17933603504032092,-0.1813445056464133,Distressed
CVSI,2022,0.34248688676334466,-0.50688059240975,-0.19168994413407822,-0.4011534265080272,Distressed
CVSI,2023,0.44270182454386403,0.19382654336415897,-0.01240357914224005,-0.1838018393197987,Distressed
CVSI,2024,0.45641515440942376,-0.1524355300859599,-0.018682829292676832,-0.04889715652404996,Distressed
CVT,2021,0.6309870068290765,-0.16591591157473531,0.04032684980950471,0.06920130875743957,Distressed
CVT,2022,0.6069291008915912,-0.15901788574564116,0.21539057575880233,0.2542516086088307,Distressed
CVV,2021,0.18708579072171216,0.28862406517906003,-0.027967664011913793,-0.0016010514898802328,At-Risk
CVV,2022,0.2567311044822376,-0.008677798008755278,0.569465556028455,0.30908057410828477,At-Risk
CVV,2023,0.21033638890041065,-0.1733792359699697,-0.06601324913803122,0.0391156462585034,At-Risk
CVV,2024,0.22514511087959518,-0.07062062806965322,0.1147704176863412,0.044990772016575545,At-Risk
CVX,2021,0.4071629628677557,0.10041386578923692,0.6432855996282685,0.3863853313181131,At-Risk
CVX,2022,0.40948296866624434,0.1440191348699706,0.5825353778131949,0.4040924935091016,Healthy
CVX,2023,0.39467683697876726,0.10852000629719724,-0.2003597940321297,-0.12812680380247948,At-Risk
CVX,2024,0.38367439792362495,0.09131190089652248,-0.017769268661794804,0.022339528016685806,At-Risk
CW,2021,0.37100786520583134,0.10509960767942238,0.04575893977257901,0.03277830940988836,At-Risk
CW,2022,0.3733279885804793,0.1151134619333014,0.022498751380079902,0.011587783386804933,At-Risk
CW,2023,0.3750573299177296,0.12459139803463377,0.11276698507054096,0.10889972479145638,At-Risk
CW,2024,0.36958639800409393,0.12975119417632192,0.09693491855022171,0.09207712226217621,At-Risk
CWAN,2022,0.7106905802403222,-0.026256813852471445,0.20396632040059995,0.3343516981942289,At-Risk
CWAN,2023,0.7090268573042742,-0.058742204645705225,0.21336998147818578,0.29031641686975584,At-Risk
CWAN,2024,0.7277862254124032,0.5635498732008526,0.22716531583407576,0.141995723708994,Healthy
CWBHF,2021,0.5056092078424843,-1.4332306539566249,0.009094154957679625,-0.00968833578953114,Distressed
CWBHF,2022,0.26181901563279786,-0.8000242787197022,-0.22845814427839986,-0.14027062033235044,Distressed
CWBHF,2023,0.5631541445649593,-0.3767872694165149,-0.14815414289375362,-0.17284514536654166,Distressed
CWBHF,2024,0.4280508184508829,-0.6009221414621378,-0.21356978861531153,-0.20892471347329464,Distressed
CWCO,2021,0.35156984448705664,0.013095021556005247,-0.07937178497487324,-0.04025066254040835,Healthy
CWEN,2021,0.6493001555209953,0.03965785381026438,0.0725604670558799,0.20772946859903382,Distressed
CWEN,2022,0.634453781512605,0.4890756302521008,-0.07465007776049767,-0.013,Distressed
CWEN,2023,0.6400304414003044,0.06012176560121765,0.10420168067226891,0.0486322188449848,Distressed
CWEN,2024,0.6345733041575492,0.06418672501823487,0.04337899543378995,0.12753623188405797,Distressed
CWGL,2021,0.43606895150758873,0.045924141733654486,0.07502963748674113,-0.034125794245734274,At-Risk
CWGL,2022,0.44166531975647866,0.014506222725068692,0.07728024608955571,0.06392194545051372,At-Risk
CWGL,2023,0.4652219551946079,0.04313416756443192,-0.024810085663487958,-0.021940001945281996,At-Risk
CWGL,2024,0.4802767691991505,0.011659930122627938,0.008052263749620175,0.02446370223043046,At-Risk
CWK,2021,0.2066633293214183,0.026627754641217635,0.19697336716090622,0.1285125706340804,At-Risk
CWK,2022,0.19317810740473199,0.01943457652611892,0.07636840031101218,0.08076001446785423,At-Risk
CWK,2023,0.17402066633662325,-0.0037287885650484007,-0.060559882046765684,-0.032598805651714656,At-Risk
CWK,2024,0.1827449319853914,0.013899327793362622,-0.0049717180867312,-0.019837837837837838,At-Risk
CWT,2021,0.6491707642725016,0.12785921009875978,-0.004277942911242127,0.023410491391290086,Distressed
CWT,2022,0.662980207482949,0.11343039184528922,0.07020023795405034,0.08191776016354822,Distressed
CWT,2023,0.6369237584189914,0.06532709480614926,-0.061196955215487146,0.024006686149300707,Distressed
CWT,2024,0.7003798203328299,0.18403346431251363,0.3047624560802988,0.05886286895068283,Distressed
CXDO,2021,0.6205325359532963,-0.08710664957995158,0.7142857142857143,1.007144712912445,At-Risk
CXDO,2022,0.635618043350908,-0.9429887628481654,0.33682187099530114,0.3678079088732121,Distressed
CXDO,2023,0.5946540348502791,-0.006804639184947086,0.4166000958619588,0.29857102299612,At-Risk
CXDO,2024,0.6203852855123443,0.027565008711660476,0.1435929246790353,0.07517125783413496,At-Risk
CXM,2021,0.7003395654699286,-0.22638374959889845,0.27256609722688857,0.4057070546681632,Distressed
CXM,2022,0.735154240605639,-0.09016968893058769,0.25547833645414036,0.15443276354455526,Distressed
CXM,2023,0.7550371402042712,0.07018815882899121,0.18468432035458354,0.043322966056879596,Distressed
CXM,2024,0.7211455636280535,0.15269954319093312,0.08743514118739418,0.10596708260847777,Distressed
CXW,2021,0.28215746026019317,-0.027861888870277074,-0.022497684316591313,-0.012083616940961066,Distressed
CXW,2022,0.23385369221423388,0.06628628282544739,-0.009281032698097729,0.0056743375526816815,Distressed
CXW,2023,0.22893440224397418,0.03563679885692292,0.02780317222565732,0.03262853183573486,Distressed
CXW,2024,0.2387224810184916,0.035107251767138414,0.03427702219984341,0.027591941268838762,At-Risk
CYAN,2021,0.3771685943060498,0.059886565836298936,0.1120111300046375,0.0351198040978271,At-Risk
CYAN,2022,0.3131849167313832,-0.14841660195012513,-0.3555938612099644,-0.2184823621009762,Distressed
CYAN,2023,0.25768280525334836,-0.22829526245069567,-0.0046164466304254035,0.05996628094106828,Distressed
CYAN,2024,0.2839562254800743,-0.13227338426595087,0.049586060422175025,-0.03398040704189712,Distressed
CYH,2021,0.33950517464424323,0.018596377749029756,0.04911358045635762,0.06767118402282454,Distressed
CYH,2022,0.3758086970764065,0.0037670952419949226,-0.012694049159120311,-0.04033402922755741,Distressed
CYH,2023,0.38134507606084866,-0.010648518815052042,0.022848251576447466,0.011138183083884442,Distressed
CYH,2024,0.3934620864334336,-0.04084217191704923,0.011529223378702963,0.014716006884681583,Distressed
CYN,2023,0.17927412364191103,-15.316571287375353,4.509057831645275,0.26306279896984786,Distressed
CYN,2024,-0.4551825674067877,-24.696043881430608,-0.6509892588799009,-0.06599673472300006,Distressed
CYRX,2021,0.4271538373293564,-0.25628083056097284,-0.3353918877706618,-0.44693945136423013,Distressed
CYRX,2022,0.4309661397392426,-0.08873394144897082,0.20104393713433522,0.21192262271086643,Distressed
CYRX,2023,0.43892538588901353,-0.5752865945142824,2.2786188452170593,1.8793949013163034,Distressed
CYRX,2024,0.4463800939289921,-0.6407039113488264,-0.03954300252970338,-0.042138403740129504,Distressed
CYTH,2023,0.9085307110241962,-18.63360166480089,-0.21759245798685817,0.2529823818134537,Distressed
CZOO,2021,-0.01771799171434208,-0.6330575557309134,4.509057831645275,1.8793949013163034,Distressed
CZOO,2022,0.03556329271325541,-0.8292492024234731,3.0406330144012625,1.8793949013163034,Distressed
CZOO,2023,0.016231896593840577,-0.5637426507158869,0.9050155395828343,0.9798214613975335,Distressed
CZR,2021,0.5533960292580983,-0.106478578892372,1.637816979051819,1.2302892796369824,Distressed
CZR,2022,0.5388596248036226,-0.0830791978560207,0.13072100313479623,0.13936927772126145,Distressed
CZR,2023,0.5696564885496184,0.06818181818181818,0.06533592089455688,0.0015625,Distressed
CZR,2024,0.5533125833703868,-0.024722098710538015,-0.024548924358084662,-0.0004457321149988857,Distressed
D,2021,0.7521674402311936,0.2976617917505911,-0.19425627998871015,-0.12498759058870247,Distressed
D,2022,0.6989525039460468,0.08544984933275936,0.22059725019704002,0.21148173360562741,Distressed
DAC,2024,0.9367908806736942,0.49804557690980267,0.041626651245964645,0.20350999473261364,At-Risk
DAKT,2022,0.19100283156292452,0.0009689510123246641,0.2674858360319729,0.3054234553960316,At-Risk
DAKT,2023,0.20068390710107187,0.00901887572991636,0.23442394880272355,0.1998734602685015,At-Risk
DAKT,2024,0.2719076181756619,0.04231966683087168,0.08470874944974516,0.003757044458359424,Healthy
DAL,2021,0.028964179403993446,0.009364861701060236,0.7489909330213512,0.28603060377209283,Distressed
DAL,2022,0.19615673559764343,0.026056700011861927,0.6917622662965317,0.4426133743274404,Distressed
DAL,2023,0.21272050716648291,0.07939980705622933,0.14760191372424974,0.11947741949233819,Distressed
DAL,2024,0.20046071735639084,0.056080982431095175,0.06193150496141125,0.05941706170160108,Distressed
DALN,2021,-0.036424527446331637,-0.0030251208104991774,0.0004860692551474734,-0.03046939173497066,Distressed
DALN,2022,-0.04061041745491235,-0.0649580819244479,-0.024116755412180807,-0.027946581496132585,Distressed
DALN,2023,-0.04688752720192418,-0.05091054861986027,-0.07271773834889911,-0.07343959668418214,Distressed
DALN,2024,-0.04347201952293227,0.0010447320780598288,-0.1024009277287825,-0.10365713357605945,Distressed
DAN,2021,0.09357182783678032,0.022023476802683063,0.25879538418238107,0.240352652117358,At-Risk
DAN,2022,0.07512800315084679,-0.02382827884994092,0.1353828954723309,0.15381030062922396,At-Risk
DAN,2023,0.04952055694207277,0.005254170497832654,-0.25039385584875934,-0.22399515249444557,Distressed
DAN,2024,0.048875096974398756,-0.007370054305663305,0.01589386575594378,0.014185320145757418,At-Risk
DAR,2021,0.2619462859777419,0.13728397853025148,0.3273995548056327,0.23111149735961112,At-Risk
DAR,2022,0.23416216027545986,0.1129312556680716,0.37770420315313996,0.38661947895448634,At-Risk
DAR,2023,0.24233951279301363,0.09542109108908557,0.039171464945062955,0.060623030275604575,At-Risk
DAR,2024,0.22358685429580022,0.04879640605930702,-0.15805721205407125,-0.12191171096945524,At-Risk
DASH,2021,0.5216857610474632,-0.09574468085106383,0.6936936936936937,0.6074653822998194,At-Risk
DASH,2022,0.4549597447972049,-0.20735227100106335,0.34676759410801966,0.42602996254681647,Distressed
DASH,2023,0.4685581933989577,-0.06462072958888246,0.31171198541698314,0.20971766250820748,Distressed
DASH,2024,0.48311882111546356,0.011471740346950195,0.24169079328314996,0.16804168475901,At-Risk
DAVA,2022,0.33284256605201124,0.12690662303046435,0.4501020823835409,0.4445705093007526,Healthy
DAVA,2023,0.33228392502726106,0.11848381753865878,0.09826680412616896,0.10300709952470354,Healthy
DAVA,2024,0.24260080272117526,0.02311422310458714,-0.024431393043493208,0.10610088271382583,At-Risk
DAVA,2025,0.2508264763305017,0.027467610369263026,0.07057402456012901,0.055596004232575665,At-Risk
DBDR,2021,0.5405862331497157,0.011770940630271546,0.02825170960834427,0.05602169531444618,Distressed
DBDR,2022,0.5803379870850464,0.049295067586848304,0.41249794736292117,0.4131286758201401,Distressed
DBGI,2021,0.246315982933895,-4.266125052555361,0.44764771482126803,1.0988918683696751,Distressed
DBGI,2022,0.4251803248086883,-2.722988856057807,0.8419825602558992,0.11937630077891799,Distressed
DBGI,2023,0.43869635761176506,-0.686969904713074,0.06765671441592112,-0.07523662550616313,Distressed
DBI,2021,0.334306038666914,0.04832691658561658,0.4304183210506556,0.12024704530409197,At-Risk
DBI,2022,0.4387659753129913,0.04906636488561959,0.037178762447275734,0.04467276367725506,At-Risk
DBI,2023,0.4305708402276961,0.009451130675491451,-0.07252517623667291,-0.040048075311603676,At-Risk
DBI,2024,0.4273333461825524,-0.003505510653442605,-0.02137057329878347,-0.012634301598433857,At-Risk
DBX,2021,0.7941517215811669,0.15561425459937903,0.12748837452322484,0.033190160093713394,Distressed
DBX,2022,0.80893801883952,0.23794571809540196,0.07739005514620696,0.06273620559334846,Distressed
DBX,2023,0.8087224176527023,0.18132395267029103,0.07600326895780464,0.07605161552529974,Distressed
DBX,2024,0.8253276822855349,0.1774978416136881,0.018628078030060762,-0.02653321372928568,Distressed
DCGO,2021,0.34433988128335663,0.0744975645913081,2.3873562665488004,1.7870087794907228,At-Risk
DCGO,2022,0.35122745873424466,0.07850910736798045,0.3821464252256646,0.3801501471766591,At-Risk
DCGO,2023,0.31296807895473455,0.010986032002805523,0.41717667908288575,0.4551152905207644,At-Risk
DCGO,2024,0.34639980095080936,0.03242555606527658,-0.012387715360677665,-0.035072349629951996,At-Risk
DCI,2022,0.32280892759934676,0.10064719046754975,0.1586250394197414,0.15952535234083914,Healthy
DCI,2023,0.338288445843535,0.10458202168590416,0.03756124115405553,0.030561279731759282,Healthy
DCI,2024,0.35535231296879793,0.11543931071020272,0.04532470560802145,0.031044533315257913,Healthy
DCO,2021,0.22072688340643898,0.20999886894128256,0.026190055982993635,0.026713779945646467,At-Risk
DCO,2022,0.20251158887187612,0.04040351588759601,0.1040016237664875,0.1174438253102935,At-Risk
DCO,2023,0.2155729518938113,0.021041173486641866,0.062389742567754376,0.07042099278268084,At-Risk
DCO,2024,0.25079746894988375,0.0400419044664618,0.03904796880284072,0.020129412374760524,At-Risk
DCPH,2021,0.9650998495600192,-3.119815284769314,1.2845059044360492,0.2647752627866074,Distressed
DCPH,2022,0.9345698170640724,-1.3349473275836343,0.3940591587968548,-0.20056028771531326,Distressed
DCPH,2023,0.9650998495600192,-1.193356840275227,0.2187472022441732,0.18170338239286773,Distressed
DCT,2021,0.5771615133474169,-0.06503168811215672,0.22996900865490003,0.14666894260472785,Healthy
DCT,2022,0.5764714426724152,-0.027505884450195927,0.16349913577875935,0.11907139200429884,Healthy
DCTH,2021,0.8112517580872012,-7.214908579465542,1.1597812879708385,0.22384417621682862,Distressed
DCTH,2022,0.7477013607944097,-13.426995218830452,-0.2351617440225035,0.3021434166488642,Distressed
DCTH,2023,0.6924939467312349,-23.08861985472155,-0.240529606472968,0.10048671114513835,Distressed
DCTH,2024,0.8336782690498589,-0.7092057519150652,4.509057831645275,0.23276269038686112,Distressed
DDD,2021,0.42846213446516546,0.5231182559909298,0.10480044505060657,0.0331340987381809,Distressed
DDD,2022,0.39817965879289485,-0.2280742187717808,-0.12606088957976996,0.009776355463475092,Distressed
DDD,2023,0.40244514607565735,-0.7431080441494953,-0.09286082028730687,-0.0973421876192657,Distressed
DDD,2024,0.3730292351421541,-0.5807334801111512,-0.09824020783946533,-0.031680100661947014,Distressed
DDI,2021,0.6514034773750361,0.2150521055602208,0.013570834565861663,-0.03185573473710765,Healthy
DDI,2022,0.6595146202655852,-0.7288421223136995,-0.11612725595737944,-0.14451741949327898,At-Risk
DDOG,2021,0.7723088617241326,-0.020164582652918397,0.7047919849668416,0.6977864328080371,Distressed
DDOG,2022,0.793001611844069,-0.02994448092651185,0.6282329429695641,0.6544792640800046,Distressed
DDOG,2023,0.8074065512444094,0.022819458559387773,0.2705862336576921,0.24687347696815368,At-Risk
DDOG,2024,0.8079440444812845,0.06845274794870124,0.2611946574802465,0.21656167040502391,At-Risk
DE,2021,0.33863347265128113,0.13544884608395422,0.23871693866066404,0.16504439329168036,At-Risk
DE,2022,0.3278810126100766,0.13562964794491889,0.19428039251317464,0.19642101103615683,At-Risk
DE,2023,0.3842549509395765,0.1659728004440744,0.16497708123323887,0.07999905633669907,At-Risk
DE,2024,0.40492304122515277,0.13728826668729213,-0.1556709278215866,-0.14454225736691495,At-Risk
DEA,2021,0.7937386305755657,0.1377282980426399,0.12152049551571337,0.0627513316630524,Distressed
DEA,2022,0.7725489261118642,0.10719808178306983,0.06820199374226879,0.09316031895398941,Distressed
DEA,2023,0.7494525236137272,0.06546738294101878,-0.021726395237154555,0.0005210221094599492,Distressed
DEA,2024,0.7677519102671063,0.0681273423119198,0.05161422846737946,0.004632417868544388,Distressed
DECK,2021,0.510278735082161,0.14346043394060132,0.23754252858121,0.26657509713750516,Healthy
DECK,2022,0.5032329956887877,0.1424817342773633,0.1513954529972806,0.15040926164280144,Healthy
DECK,2023,0.5563479138189308,0.17714668464651614,0.18208572469885198,0.12967203277150882,Healthy
DECK,2024,0.57879814955516,0.19377580926875176,0.16275363167227294,0.13280890791128871,Healthy
DEI,2021,0.6696406891573035,0.07106621646194401,0.0301439222543894,-0.017826478715858143,Distressed
DEI,2022,0.664046366333485,0.09776561613120087,0.08194168752728939,0.0484911689745749,Distressed
DEI,2023,0.6456273861133105,-0.04184860576508494,0.027007443249749408,0.15796570322223757,Distressed
DEI,2024,0.644940890724375,0.023839355768704423,-0.03332719248046033,-0.10467858955602663,Distressed
DELL,2021,0.21632064191626235,0.054971985335533664,0.16761278412368755,0.1633186720491655,Distressed
DELL,2022,0.22175736307562977,0.02387073440142325,0.01090941431070091,-8.286892208249602e-05,Distressed
DELL,2023,0.23826972010178116,0.038314956177551596,-0.13563894781087185,-0.14001864705272973,Distressed
DELL,2024,0.22235708979040883,0.04805005912082622,0.08076901328809725,0.07608355217192281,At-Risk
DEN,2021,0.9650998495600192,0.04451103198321358,4.509057831645275,1.8793949013163034,At-Risk
DEN,2022,0.9623849406791671,0.2800323562877517,0.36283064157181916,0.1728002715284586,At-Risk
DENN,2021,0.4245706650861181,0.19607759421760335,0.37965038720742883,0.0431779970630591,At-Risk
DENN,2022,0.3854246772225253,0.163688109213043,0.14630538407831753,0.34585632729115023,Distressed
DENN,2023,0.40568457628653093,0.0429921409202409,0.016416573004782782,0.022538307037378573,Distressed
DENN,2024,0.39670464745077755,0.04768821269239102,-0.024978336875595468,0.0055888282732447815,Distressed
DFCO,2022,0.23069478143266417,-0.9139226424285615,4.509057831645275,1.8793949013163034,Distressed
DFCO,2023,0.30464805286289515,-0.6823544891552898,0.18106707668933594,0.09378138559897968,Distressed
DFCO,2024,0.04959234053065808,-1.458897576953697,-0.3327805345235741,-0.07129371573311805,Distressed
DFCO,2025,0.2611029619900267,-1.213949669905185,0.023202009795277482,-0.18542126674087836,Distressed
DFH,2022,0.1840692210685045,0.08206747677895843,0.7372616182669668,0.6961048586843251,At-Risk
DFIN,2021,0.5841135608577469,0.1468841236283097,0.11045276690888765,-0.06320068991006529,At-Risk
DFIN,2022,0.5559021113243762,0.12296065259117082,-0.16077720728883518,-0.10455023671751709,At-Risk
DFIN,2023,0.5819116909182137,0.10311088810837933,-0.04366602687140115,-0.005140255544132766,At-Risk
DFIN,2024,0.6190049878501087,0.11817367949865712,-0.0191921726041144,-0.05713020372010629,At-Risk
DFPH,2024,0.13725305786300368,-0.16436458471017662,0.21333954274470376,0.17986940347043368,Distressed
DG,2021,0.315980833565334,0.07011106137152087,0.01403420332197632,0.02675205419806536,At-Risk
DG,2022,0.31233031547769113,0.06383928513626803,0.10591368920963018,0.11344556899027715,At-Risk
DG,2023,0.3028828291943093,0.042936286262998266,0.02237413304944452,0.050084595623532714,At-Risk
DG,2024,0.29590775781568485,0.02770719162279573,0.049641228412082836,0.07319360968891174,At-Risk
DGII,2021,0.5399861323517976,0.03358692552943311,0.10513443930805562,0.09093351743697871,At-Risk
DGII,2022,0.5571150750209286,0.049927232919054675,0.2578896549936494,0.2184947251754854,At-Risk
DGII,2023,0.5669406922348932,0.05568181562732523,0.14585356429905338,0.10822138936848164,At-Risk
DGII,2024,0.5893370058908703,0.05307207236950708,-0.04676418290251299,-0.04761699691453412,At-Risk
DGX,2021,0.39015572858731923,0.18492769744160178,0.14315990251139132,0.12603803911063488,At-Risk
DGX,2022,0.34736416067995546,0.09571992310027319,-0.0838895068594735,0.005709527774473653,At-Risk
DGX,2023,0.3299827064418504,0.09230436662343278,-0.06384701001720125,-0.05499704316972206,At-Risk
DGX,2024,0.3286061588330632,0.08822933549432739,0.06701253782965845,0.06708385481852315,At-Risk
DH,2022,0.8838281990361684,-0.03243612257638567,0.3400399629259602,0.38262885716727923,Distressed
DH,2023,0.86182208698765,-0.8049957242010222,0.12917858730850246,0.09087888225157068,Distressed
DH,2024,0.8386848637203511,-1.638067897954814,0.003130282600481276,-0.07219668043325801,Distressed
DHHC,2023,0.18915900125497864,0.2967211596235186,-0.11649160445967859,-0.002651245947800337,At-Risk
DHHC,2024,0.172153525664526,0.10115286577502512,0.10021944147880156,0.12717703029983868,At-Risk
DHI,2021,0.28353651950371206,0.15034816484363187,0.367439478905623,0.28898455886573676,Healthy
DHI,2022,0.3137425328554361,0.17495519713261648,0.20543526006149593,0.15382491516517185,Healthy
DHI,2023,0.26368568882471716,0.1338309776539464,0.05915173237753883,0.13312440176614074,Healthy
DHI,2024,0.2591042732069976,0.129245083067492,0.037816832297436015,0.0513202174475796,Healthy
DHIL,2023,0.4826468879868088,0.3088614896017098,-0.1150815931380083,0.12252978560019746,Healthy
DHIL,2024,0.5063447808917152,0.28576519120262056,0.10517218892534823,0.059191926553177523,Healthy
DHR,2021,0.614426255947101,0.25937424401257964,0.11299587147729312,0.020605993463690245,At-Risk
DHR,2022,0.6075892354464587,0.2705776376534174,0.07422788484799613,0.037014925373134326,At-Risk
DHR,2023,0.5874424445374634,0.19941398074508163,-0.10332920466914386,-0.021929135918773223,At-Risk
DHR,2024,0.5950157068062827,0.1633089005235602,-0.0006278777731268313,0.017337328767123288,At-Risk
DHRM,2021,0.13718229544761124,0.015260339403886417,0.12357863738325535,0.12012104335585963,Healthy
DHRM,2022,0.12592536184663713,-0.0333836548036271,-0.27604793317131165,-0.24454638703076306,Healthy
DHRM,2023,0.11193129021892993,-0.03940645159566402,-0.12981079165923082,-0.11400313366794533,At-Risk
DHRM,2024,0.1064183830051733,-0.03506704565320142,-0.17461153014469963,-0.1791527932517329,At-Risk
DHT,2021,0.687665834045962,-0.03893825649900457,-0.571872209817391,-0.1355789600616081,Distressed
DHT,2022,0.5915357429895738,0.13546334320536393,0.5350359807066347,0.26643860806046615,At-Risk
DHT,2023,0.7044595009240825,0.28784635254996827,0.2343106276629711,-0.08013167941320049,At-Risk
DHT,2024,0.6858491044522914,0.3172167975752615,0.02001048958534027,0.05878142638646223,At-Risk
DHX,2021,0.874164950001251,-0.24805050749355728,0.07858447201057868,0.13225531914893618,Distressed
DHX,2022,0.8823690539818279,0.027899518973810798,0.24834241011484284,0.2208608939667268,Distressed
DHX,2023,0.8697177998130078,0.02298555419481426,0.01468466060929984,-0.020577229598921883,Distressed
DHX,2024,0.8574468384932993,0.0017826191113678959,-0.06552627767023532,-0.06064690968269157,Distressed
DIBS,2021,0.6868812724494067,-0.20405719792467708,0.2549136972747151,0.3105986957804018,At-Risk
DIBS,2022,0.6936468110150853,-0.23271277968796786,-0.05725632963759722,0.05411554873983198,Distressed
DIBS,2023,0.70347409191819,-0.26804355013934156,-0.12560790508936592,-0.11460581765854662,Distressed
DIBS,2024,0.7186512118018967,-0.21112206397226282,0.042192149638656654,-0.004732903502348592,Distressed
DIN,2021,0.418699862860382,0.10920286062753928,0.30017206659818824,0.17981336562425576,Distressed
DIN,2022,0.4149518034928448,0.08919157864178878,0.014768452754899478,0.042490038509707034,Distressed
DIN,2023,0.47743953796173744,0.11430634099386355,-0.08610273564386267,-0.12279146763682776,Distressed
DIN,2024,0.4620214206573926,0.07768065985473348,-0.022620623270364577,0.001865381625990984,Distressed
DINO,2022,0.1956026698076168,0.07650831043057192,1.0775846964475015,0.9360025614576363,Healthy
DINO,2023,0.1848642222500313,0.04974346139406833,-0.16335558173014003,-0.12854674826505813,Healthy
DINO,2024,0.1413925822253324,0.006193142057382786,-0.10586910274058316,-0.04845267296125802,At-Risk
DIOD,2021,0.37135725214689874,0.1267271303074184,0.4685486265624809,0.39656843357140314,At-Risk
DIOD,2022,0.41349858541023105,0.1655934778914115,0.10825510397404776,0.04389145095494826,Healthy
DIOD,2023,0.39608025086972143,0.1367134068587185,-0.16937138229913326,-0.11554110867034494,Healthy
DIOD,2024,0.3324348648483739,0.03357739947525779,-0.2109952284925611,-0.10761318475804567,Healthy
DIS,2021,0.3305793704945267,0.029591503752706992,0.03104545176484982,0.035149527551384875,Distressed
DIS,2022,0.3423635792171369,0.03801890669954788,0.22700169094307157,0.19123574711021188,Distressed
DIS,2023,0.33405700915656145,0.02647978582195325,0.07465970358550325,0.05205919528123025,At-Risk
DIS,2024,0.3575157890128173,0.054421470868313615,0.027705910144210217,-0.005744249493154456,At-Risk
DISH,2021,0.34353708322069115,0.1348150388460311,0.15410856275577364,0.16915732027698333,Distressed
DISH,2022,0.31825663826058087,0.1380884224481122,-0.06720495924580952,-0.0030201516261912074,Distressed
DISH,2023,0.2682728598880896,-0.07925570614565931,-0.08299569642973519,0.01784048248496403,Distressed
DISH,2024,0.23232179766702596,-0.004647840870466501,-0.0655393417808384,-0.02836765870322382,Distressed
DIT,2021,0.06012321440990759,0.009295302616650769,0.09932421438791886,0.09448982815090251,Healthy
DIT,2022,0.06351684333583747,0.008291361841331496,0.2023583701948883,0.20165135961881672,Healthy
DIT,2023,0.06726190290424269,0.0045655180441558025,0.26317736176220374,0.2644765047122709,Healthy
DIT,2024,0.06726511500278592,0.0015996013351783195,0.06731749828929486,0.07118940138503192,Healthy
DJCO,2023,0.3582832415188527,0.31682641893987507,0.25366142679923714,0.17514341116587218,At-Risk
DK,2021,0.02352510283428185,-0.012048984804943558,0.45829795392916817,0.3538270886812256,At-Risk
DKNG,2021,0.38723249937308307,-1.1752821126135684,1.1089625926721474,0.9602589676962631,Distressed
DKS,2021,0.38328682587229146,0.12363340949363917,0.28269445208737587,0.16017147557795033,At-Risk
DKS,2022,0.3464173196451092,0.08434033801852137,0.0060870218804155215,0.06300053660906933,At-Risk
DKS,2023,0.34916787446226816,0.08059818556099516,0.049821404864314106,0.07307124440598362,At-Risk
DKS,2024,0.358978665906312,0.0866860886408826,0.035307756639333096,0.022806547989862275,At-Risk
DLB,2021,0.898517548405627,0.24212725637967744,0.10282735635983033,-0.0007777065942507084,Healthy
DLB,2022,0.8872541161100755,0.14682407702068842,-0.021434436209469457,0.10214599302283793,Healthy
DLB,2023,0.8826184233202846,0.1543811704458724,0.03664959048263948,0.00035212456527087063,Healthy
DLB,2024,0.8896964091822307,0.20555914521311966,-0.02002163502966738,-0.026924671867917797,Healthy
DLHC,2024,0.195712954333644,0.018682265107832812,0.05338253447982292,0.06200822616515873,At-Risk
DLR,2021,0.6453143963637694,0.3948522115087981,0.13430469086427457,0.13461961391786234,Distressed
DLR,2022,0.6108521742244077,0.08222456293210714,0.059611344656429414,0.09867192125961928,Distressed
DLR,2023,0.5651562032995433,0.17701975566823155,0.16736035418132866,0.17851045879754845,Distressed
DLR,2024,0.5826552016141228,0.1107459124877047,0.014224234493645406,0.010212200614167973,Distressed
DLTH,2021,0.540126885242147,0.04251743526905855,0.09361708123102838,0.06495131539552987,At-Risk
DLTH,2022,0.5256870047313131,0.0035266727587489497,-0.0648125350709435,-0.011320351115762775,At-Risk
DLTH,2023,0.5025213358672977,-0.015344505250656816,-0.010142245529284088,0.014177623648535875,At-Risk
DLTR,2021,0.2939569624485206,0.05044982751546282,0.03182760797042647,0.03760996384634272,At-Risk
DLTR,2022,0.3751289621386627,0.10481783084060604,-0.41448338221661624,-0.4568621530979445,At-Risk
DLTR,2023,0.3587190351049693,-0.05949550387042566,0.08886870194335399,0.1272817415603732,At-Risk
DLTR,2024,0.35807378331484485,-0.17237534488153142,0.04751774317535799,0.07396079058547572,At-Risk
DLX,2021,0.562718172364018,0.030972748945824764,0.1292262984697738,0.16217544695186437,Distressed
DLX,2022,0.5388242233055259,0.02922015540591865,0.1067220453793572,0.10961144320391301,Distressed
DLX,2023,0.5303581691952597,0.011914645160701742,-0.0204422679076501,-0.019611763997223218,Distressed
DLX,2024,0.5309033392545155,0.024885932015905655,-0.032158138177041044,-0.04087639029131592,At-Risk
DM,2021,0.16273752757810833,-2.1380506725499964,4.509057831645275,1.6563648928818244,Healthy
DM,2022,0.07210211316457997,-3.541921223980136,0.8595028823571276,0.5331723798225348,Distressed
DM,2023,-0.05318980695632004,-1.7041349935160097,-0.09245394047545007,-0.11424796260515038,Distressed
DMRC,2021,0.6690422322775263,-1.3106711915535445,0.10546060858691121,0.16870587821065788,Distressed
DMRC,2022,0.5074345133622545,-1.980262940027155,0.1386500754147813,0.3721417166269997,Distressed
DMRC,2023,0.5786060658230754,-1.3187283004791828,0.15412127032486672,-0.09093104697500302,Distressed
DMRC,2024,0.6309282107345515,-1.0154094434900307,0.10235000430403719,-0.037230702347599266,Distressed
DMTK,2021,0.1076195303260686,-6.6172495353944925,1.0115548003398471,1.1672900374022441,Healthy
DMTK,2022,0.04456536713045874,-8.037126325940212,0.2263895928366278,0.4868774933883186,Distressed
DMTK,2023,0.018043933054393304,-6.59571129707113,0.05358864857418377,-0.10286170798067575,Distressed
DNAY,2021,0.38929638685139906,-3.5278456941048626,0.6792883211678832,1.0236735405676418,Distressed
DNAY,2022,0.5684344815017314,-1.766757791142701,1.484379244770443,0.592519981903182,Distressed
DNAY,2023,0.6161619833509033,-1.7348504125922426,0.002697284490614179,-0.15234036796536796,Distressed
DNMR,2021,0.015047064630887334,-1.0231152870687161,0.24118479707603574,1.5073569050261615,Distressed
DNMR,2022,-0.19568567026194145,-3.3777669209665904,-0.09414628334099304,0.12028025977146688,Distressed
DNOW,2021,0.21875,0.0030637254901960784,0.008029647930821495,-0.059371362048894066,At-Risk
DNOW,2022,0.23689138576779026,0.0599250936329588,0.3088235294117647,0.23452970297029702,At-Risk
DNOW,2023,0.23222748815165878,0.1077121930202499,0.08661048689138577,0.0912280701754386,At-Risk
DNOW,2024,0.22376738305941846,0.03286978508217446,0.02240413614821198,0.03720716582452917,At-Risk
DNUT,2021,0.7442247168610602,-0.017701646427923903,0.23382048347824846,0.20177301665121905,Distressed
DNUT,2022,0.7344744551597557,-0.010211138258890463,0.10510542180641162,0.10978799052177156,Distressed
DNUT,2023,0.7371200115769846,-0.022492681352988902,0.10210223165204478,0.11525282975329461,Distressed
DNUT,2024,0.7543066307913369,0.0018584157411115788,-0.01228097436457063,0.009333680584585051,Distressed
DO,2023,0.11252346051190186,-0.04232805234718736,0.2554458811474923,0.10996536252563578,Distressed
DOCS,2021,0.8841879446249141,0.5132004843573532,0.660478402296795,0.4975324556948839,Healthy
DOCS,2022,0.8723547435640445,0.26922195813407407,0.219777149044675,0.2779507156148375,Healthy
DOCS,2023,0.8934231062087997,0.3104231608970557,0.1345179118581942,0.032877010587050594,Healthy
DOCS,2024,0.9020440077910375,0.391278736463423,0.19977409543521335,0.12083673684487892,Healthy
DOCU,2021,0.7786407923641322,-0.033207843725337687,0.45020291841901877,0.33326838371333983,Distressed
DOCU,2022,0.7869212592635284,-0.03873501290782876,0.19395381482555393,0.18741162797237745,Distressed
DOCU,2023,0.7926699982113645,0.026786082823234303,0.09776443162825453,0.04824331003400747,Distressed
DOCU,2024,0.7911610658509194,0.35874324218549225,0.07779369285146867,0.017490861586885575,Distressed
DOLE,2021,0.05787535421726964,-0.0012145553497554316,0.36765357268015036,0.38477136401639206,At-Risk
DOLE,2022,0.07475671398856712,0.01077911964291923,0.3500597855996032,0.32716628737822967,At-Risk
DOLE,2023,0.08419010758655752,0.015046569741577837,0.027524165972222483,0.020899365795766466,At-Risk
DOLE,2024,0.08468341635258891,0.014809194152968204,0.027903883779156723,0.02575438931409479,At-Risk
DOMA,2021,0.040786177767663065,-0.20259370693656223,0.36169823383290955,0.5040790332865231,Distressed
DOMA,2022,-0.1850663817838571,-0.6865562121036574,-0.21120594649516256,-0.013268766996374625,Distressed
DOMO,2021,0.7397048391035854,-0.3958389058811216,0.2273337139594633,0.22299260409863556,Distressed
DOMO,2022,0.7632296003499166,-0.34198188857749195,0.1964793127643326,0.14746659507953966,Distressed
DOMO,2023,0.7634087695813963,-0.2369015859481048,0.033514231560530704,-0.05948913005197249,Distressed
DOMO,2024,0.7445370358688383,-0.258434160558156,-0.006097388938176552,0.006569128306630647,Distressed
DOOR,2021,0.23557868551976957,0.03638964619626327,0.15056876709901088,0.11808264146951533,At-Risk
DOOR,2022,0.2330456235408604,0.07408581910836132,0.11350638448623754,0.11721241679459672,At-Risk
DOOR,2023,0.23517793333439313,0.04176606805042578,-0.021092185980017893,0.0055225440464938035,At-Risk
DORM,2021,0.3441117592356508,0.0977752074151328,0.23106974343581502,0.2233985667752443,At-Risk
DORM,2022,0.32556615750030715,0.0701076107325801,0.28879411915563585,0.33143363965858336,At-Risk
DORM,2023,0.3551804654189994,0.06698093262057801,0.11307230746780532,0.09747674059209023,At-Risk
DORM,2024,0.4013339657584597,0.09456713303872144,0.041149079588016925,0.0007346818827447715,At-Risk
DOUG,2022,0.2743499046547061,-0.0048752273068228035,-0.1477757627086077,-0.07459553651362066,At-Risk
DOUG,2023,0.26101061347163707,-0.04453011685074374,-0.17135183931001052,-0.12094482421453238,At-Risk
DOUG,2024,0.25291399289091193,-0.07665119567870297,0.04191075977052632,0.02747769967121877,At-Risk
DOV,2021,0.3755856301459413,0.14212804952927635,0.18302886399272267,0.15211868039305323,At-Risk
DOV,2022,0.3703325550912053,0.13581748696548546,-0.007955780394813206,-0.009212788086403998,At-Risk
DOV,2023,0.3731606423131519,0.1375276596608539,-0.020358803871510244,-0.015141518825482331,At-Risk
DOV,2024,0.3819591735456742,0.3482000627686176,0.007994429288347052,0.011510662730064765,At-Risk
DOW,2021,0.1960595255421336,0.11481225440256149,0.42618442218878105,0.30831434446729283,At-Risk
DOW,2022,0.15050437594460653,0.08052441038979298,0.035184107116867994,0.08748752150549054,At-Risk
DOW,2023,0.1093630944377213,0.013199766931110215,-0.21580963762257918,-0.1694921875,At-Risk
DOW,2024,0.10720603295782516,0.02597523508053254,-0.037156559544619244,-0.034405719392314564,At-Risk
DOX,2021,0.34455515035069395,0.16051102447395912,0.028687906253695397,0.03236063420867022,At-Risk
DOX,2022,0.35378134056067073,0.12006497262108459,0.06716744702283241,0.06015072845219728,At-Risk
DOX,2023,0.35347137113686816,0.11062986567912349,0.06792081713078231,0.06410158746389223,At-Risk
DOX,2024,0.3507282433587766,0.09854107571465193,0.024028194084970998,0.019851253729887556,At-Risk
DPZ,2021,0.38744491233594186,0.11715017282201914,0.05827982681350004,0.054601595804431254,At-Risk
DPZ,2022,0.36335653287807035,0.09967979955734405,0.04125995181041421,0.059670978049827156,At-Risk
DPZ,2023,0.38563941529120915,0.11589116118872392,-0.012739252192672152,-0.034486015482246495,At-Risk
DPZ,2024,0.39276213577380326,0.12412204955957995,0.05068985332273062,0.04578775797950099,At-Risk
DRI,2022,0.2071651090342679,0.09894080996884735,0.3382248718055613,0.2949180528375734,At-Risk
DRI,2023,0.20111939586948646,0.09362306680142642,0.08907580477673936,0.09761741717632058,At-Risk
DRI,2024,0.21374012291483757,0.09021949078138718,0.08602376094128415,0.08248176752791343,At-Risk
DRI,2025,0.21881805460100856,0.08691115950549405,0.06028972783143108,0.059800862531549974,At-Risk
DRIO,2022,0.34911050043390224,-2.248806768874747,0.34821820309072293,-0.12927933035760306,Distressed
DRIO,2023,0.2940251572327044,-2.919958726415094,-0.2641018223893549,-0.09382473421258258,Distressed
DRIO,2024,0.49064349112426037,-1.580880177514793,0.32861635220125784,0.10769391567917848,Distressed
DRQ,2021,0.24838733687292214,-0.3984921599761822,-0.11651546826751567,-0.02018615234883689,Healthy
DRQ,2022,0.33844332807493327,0.13544411362425057,0.4488816801468764,0.08210032681201594,Healthy
DRQ,2023,0.35179708355308986,0.13307076550881217,0.18910976071782512,0.1779621134940295,Healthy
DRQ,2024,0.35204289326773636,0.2123552707841823,0.18948084652922656,0.2634176109298926,At-Risk
DRRX,2021,0.8601273520784145,-2.5946197324175433,-0.5358174753412375,0.12928895754341618,Distressed
DRRX,2022,0.9176476689311829,-1.8323393662811802,0.3796236674536739,0.1267357512953368,Distressed
DRRX,2023,0.8965250965250965,-10.665637065637066,-0.6509892588799009,-0.22244090867285937,Distressed
DRRX,2024,0.9615952732644018,-4.098473658296406,-0.21583011583011583,-0.47722532627691366,Distressed
DRS,2023,0.22929936305732485,0.059447983014861996,0.049387300408466395,0.2171669793621013,Distressed
DRS,2024,0.22758194186765615,0.06586270871985157,0.14437367303609341,0.13333333333333333,At-Risk
DRTT,2021,0.15895062773979796,-0.36362158096928715,-0.13943454203035444,0.07941217663749682,Distressed
DRTT,2022,0.16356782314229124,-0.3192534894662554,0.1664577588368012,0.04639863903733036,Distressed
DRTT,2023,0.3272779240481281,-0.08016225931809312,0.0567492056853759,-0.1422870080783309,Distressed
DRTT,2024,0.36930693637307604,0.08473263612008283,-0.04187301779245978,-0.09807722168975322,Distressed
DRVN,2021,0.8724967286407502,0.0065645275612016794,0.6227383322273833,0.5586796614764646,Distressed
DRVN,2022,0.9567252313355243,0.021241455562036875,0.38568916634861783,0.3902694165798336,Distressed
DRVN,2023,0.9577739689908417,-0.323330131695391,0.13320666891600114,0.17868233787669202,Distressed
DRVN,2024,0.9565662843201452,-0.1250203027199661,0.015433399492801522,0.04180418590025659,Distressed
DS,2021,0.9545383589248716,-0.11129126103369001,0.2812757117466032,0.15586202072720065,Distressed
DSKE,2021,0.1527293364594039,0.03597122302158273,0.07062787978818513,0.04317241440576062,At-Risk
DSKE,2022,0.14757785935825862,0.028308802797045056,0.13906731757451182,0.14526942197026002,At-Risk
DSKE,2023,0.12590154071619727,-0.011278195488721804,-0.11498336434895393,-0.08849753634156267,At-Risk
DSP,2021,0.42173856786554054,-0.03454291540064339,0.356282261529431,0.8602910429037384,At-Risk
DSP,2022,0.4079921691146636,-0.06042055505964457,-0.12028448156625485,-0.07677898412270251,At-Risk
DSP,2023,0.4595754797383979,-0.015444032763059919,0.1306804349590197,-0.021093382245524046,At-Risk
DSP,2024,0.4566217781388836,0.008166369906823172,0.29740192164497115,0.1845831778800315,At-Risk
DSX,2021,0.9650998495600192,0.2679420923143,0.2619997289861135,-0.14063913004159884,Distressed
DT,2021,0.8140008284513877,0.0564326022518815,0.3211558061090903,0.38681400258023163,Distressed
DT,2022,0.8076087800920132,0.09318619284783303,0.2464750469366127,0.2565396197316946,Distressed
DT,2023,0.8137382648389059,0.10809420284789553,0.23478028190897085,0.22183239671996088,Distressed
DT,2024,0.8115057370916174,0.2847405902101805,0.18745010590480451,0.16674218396012688,At-Risk
DTC,2021,0.641310621053857,0.026481421391717466,4.509057831645275,1.8793949013163034,At-Risk
DTE,2021,0.3846565089548249,0.0607457898957498,0.30998861945198286,0.3666971823822602,Distressed
DTE,2022,0.3155814437278968,0.05632411067193676,0.28495054798182307,0.3013545698124442,Distressed
DTE,2023,0.5089839152608866,0.10961161239701844,-0.3371645516954441,-0.4002859593937661,Distressed
DTE,2024,0.5298225897085975,0.11270771453801076,-0.022597096900745392,-0.014114056837688346,Distressed
DTEA,2021,0.4151124691322437,0.5635498732008526,-0.14474138356096838,-0.12348733712220374,At-Risk
DTSS,2022,0.05594976755045442,-0.38181265624532557,4.509057831645275,1.8793949013163034,Distressed
DTSS,2023,0.03721300083225982,-2.134746435428449,-0.6509892588799009,-0.47722532627691366,Distressed
DTSS,2024,0.01977425884119227,-0.5088414529493345,4.509057831645275,1.8793949013163034,Distressed
DTSS,2025,0.034125335361162364,-0.07100653170581994,1.9870377575918319,1.126561448530292,Healthy
DUK,2021,0.48568295357621544,0.15872629056496487,0.05371051955833262,0.05339914740857079,Distressed
DUK,2022,0.4510567296996663,0.08864015572858731,0.1684334511189635,0.18977635782747604,Distressed
DUK,2023,0.4733654507914659,0.0977632484514797,0.010150166852057841,-0.017320085929108487,Distressed
DUK,2024,0.5006094146325395,0.14902658365451132,0.044631796283551274,0.021041125836862958,Distressed
DUOL,2021,0.7241079546360838,-0.2397994991466352,0.5508856125074213,0.7488281271981407,At-Risk
DUOL,2022,0.7309002828184414,-0.1612308691592579,0.47343004801173977,0.3987109811151976,At-Risk
DUOL,2023,0.7324372209847696,0.030251793887883655,0.43739157498748293,0.252313142699395,At-Risk
DUOL,2024,0.7277560613028459,0.11841063923082681,0.40841898743948984,0.25912801634188637,At-Risk
DV,2021,0.8365635734700563,0.08808051908240944,0.3641566598474071,0.3751538897026447,Healthy
DV,2022,0.8278892528590817,0.09563722044657816,0.35967013382781204,0.285361877035977,Healthy
DV,2023,0.8137589665754362,0.12482206576623939,0.26551772917965244,0.23747693152412086,Healthy
DV,2024,0.82261524338166,0.08560719434755933,0.14724832894647213,0.17997148820088082,Healthy
DVA,2021,0.31383481439601707,0.08421267709557194,0.005903847106177305,0.0008788871548731692,Distressed
DVA,2022,0.2928830357968815,0.04826917455060313,-0.0007662583312196607,0.045590110194952176,Distressed
DVA,2023,0.31469388303123513,0.05696265457082192,0.045672510016025986,0.02348098812199486,Distressed
DVA,2024,0.32905563943802646,0.07306295867130166,0.05563384034806168,0.030512724752598502,At-Risk
DVAX,2021,0.6050172719039145,0.17456911264740285,4.509057831645275,1.512510983551362,Distressed
DVAX,2022,0.6372503573489344,0.4056495033091964,0.6445469481751858,0.43864150400711216,At-Risk
DVAX,2023,0.7840273113946721,-0.027505123039038418,-0.6509892588799009,-0.41385311283825693,Distressed
DVAX,2024,0.8216565793555182,0.09850097025746088,0.19356477415577483,0.09057787045686223,Distressed
DVN,2021,0.8254137309519908,0.230460429297067,1.528169014084507,0.8077312284962558,At-Risk
DVN,2022,0.8540873284991393,0.3137878866920549,0.5704571522202195,0.25660546350201524,At-Risk
DVN,2023,0.8081006685017695,0.24557609123082974,-0.20402733580259794,-0.08063079116179615,At-Risk
DVN,2024,0.8003136762860728,0.1813676286072773,0.04469786341591296,0.13945149723810446,At-Risk
DWSN,2023,0.4681453028519505,-0.1254259339570039,1.5839381003201707,0.7516344120995284,Distressed
DWSN,2024,0.42894516816355155,-0.05554656525608868,-0.23431014187472896,-0.26929290303412934,Distressed
DXC,2021,0.2202274823240086,0.04414386719950815,-0.08257656946246263,-0.12769010043041606,Distressed
DXC,2022,0.22065142065142065,-0.03936243936243936,-0.11281893636643099,-0.10551619433198381,Distressed
DXC,2023,0.2261652154825492,0.006658374185995464,-0.05287595287595288,-0.06478076379066477,Distressed
DXC,2024,0.2409292207287701,0.03022298189728848,-0.05824248189068559,-0.061932849364791286,Distressed
DXCM,2021,0.6863385746375332,0.08858484786604043,0.2708257642601339,0.28785644051130777,At-Risk
DXCM,2022,0.647157880266685,0.11725891813870369,0.1884010618746171,0.20185149837755298,At-Risk
DXCM,2023,0.6318913397565082,0.14949065510863263,0.2448621898412262,0.20090526482966728,At-Risk
DXCM,2024,0.6045623605256633,0.14287131167865114,0.11338100102145046,0.13502611915625207,At-Risk
DXLG,2021,0.49468041923009143,0.11229830046671327,0.5834059684084453,0.2215045801108003,At-Risk
DXLG,2022,0.4994119134248623,0.163277382666652,0.08082238164353561,0.09435881316164667,At-Risk
DXLG,2023,0.4837384896946236,0.05337907112674032,-0.04401122677424437,-0.015707483007154126,At-Risk
DXLG,2024,0.46507071507339165,0.006541545774760982,-0.10501806195682378,-0.03705016101968713,At-Risk
DXPE,2021,0.2949096031047085,0.014808949647237103,0.10808582007150347,0.10381059163394313,At-Risk
DXPE,2022,0.2850005942605238,0.03251888127755208,0.3293869134346152,0.2877072502197262,At-Risk
DXPE,2023,0.3010193017991183,0.0409936852138687,0.1335519491745181,0.11336871330653324,At-Risk
DXPE,2024,0.30869292579520985,0.039116223835208984,0.07353747170260931,0.07583717671140182,At-Risk
DXYN,2021,0.22639026863239822,0.004735572766940076,0.3602597371536539,0.3155183720514298,At-Risk
DXYN,2022,0.1766445959745693,-0.11555489672892579,-0.11040976184406016,-0.011628714980165624,Distressed
DXYN,2023,0.26734529190173084,-0.009835602855871145,-0.08968936324406232,-0.182532355979972,Distressed
DXYN,2024,0.2471870684385683,-0.04905179114501974,-0.040952729036016836,0.007990935878068116,Distressed
DY,2021,0.15864525977960842,0.015516277013492012,-0.021457474059637438,-0.009323654105592048,At-Risk
DY,2022,0.1701994138316202,0.03734132045954509,0.21655929895330456,0.18004887566616956,At-Risk
DY,2023,0.1948855414848354,0.052429438443672656,0.09639376735280542,0.0707791689816597,Healthy
DY,2024,0.19824207243959716,0.049641068699497706,0.12607607960007414,0.13209248553112835,At-Risk
DYNT,2022,0.2407256990483889,-0.09005978778257898,-0.07239040664199456,-0.047799448050984586,Distressed
DYNT,2023,0.2499448156942688,-0.12246847845861787,-0.08410566079268825,-0.07401174544343592,Distressed
DYNT,2024,0.23467714433208495,-0.08292008059884493,-0.19885574689507635,-0.23435502513306175,Distressed
DYNT,2025,0.21943866066142126,-0.39796824485000143,-0.15801338693270248,-0.1425156763667138,Distressed
DZSI,2021,0.34342072951348634,-0.09903599595666551,0.1648682810005322,0.2012435888657387,At-Risk
DZSI,2022,0.3174073079590969,-0.11543151865028753,0.020907694328480952,0.056181513681656185,Distressed
DZSI,2023,0.16536695278092425,-0.5529461317325111,-0.3160228010113893,-0.09184782748367433,Distressed
EA,2021,0.734086682877986,0.11285939064511515,0.24196127198436668,0.2875027454425653,At-Risk
EA,2022,0.7586856988957716,0.10799892270401293,0.062222857960234586,0.02064141931081542,At-Risk
EA,2023,0.7738693467336684,0.16834170854271358,0.01831403178023162,-0.00016714023065351831,At-Risk
EA,2024,0.7932466836392872,0.15020769127696637,-0.013091774662787622,-0.0160481444332999,At-Risk
EACO,2021,0.2554399441927703,0.03524512317092645,0.05645852294168572,0.04862572391575576,Healthy
EACO,2022,0.28541642455274435,0.07283242526370479,0.22944839932426186,0.16772993442812176,Healthy
EACO,2023,0.2893452349270657,0.06632811203611806,0.09172414736021767,0.10982397445158347,Healthy
EACO,2024,0.2981548489603656,0.0419699576959894,0.11532356283872422,0.13384969015165268,Healthy
EAF,2021,0.4788666565610631,0.28855213451152784,0.09917581497613857,0.31767418741899356,At-Risk
EAF,2022,0.4330747317073171,0.2988971707317073,-0.0479555472332938,-0.03667480786998904,At-Risk
EAF,2023,0.0583593875906527,-0.41136180499597097,-0.5157073170731707,-0.17741337883569952,Distressed
EAF,2024,-0.03684792736208708,-0.24344725696107145,-0.13169701853344076,-0.07979422132505799,Distressed
EAR,2021,0.12969304526492748,-4.911088973289335,-0.5355004771958238,0.8152271088680606,Distressed
EAR,2022,0.38283934707903783,-4.228065936426117,0.15957910466347053,-0.2108892172282859,Distressed
EAT,2022,0.13122683420519965,0.030914013827186455,0.13970279825034454,0.15832665491264625,At-Risk
EAT,2023,0.12099583857543791,0.02482338139939998,0.08651192134801924,0.09484142358997066,At-Risk
EAT,2024,0.1420805870761704,0.03517474122896424,0.06820381302622665,0.04706655544602007,At-Risk
EAT,2025,0.18245978975520968,0.07115263177445118,0.21949672714094812,0.16611544311131496,At-Risk
EB,2021,0.6243654279820877,-0.7432107473788836,0.7653151708393865,-0.16226181947246998,Distressed
EB,2022,0.6522169035783955,-0.2122586010646656,0.39433240351833443,0.20696161812703992,Distressed
EB,2023,0.6837802866306487,-0.08119055357613741,0.2499051458837146,0.1937081733941346,Distressed
EB,2024,0.6969710952785263,-0.0479007469206443,-0.0032685951173444046,-0.031056424889794074,Distressed
EBAY,2022,0.7263910158244002,-0.12955589586523736,-0.05998080614203455,0.005371024734982332,At-Risk
EBAY,2023,0.7198378164556962,0.27363528481012656,0.032363450740173556,0.0981301841698299,At-Risk
EBAY,2024,0.7199260916075075,0.19206457259554605,0.016910601265822785,-0.02547689156318013,At-Risk
EBF,2021,0.2867974620888269,0.07245246416375427,0.11744181823768832,0.10612849908675658,Healthy
EBF,2022,0.30347098558020735,0.1095320688130012,0.07955471558495453,0.04171280708492547,Healthy
EBF,2023,0.2983559028728259,0.10139511412514371,-0.027158395413084103,-0.02148393347327628,Healthy
EBF,2024,0.29723428733610735,0.10192641998084223,-0.06067710998812213,-0.057467470853719914,Healthy
EBIX,2021,0.2910211490565241,0.0685349237841956,0.5903511618279149,0.7744303023059361,At-Risk
EBIX,2022,0.3129383914236687,0.06155810715843321,0.05548888473452617,0.06150505521001726,At-Risk
EBS,2024,0.3471636642391721,-0.1826370256803373,-0.005432192890498427,-0.10049568276303165,Distressed
ECL,2021,0.40188956342131926,0.08873722816910258,0.07997319807976115,0.07998120392759596,At-Risk
ECL,2022,0.3775638224389969,0.07694639056090444,0.11424554900220685,0.13169988850515324,At-Risk
ECL,2023,0.40242947220010183,0.08957454863513531,0.0798150523689367,0.05860726643598616,At-Risk
ECL,2024,0.4346309731027736,0.13419390905510312,0.02749311366692341,-0.006703741535202209,At-Risk
ECOM,2021,0.7720608839258566,0.28149574611426764,0.15617762214624462,0.18107280058418262,At-Risk
ECOR,2021,0.7459181801504311,-3.158686479545038,0.5592854576535714,-0.0822807285756521,Distressed
ECOR,2022,0.8119180633147114,-2.5793761638733708,0.5762245459548707,0.23425119635992783,Distressed
ECOR,2023,0.8250779787897692,-1.174922021210231,0.8656890130353817,0.12181402148350601,Distressed
ECOR,2024,0.8496942260344691,-0.47200381224684296,0.5709295071740487,0.05793365251140259,Distressed
EDHL,2024,0.5892009636851692,0.13733889112500397,-0.022421413591130937,0.2881731568360575,Healthy
EDNT,2021,0.2531585971812735,-24.696043881430608,-0.18515949786560842,1.8793949013163034,Distressed
EDR,2022,0.6147364317818326,0.025787387698266016,-0.013807397149070852,-0.13721655296411295,Distressed
EDR,2023,0.5971575607605263,0.06492997257036663,0.09648808022520955,0.14751907090437108,Distressed
EDR,2024,0.5362485800132809,-0.11002896646342235,0.29507754549128473,0.40605833583547113,Distressed
EEX,2021,0.7438313144908031,-0.3566621803499327,-0.04906143344709898,0.10186832740213524,Distressed
EEX,2022,0.6425283829395521,0.216630868364529,0.462090623598026,0.29592248687928946,Distressed
EEX,2023,0.6431535269709544,-0.021265560165975105,0.18318502608162013,0.09314641744548287,Distressed
EEX,2024,0.6315263552335748,0.005495878091431427,0.03812240663900415,-0.013394129381590196,Distressed
EFOI,2021,0.17212366953877345,-0.7993917891535732,-0.413774661278821,-0.11284473709323409,Distressed
EFOI,2022,-0.05328418230563003,-1.72235254691689,-0.39503294475418144,-0.1972785456892379,Distressed
EFOI,2023,0.03900647192583523,-0.7509183138009445,-0.04205764075067024,-0.35088777219430484,Distressed
EFOI,2024,0.14382716049382716,-0.32551440329218106,-0.1499037956970439,-0.30821635012386456,Distressed
EFX,2021,0.5976969475415829,0.1511403562216942,0.1929497274379164,0.09707612506882263,At-Risk
EFX,2022,0.574948264417633,0.13591816016555386,0.04027295436544203,0.07403787738714705,At-Risk
EFX,2023,0.5565030768061991,0.10356681607536276,0.02791769161688337,0.06526978505730166,At-Risk
EFX,2024,0.5566527609089789,0.10633504074915069,0.07899035174352351,0.07096684827777265,At-Risk
EG,2023,0.4222938232672928,0.17261945567971482,0.2095356550580431,0.08152317298390643,Distressed
EG,2024,0.34581332098836876,0.0795092876569643,0.18468499348735176,0.271588876240039,Distressed
EGAN,2022,0.7331513523507085,-0.026546747724331438,0.17453727949723452,0.3261684614083554,Distressed
EGAN,2023,0.7213067920947649,0.02151799287835039,0.065904666615915,0.026921319176524353,Distressed
EGAN,2024,0.7026820253655593,0.08383349676195813,-0.05313689279774719,-0.10132268013495892,Distressed
EGAN,2025,0.7012020671483982,0.3647363481132182,-0.04711054599528033,-0.03263773723972729,Distressed
EGHT,2021,0.6120571043517778,-0.2748389826524376,0.19871737072269058,0.16769222379597137,Distressed
EGHT,2022,0.6754097787718869,-0.0983186770940589,0.16580947455847556,0.014614948672865724,Distressed
EGHT,2023,0.6913634461133106,-0.09275632800653213,-0.020476168712984147,-0.072869316414754,Distressed
EGHT,2024,0.6786356580474638,-0.03805501559287902,-0.018711275481847936,-0.060913167506178936,Distressed
EGRX,2021,0.7541184288762198,-0.050289718209693024,-0.08655924857030277,0.08995272783632982,At-Risk
EGRX,2022,0.700148447616942,0.11257382900097912,0.8456274118895224,0.39622104907659217,At-Risk
EGY,2021,0.5918372472686173,0.41108125078488006,1.9634839823746577,0.9010678542355025,At-Risk
EGY,2022,0.6570164199070913,0.14644705722978274,0.7798618611076228,0.5110663308144416,At-Risk
EGY,2023,0.6469940623997398,0.13262691565619053,0.2843144448897343,0.6742698701991465,At-Risk
EGY,2024,0.6586553316575781,0.12211161866268049,0.0525681988986213,0.11573602376250768,At-Risk
EHAB,2022,0.5092895154514051,-0.037718233591634766,-0.03208024579793964,0.010169139773788523,At-Risk
EHAB,2023,0.4881009270763643,-0.07693778075121858,-0.023153767155260945,0.03554185927067283,At-Risk
EHAB,2024,0.48705063780440666,-0.1509470429068419,-0.010991111535888368,-0.01974010514829878,At-Risk
EHC,2023,0.458447888027993,0.1195534449720903,0.10407947385365406,0.09536807052979229,At-Risk
EHC,2024,0.4600982654656443,0.13725526688007147,0.11913688244605515,0.10921731329894595,At-Risk
EHTH,2021,0.9650998495600192,-0.1939338423148315,-0.0764876264212199,0.21531260166705932,Healthy
EHTH,2022,0.9650998495600192,-0.21887427347812788,-0.24682877522997998,-0.19840213049267644,At-Risk
EHTH,2023,0.9650998495600192,-0.06230030185196226,0.11721795162770503,-0.043100122641455116,At-Risk
EIGR,2022,0.8637644615840997,-7.177098783743697,0.11052544885521332,0.1924428329273358,Distressed
EIGR,2023,0.9650998495600192,-4.7526152285551255,0.1697567487392465,-0.1757135863834915,Distressed
EIX,2021,0.6283126467628313,0.06205971150620597,0.09773162468699366,0.08423168280650466,Distressed
EIX,2022,0.6297909407665505,0.0478513356562137,0.1553170077155317,0.19320862824401752,Distressed
EKSO,2021,0.6001244887070959,-0.8682198114885292,0.2661562711101103,0.15335786568537257,Distressed
EKSO,2022,0.4812577447335812,-1.167905824039653,0.148141561444069,0.13535933636436148,Distressed
EKSO,2023,0.4966901909294819,-0.8314459215493188,0.41565985130111527,0.1729310102571308,Distressed
EKSO,2024,0.5305997210599721,-0.6320781032078103,-0.019366486131626455,-0.14992063729747537,Distressed
EL,2022,0.757287027118453,0.13474657495630601,0.09386370644465002,0.07482014388489208,At-Risk
EL,2023,0.7131363922061597,0.06323067253299812,-0.10300501775948583,-0.003804692454026633,At-Risk
EL,2024,0.716555612506407,0.024987186058431574,-0.018981772470144563,-0.0066482778131409575,At-Risk
EL,2025,0.7397040346223649,-0.07908697473125785,-0.08213736545361353,-0.06123175507297971,At-Risk
ELA,2021,0.22147994356486247,0.07128576706234248,0.23739101700404439,0.22713555703091182,Healthy
ELA,2022,0.2453779809355135,0.08588039334452245,0.2959561377596105,0.2835055039431354,Healthy
ELA,2023,0.23767899486571747,0.04078110219960621,-0.04062727265133512,-0.013240905865827473,Healthy
ELA,2024,0.2456852948178665,0.037460917314110165,0.02916975577150758,0.03429471272136084,Healthy
ELAN,2021,0.5524769101595298,-0.10138539042821158,0.45643534087435034,0.3301521025946913,Distressed
ELAN,2022,0.566311493992292,-0.0176830650646112,-0.0740973971452561,-0.09708520179372197,Distressed
ELAN,2023,0.5628254471360652,-0.27869594747566223,0.0013602357742008614,0.015892724112242365,Distressed
ELAN,2024,0.5487722460013517,0.07614327551250281,0.00498075616934571,0.023710584209239795,Distressed
ELF,2021,0.6419196491183333,0.05551376369037753,0.23276539561786802,0.18383436414664667,Distressed
ELF,2022,0.6744407819723449,0.10629806994630678,0.4760592112812536,0.4094718975533691,At-Risk
ELF,2023,0.7071719606380111,0.12467917791415836,0.7689256518163788,0.7118705465624701,At-Risk
ELF,2024,0.7123516482847195,0.0853350204070446,0.2828166323544923,0.3216868324308496,At-Risk
ELMD,2022,0.7547468734247101,0.0553301807532586,0.16509117350934108,0.1861356389502085,Healthy
ELMD,2023,0.7597520128154451,0.06586639482389166,0.15382030293574017,0.13885801432005584,Healthy
ELMD,2024,0.7625922947583887,0.09412237736676658,0.138327750847775,0.09251231303479425,Healthy
ELMD,2025,0.780796875,0.117765625,0.1696761459170992,0.12890827879921055,Healthy
ELSE,2021,0.5433949111188567,0.04786801440687812,0.1293793465424485,0.04357827476038339,Healthy
ELSE,2022,0.5361612581681249,0.011296932107653118,0.04902985941675381,0.11021307861866275,Healthy
ELSE,2023,0.4962010520163647,0.03237872589129164,-0.05249750802968214,-0.05327597617471873,Healthy
ELSE,2024,0.48885095487037233,0.04758348447668836,0.09561659848042081,0.09250844692997787,Healthy
ELVT,2021,0.42077395910588833,-0.08064094163504441,-0.10467265217708974,0.151164037260782,Distressed
EMAN,2021,0.17634185671504263,-0.19987714044383015,-0.11480424143556281,-0.009163204094548856,Distressed
EMAN,2022,0.33814811175526516,-0.03612721496184206,0.17219534669431005,-0.07059542323928016,Distressed
EMBC,2024,0.6546166859585077,0.06971774552577686,0.0020521056388294076,0.06634701159678859,Distressed
EME,2021,0.15163577211473023,0.03872660189547618,0.12578280405239886,0.12853500244363122,Healthy
EME,2022,0.1447793992842259,0.03666644998429053,0.1183955700867767,0.12146481620180992,Healthy
EME,2023,0.16604625986449995,0.05030599927377476,0.1360361751226964,0.11354737018257498,Healthy
EME,2024,0.18982761087444314,0.06914300284303654,0.15761448120790855,0.12956140006887792,Healthy
EMKR,2021,0.3880740198429729,0.16184266996541366,0.43872584628795586,0.16327043182693435,Distressed
EMKR,2022,0.08972152345646321,-0.5369389646498081,-0.6509892588799009,-0.40079742061778506,Distressed
EMKR,2023,0.2393978468214008,-0.7712043063571984,1.156229312855819,0.5009248360517908,Distressed
EMKR,2024,0.21910217006612648,-0.36367234795566733,-0.12096279012648901,-0.18153228129701354,Distressed
EML,2021,0.23026757648317212,0.03792416006853856,0.24749302670415174,0.25541303205939075,At-Risk
EMN,2021,0.23864070255822833,0.08180603283696067,0.23639797002242416,0.148859543817527,At-Risk
EMN,2022,0.20198487712665406,0.07495274102079395,0.009927453226422299,0.08347846278880762,At-Risk
EMN,2023,0.2237785016286645,0.09706840390879479,-0.12948960302457466,-0.12601800257179596,At-Risk
EMN,2024,0.2440844169686634,0.09646130888936261,0.018675352877307275,-0.018391368317802845,At-Risk
EMR,2021,0.44308691617692547,0.17808536962573462,-0.22955019362526066,-0.22278738555442523,At-Risk
EMR,2022,0.4568241089539264,0.23406259055346276,0.06742963192081658,0.03889304412864622,At-Risk
EMR,2023,0.48974612594790634,0.5635498732008526,0.09859461025789626,0.07307415406767459,At-Risk
EMR,2024,0.5079464898239195,0.11250857534873085,0.15344543356412793,0.15305266689030528,At-Risk
ENB,2021,0.39024027534018624,0.13148222894951808,-0.039532426075165654,0.006002738483777707,Distressed
ENB,2022,0.38867733404622096,0.056331951438841725,0.09089438670873785,0.106970758068034,Distressed
ENB,2023,0.5105042498266058,0.14183600997815363,-0.21059482987818653,-0.26120930217727273,Distressed
ENB,2024,0.45692218503773785,0.10175228620158287,0.2072050406431005,0.24346448637291979,Distressed
ENDP,2021,0.5920548067857675,-0.20487898260260068,0.03104709008451042,-0.026615311988493727,Distressed
ENDP,2022,0.528866799633443,-1.2605703196593177,-0.22528720041320244,-0.094532204668163,Distressed
ENDP,2023,0.5295020974209528,-1.217889673371056,-0.13254573877419007,-0.184260307223153,Distressed
ENFN,2022,0.6867288774784003,-0.0509082202076502,0.34600716204118176,-0.47722532627691366,At-Risk
ENFN,2023,0.6611453290171025,0.03452029678860973,0.1608657190935756,0.010935661345671635,At-Risk
ENFN,2024,0.6782219224149476,0.014002212180882987,0.155132208439568,0.1911657159572912,At-Risk
ENO,2021,0.6823804792276114,0.09526772612139288,0.16109537657871018,0.15819377149151376,Distressed
ENPH,2021,0.4011594379070496,0.10524156524117452,0.7846131000419666,0.9834094689329338,At-Risk
ENPH,2022,0.41812804153672495,0.17047921941023308,0.6865197977785158,0.6122282559763749,At-Risk
ENPH,2023,0.46201958629046974,0.1916093428194515,-0.017189844232991098,-0.027043284572770672,At-Risk
ENPH,2024,0.4728999092742466,0.07716424518352985,-0.4192460579032699,-0.32220212412968247,Distressed
ENR,2021,0.3843786198907827,0.053251696177395336,0.10080880209851355,0.09097769579070937,Distressed
ENR,2022,0.3670371463230714,-0.0758991508475132,0.009465497269568095,0.017600491891476444,Distressed
ENR,2023,0.37976821975200187,0.04747102746900023,-0.029638372512376644,-0.033345921450151056,Distressed
ENR,2024,0.38250779355732595,0.013197090405264981,-0.02456330033449336,-0.006719537445794429,Distressed
ENS,2021,0.22338300292584648,0.04286485734599542,0.1273994839371752,0.1495592174432958,At-Risk
ENS,2022,0.22653905983936165,0.047406297668190434,0.10462514881665996,0.0911519579714727,At-Risk
ENSG,2021,0.17819902940519383,0.0740836876360867,0.09359251409725147,0.08605647044356787,At-Risk
ENSG,2022,0.17120822299227756,0.0742632214255778,0.15147969846174691,0.15278733043908818,At-Risk
ENSG,2023,0.15840782119160016,0.05614885147699803,0.23265392329385073,0.2731559240252389,At-Risk
ENSG,2024,0.1566922545203187,0.06993875110462776,0.14241872924406498,0.12325690244180464,At-Risk
ENSV,2021,0.3653256829888505,-0.5250048901349678,-0.022062105464515716,-0.027495908346972176,Distressed
ENSV,2022,0.5133062280539642,-0.2575771576418407,0.41122774988589683,0.10142488499943902,Distressed
ENTG,2021,0.4609453332538748,0.17796652562776955,0.23642065644676286,0.19349900400855816,At-Risk
ENTG,2022,0.42547195594925463,0.06365566708195804,0.42765800757147027,0.6038073978679259,Distressed
ENTG,2023,0.42498368285138627,0.05127841312182525,0.07369426206256914,0.10429785028971625,Distressed
ENTG,2024,0.4586881401949895,0.09033691225472047,-0.08022361588013281,-0.12506867465985844,Distressed
ENTX,2021,0.3467600700525394,-21.34325744308231,0.5643835616438356,0.11280672851816527,Distressed
ENTX,2022,0.2462686567164179,-24.696043881430608,-0.6509892588799009,0.02867383512544803,Distressed
ENV,2021,0.642885015553928,0.011205907711393938,0.1886208589202889,0.1708100520132531,Distressed
ENV,2022,0.6205597104011666,-0.06528475928064889,0.044893583488479306,0.13947237987532024,Distressed
ENV,2023,0.6202389171657487,-0.19165074420770378,0.004707271589244578,-0.036395090242976,Distressed
ENVA,2021,0.847945083001361,0.21217667881966865,0.11462660674903803,0.09499209960422254,At-Risk
ENVX,2023,-0.5044542404467389,-24.696043881430608,0.2325056433408578,0.7294536995347441,Distressed
ENVX,2024,-0.08862789286642975,-9.631663344023575,2.018576661433804,-0.02833811348262441,Distressed
ENZ,2022,0.41142051894740067,-0.5594154948993658,-0.6509892588799009,-0.47722532627691366,Distressed
ENZ,2023,0.3723640578217057,0.5635498732008526,-0.04846368287228502,0.12335413730622106,Distressed
ENZ,2024,0.4585827561350174,-0.817312815369668,0.027236727729306846,-0.20655232360162734,Distressed
EOLS,2021,0.5632317678809707,-0.4696357087676703,0.7628758401131942,-0.21744089639076197,Distressed
EOLS,2022,0.6040668568660171,-0.5006997900629812,0.49103568669549424,0.26274435353485864,Distressed
EOLS,2023,0.6807580968404384,-0.3052428433579929,0.35977956613016093,0.15520076045996187,Distressed
EOLS,2024,0.6846481443926181,-0.18935382350511126,0.31763366900066803,0.23223701887552897,Distressed
EOSS,2021,0.3964149535089597,-2.083627940526956,-0.08058106605618792,-0.20279009181461924,Distressed
EOSS,2022,0.44022116414603085,-2.8670195403549474,0.2585600024687215,0.6214484176100914,Distressed
EOSS,2023,0.6531099672564106,-2.112682414132295,-0.545087173797443,-0.47722532627691366,Distressed
EPAC,2021,0.4599477925320622,0.07202549842999281,0.07169789901316057,0.00865067159925581,At-Risk
EPAC,2022,0.46459613846081127,0.02746037887129895,0.0805111035448114,0.13019957053631784,At-Risk
EPAM,2021,0.3391160636739838,0.12816219921322866,0.4131134004492611,0.4103556163311776,Healthy
EPAM,2022,0.3187795381182408,0.08693103692707813,0.2837980662795252,0.32212668090457575,Healthy
EPAM,2023,0.3057272723396453,0.08892003905733668,-0.027806507267397876,-0.02078047252272721,Healthy
EPAM,2024,0.30678117742610944,0.09613764134062615,0.007973495588994017,0.004798266023823438,Healthy
EPC,2023,0.4178362053650737,0.05094155267365429,0.036791453699866465,0.017172382351451295,At-Risk
EPC,2024,0.4240582153791543,0.043750277321737585,0.0009326701012613253,0.005229083665338645,At-Risk
EPSM,2024,0.12817646809771793,0.0,-0.5712372718841252,-0.47722532627691366,Healthy
EPZM,2021,0.7195073075587143,-6.7096481149971945,1.3745083111280294,0.1419739777259949,Distressed
EQIX,2021,0.47669314480500974,0.07538063611128987,0.10619108467136613,0.12936441128272816,Distressed
EQIX,2022,0.4835467437697921,0.09706732755059892,0.0945609978514173,0.09456144202894741,Distressed
EQIX,2023,0.4836345872007816,0.11834391792867612,0.12735784111248796,0.11595163160510187,Distressed
EQIX,2024,0.4893689986282579,0.0929355281207133,0.06839276990718124,0.0574439661570432,Distressed
EQR,2021,0.7761007825902385,0.5409300417167716,-0.04188194213566486,0.03251038071779569,Distressed
EQR,2022,0.7827678617129403,0.2840438289253358,0.11005816971368065,0.04333385767830893,Distressed
EQR,2023,0.6358712217689575,0.2906918806220259,0.0507403534685103,0.037671195486880665,Distressed
EQR,2024,0.632709619919815,0.34758169838140096,0.036932960886079294,0.05636053184549666,Distressed
EQT,2021,0.2927626952784042,-0.372878518780042,0.0019026801964010574,0.1833016731351151,Distressed
EQT,2022,0.6778522021919021,0.23620144820624062,1.4464970536727855,0.06346182169600575,Distressed
EQT,2023,0.6508920420737068,0.2511581038028648,-0.0785263299131239,0.015988995157751158,At-Risk
EQT,2024,0.5443058618412082,0.043725296583226964,-0.23673935865257145,0.17616503187584692,Distressed
ERII,2021,0.685575146288882,0.13732868801971052,-0.12675440808162305,0.05521321462043111,Healthy
ERII,2022,0.6955593951795909,0.19148665111353522,0.20872151216507545,0.11867041177711411,Healthy
ERII,2023,0.678454837980818,0.16754318303999252,0.02196017230534035,0.08472440007145551,Healthy
ERII,2024,0.6687432734497889,0.15902254601650248,0.1293270691629853,0.12304778634754206,Healthy
ERNA,2024,0.8350515463917526,-24.696043881430608,4.509057831645275,-0.14033649905992382,Distressed
ESAB,2023,0.3660672647711555,0.07398281512747382,0.06990067399787159,0.04692370876256347,At-Risk
ESAB,2024,0.37852227978442815,0.09662934548743561,-0.012239951044520511,-0.027003737497283176,At-Risk
ESCA,2021,0.2459408441003533,0.07781908855528487,0.14603744212476566,0.17080671772983622,Healthy
ESCA,2022,0.2347007397444519,0.05733417899839685,0.00046235475683328446,0.020325434125147313,At-Risk
ESCA,2023,0.2343663446726816,0.03729236699726065,-0.1599677457395373,-0.1450275185950557,Healthy
ESCA,2024,0.2473221740686255,0.051632141863146595,-0.045741863518056196,-0.04209070008748551,Healthy
ESI,2024,0.4215474785298547,0.09939354471081444,0.05301731527515858,0.016060780919407578,Distressed
ESMT,2021,0.7451359348992047,-0.04145089698538931,0.475739814543147,0.5113533215098661,Healthy
ESMT,2022,0.7635891023953671,0.06775796262174257,0.40521546143887555,0.3280573611823352,Healthy
ESOA,2022,0.11006763760104336,0.015093933090800607,0.5602280784325562,0.5219433931390542,At-Risk
ESOA,2023,0.12086280092972064,0.023952293081574157,0.5303486513555729,0.5075307446883098,Healthy
ESOA,2024,0.13307147112254356,0.05736447525122896,0.1477556977223081,0.14155881326207773,Healthy
ESP,2022,0.1704468625133446,0.039406195477345515,0.15757127613675886,0.0857530823855924,Healthy
ESP,2023,0.22618748430665792,0.10331247555828262,0.10863023050715137,0.023440319598561035,Healthy
ESP,2024,0.27501477360303644,0.15012113050803821,0.08833354316322652,0.028906719539296383,Healthy
ESP,2025,0.28860931359905667,0.18527400320976567,0.13461663716678912,0.11266062005349775,At-Risk
ESPR,2021,0.8187693602049791,-3.430443484135786,-0.6509892588799009,-0.12542449626443286,Distressed
ESPR,2022,0.6427028817489235,-3.0958463067240807,-0.037885451323823725,-0.16449797986086762,Distressed
ESPR,2023,0.6280794952464456,-1.7986831021025667,0.5413580655846306,0.06636310868473895,Distressed
ESPR,2024,0.7935657239839429,-0.15571116474178037,1.856550965323981,0.022122347800821635,Distressed
ESRT,2021,0.7965274461859913,-0.010431120952933371,0.024401373541596907,-0.013088692655452335,Distressed
ESRT,2022,0.7827701601422753,0.05590193675459843,0.1649543177790525,0.1168476541123301,Distressed
ESRT,2023,0.7737556316355947,0.07199434267387084,0.01723561669837052,-0.011911408586147301,Distressed
ESRT,2024,0.7666758255710533,0.06724892990573274,0.03833433391204643,0.027572841080446508,Distressed
ESTA,2021,0.6741604963609669,-0.3247422680412371,0.49607917237469884,0.34842617592724173,Distressed
ESTA,2022,0.6592145949288807,-0.46511440940012366,0.2764244328318151,0.32627682417567944,Distressed
ESTA,2023,0.6477526627147278,-0.47533469370454917,0.021341991341991343,0.14312319351602618,Distressed
ESTA,2024,0.6596898057521458,-0.509537720222858,0.005292126599293979,-0.0615395977877894,Distressed
ESTC,2022,0.7307502313381433,-0.2363800392868987,0.4172384381640424,0.40392998602918556,Distressed
ESTC,2023,0.7225172569596132,-0.22091995333908956,0.23958862396129754,0.21312595675514984,Distressed
ESTC,2024,0.7395458609144803,0.04870115779664347,0.1855323113708373,0.10776185808488428,Distressed
ESTC,2025,0.7438993970185317,-0.07288767717299852,0.17041854431513406,0.10463719900654023,Distressed
ETD,2022,0.5927225769845016,0.12629591494835907,0.19351867933312802,0.12965070283893748,Healthy
ETD,2023,0.6070014228274082,0.1336990227222757,-0.0322587745578787,-0.03811115351044559,Healthy
ETD,2024,0.6082470238509736,0.09875259392684546,-0.18342721972448198,-0.13618814845889837,Healthy
ETD,2025,0.6054203293261683,0.08394384437296734,-0.04885635100066386,-0.028134441419866374,Healthy
ETM,2021,0.19881105851711164,-0.0029292998874860176,0.1494073888347419,0.09776570166350645,Distressed
ETM,2022,0.1780197883962529,-0.11220789621461572,0.028095692649851896,0.06248130288612211,Distressed
ETM,2023,0.13247996687594477,-0.9725665753302781,-0.06758190392322026,0.02576371460055558,Distressed
ETN,2021,0.322753209700428,0.10923170980232322,0.09911524246836152,0.07053760758388425,At-Risk
ETN,2022,0.3318716268311488,0.11863916730917502,0.05726513144487467,0.034488785318963,At-Risk
ETN,2023,0.3635971719261942,0.13873081565787204,0.11777178103315343,0.08751478290251731,At-Risk
ETN,2024,0.38198408232173003,0.15250422059651098,0.07251250215554406,0.048418000103567914,At-Risk
ETR,2021,0.6823804792276114,0.09526772612139288,0.16109537657871018,0.15819377149151376,Distressed
ETR,2022,0.6153513631013473,0.07970932206412895,0.17213309221166567,0.23285900611866017,Distressed
ETR,2023,0.6896774391121335,0.19447022954354393,-0.11746564666098092,-0.20124466549677922,Distressed
ETR,2024,0.7393770676635083,0.08932786168080835,-0.022042472915218485,-0.038509362207826955,Distressed
ETRN,2021,0.7456213454899141,-1.045896570863233,-0.12826634454685354,0.03290596533701719,Distressed
ETRN,2022,0.7514935934308822,-0.19837421846632694,0.030910293332685416,-0.010985515518217807,Distressed
ETRN,2023,0.7525208565142127,0.31940579469973,0.026648558236549224,0.14681461775417567,Distressed
ETSY,2021,0.718986704815651,0.21188615069936464,0.3497219847881202,0.4315911912576367,Distressed
ETSY,2022,0.709836402244486,-0.2705603927499629,0.10175414342106054,0.16972740962400623,At-Risk
ETSY,2023,0.6984856880988307,0.11190895572186785,0.07102810439610757,0.10129887885618281,Distressed
ETSY,2024,0.7241942904186542,0.10799328569414157,0.02181469281688793,0.011530778668121952,Distressed
EU,2024,-0.5044542404467389,-1.0524222580313367,1.6338269821202818,1.0759491657520956,Distressed
EVA,2023,-0.1593790167363839,-0.5824105384967394,0.07637652658013153,0.25652790045249935,Distressed
EVBG,2021,0.6899951958700767,-0.257295084859391,0.3588243755094213,0.2951085611102212,Distressed
EVBG,2022,0.6875746714456392,-0.1416418919544701,0.1722402716369055,0.13318281378603136,Distressed
EVBG,2023,0.707017567314634,-0.10540611602805779,0.0391208913339446,0.005278762308843316,Distressed
EVC,2021,0.23313320845260144,0.038532370769489815,1.2096934534017778,1.305245698393285,Distressed
EVC,2022,0.7821352510879965,0.055924565573011516,-0.5738050387270585,-0.47722532627691366,Distressed
EVC,2023,0.7400578367441751,-0.05196890685860296,-0.08317232013333745,0.05176011054561375,Distressed
EVC,2024,0.7199710643708145,-0.4080252529127437,0.2286032661937834,0.1565653445029447,Distressed
EVCM,2023,0.7618023785174369,-0.08529159367398868,-0.13834160832288891,-0.1840421285350201,Distressed
EVCM,2024,0.7780321424442131,-0.07308804041374281,0.051066518842861175,-0.013458998317860408,Distressed
EVER,2021,0.9427762445790473,-0.046435611626823414,0.20632106878810152,0.2329532858718315,At-Risk
EVER,2022,0.9406622175702193,-0.0604166512012313,-0.03437869610408229,-0.014393204877848939,At-Risk
EVER,2023,0.922009856870461,-0.17812872280938175,-0.2875482212274854,-0.2691883154370165,At-Risk
EVER,2024,0.9581718946800216,0.06431356084687818,0.7372473699382817,0.4801629181175311,Healthy
EVFM,2021,0.5081271227559437,-24.696043881430608,4.509057831645275,0.6819928894013645,Distressed
EVFM,2022,0.7377798895290135,-4.55532458276415,1.042333818534692,-0.4232283127195864,Distressed
EVGO,2021,-0.30746376159178895,-0.26586837129738006,0.7023526707027359,0.6932900105788121,Distressed
EVH,2023,0.2303395902838032,-0.05755905608036271,0.452571831779724,0.45277948061547074,Distressed
EVH,2024,0.14379265843386863,-0.024121036144172735,0.3008535075177097,0.28887769447753153,Distressed
EVI,2022,0.27572984782055693,0.015318948360741593,0.1045887481663602,0.09284676179746104,At-Risk
EVI,2023,0.2927467649990259,0.027441391636290738,0.3249225635577369,0.29410524782793657,At-Risk
EVI,2024,0.29769234902973446,0.01596886552043059,-0.0017223221420040488,0.012639671629149429,At-Risk
EVI,2025,0.303588743811405,0.01923402508785881,0.1025757785741155,0.09980551859271498,At-Risk
EVK,2021,0.30501120920423713,-0.0002779640942902549,0.23797661527413091,0.25950663156175086,At-Risk
EVLV,2021,0.17223100927627924,-0.46543837900226565,3.888819226750261,1.4238502572519807,At-Risk
EVLV,2022,0.03132530120481928,-1.5654678865839298,1.359466507074766,1.0392629248600078,Distressed
EVLV,2023,0.4206645278420254,-1.321271357158845,0.4569797988948274,0.07511734091126793,Distressed
EVLV,2024,0.5724931401338276,-0.5200693207529004,0.2915640776940486,0.09937157723422706,Distressed
EVR,2022,0.35485001608551303,0.17147804633347463,-0.15971376605076676,-0.052983353110943744,At-Risk
EVR,2023,0.2803269051110549,0.10459023051043409,-0.12099472524720231,0.00042313184884576363,At-Risk
EVR,2024,0.3052382540021045,0.12624613656365172,0.2266765083724095,0.18337506788874416,At-Risk
EVRG,2021,0.6693217820896057,0.1574632609590635,0.13703341881385597,0.12264226024671707,Distressed
EVRG,2022,0.6340393575805158,0.1284668293765254,0.04875865895788211,0.07684673188714022,Distressed
EVRG,2023,0.6736865037580335,0.13274754003122619,-0.05988974415865918,-0.07267939433838051,Distressed
EVRG,2024,0.6834778444752279,0.14940228823559593,0.06156276097454704,0.03632448293814189,Distressed
EVTC,2021,0.5758465638966693,0.27319615595900953,0.15513094706495256,0.06523906001148441,At-Risk
EVTC,2022,0.5268163949748468,0.3864901707446043,0.048513384288804945,0.17220976296906546,At-Risk
EVTC,2023,0.5152560280635489,0.1147559625684999,0.12338112802368659,0.21157938348275196,Distressed
EVTC,2024,0.519310786932013,0.13320149594434444,0.2170361978900518,0.2171179251954618,At-Risk
EW,2021,0.7613186813186813,0.28726230291447685,0.19291886099901967,0.1876404860409812,At-Risk
EW,2022,0.8378808243727599,0.3409274193548387,-0.14687052078356427,-0.1977123734810873,Healthy
EW,2023,0.8047105788423153,0.2799201596806387,0.12231182795698925,0.20475913706451504,Healthy
EW,2024,0.7945583233753102,0.5635498732008526,0.08572854291417166,0.12361655031500085,Healthy
EWCZ,2022,0.71436356709155,0.035244585268457834,0.1604730296958775,0.08885362951209837,Distressed
EWCZ,2023,0.7166054365136818,0.03938033878673809,0.06594132654291515,0.054310370569440714,Distressed
EWCZ,2024,0.7357825148905567,0.0482306514964318,-0.01858621688142464,-0.04136196534476801,Distressed
EXAS,2021,0.7403879944790495,-0.33706603013886693,0.18485829671762805,0.269897693055746,Distressed
EXAS,2022,0.6826907530133922,-0.29914709115238414,0.1794999340722896,0.022772237282209215,Distressed
EXAS,2023,0.7049467830188906,-0.08166724405404346,0.19934327410102007,0.019661727817159757,Distressed
EXAS,2024,0.6954728154709886,-0.37292736474792004,0.1036501016495144,0.08251291284918301,Distressed
EXC,2021,0.6440517337495819,0.09510536291671312,0.07651683370341475,0.05322747670003452,Distressed
EXC,2022,0.6659503092567355,0.11374357899150854,0.06355223547775672,0.033101730466701625,Distressed
EXC,2023,0.6207023519123671,0.10714778846596401,0.13885103260299822,0.12391345726793986,Distressed
EXDW,2024,0.5588688443479076,0.01450223146501682,-0.10932758414913624,-0.15731771666665553,Healthy
EXE,2021,0.9464768426743557,0.17030095512704993,4.509057831645275,1.8793949013163034,At-Risk
EXE,2022,0.8693689857787618,0.4203355190326152,1.1162371598486214,1.0204241948153967,At-Risk
EXE,2023,0.8613691090471276,0.2773764476550854,-0.25734480115813674,-0.2776049766718507,At-Risk
EXE,2024,0.6809917355371901,-0.16859504132231404,-0.5143905515422543,-0.1002870470039469,Distressed
EXEL,2021,0.9631539335317114,0.16102287852707722,0.45307826129222367,0.3086413562505271,Healthy
EXEL,2022,0.9640553870676609,0.11314400066539959,0.12271476058732936,0.22753034039766473,At-Risk
EXEL,2023,0.9603613359792985,0.11351988407874952,0.13602580161409059,0.1771771409599185,At-Risk
EXEL,2024,0.9648563817695478,0.24035909053391868,0.18494783106619575,-0.10882209190133567,Healthy
EXFY,2021,0.6240907340637799,-0.09492071271047012,0.6217980743028432,0.8578068493483167,Distressed
EXFY,2022,0.630260479660167,-0.15934983332841676,0.18664893058424056,0.20667986177794326,Distressed
EXFY,2023,0.5561130024487846,-0.2751133143535939,-0.110964925219033,-0.004823333892717361,Distressed
EXFY,2024,0.5386322502801,-0.07221551897497773,-0.07599195683768341,-0.23814704410452794,At-Risk
EXLS,2023,0.3727098342519753,0.11317938415422392,0.15482803652010843,0.1410226562897067,Healthy
EXLS,2024,0.37588311832425647,0.10786554625505611,0.1273735671516213,0.13135806620097665,Healthy
EXP,2021,0.2791339559779578,0.20104355468267365,0.14721669967867218,0.09883778895044935,At-Risk
EXP,2022,0.2976003098596926,0.21486274416697043,0.15393156782460804,0.12509748262594972,At-Risk
EXP,2023,0.3033337361134902,0.21141045201228523,0.051780459566242984,0.04565827782695322,At-Risk
EXP,2024,0.2977812951778981,0.2050052466082845,0.0005360074394822814,0.016857931741963837,At-Risk
EXPD,2021,0.8751869229777172,0.08566529752715478,0.7240024485640353,0.6906831779338072,Healthy
EXPD,2022,0.8795411639804013,0.0795135855041718,0.03315075113851367,0.028957470174024686,Healthy
EXPD,2023,0.8171509799346459,0.08095420376748232,-0.45521906846608606,-0.45949238102033857,Healthy
EXPD,2024,0.8337199654922426,0.07641826835771658,0.1398268407577975,0.14645503301685237,Healthy
EXPE,2021,0.8229820888578739,0.0013956734124214933,0.6537795729948067,0.24191866527632952,Distressed
EXPE,2022,0.8579754864146739,0.03017056655524128,0.3569434752267969,0.25956579105193717,Distressed
EXPE,2023,0.8774826699898746,0.062076485707609624,0.10045427273506471,0.083706313684411,Distressed
EXPE,2024,0.894602293477467,0.09013220363742605,0.0663603084352364,0.0672231985940246,Distressed
EXPR,2021,0.2985981898052501,-0.007718564334201645,0.547779081641942,0.12378538208656105,At-Risk
EXR,2021,0.7663136299720673,0.5247045383367926,0.16306447664524426,0.048043697141977586,Distressed
EXR,2022,0.7737507600679774,0.44730351268339075,0.2198658266143092,0.1944301095842052,Distressed
EXR,2023,0.7609462223131858,0.3137193173775625,0.3305705836802362,0.4928564901874741,Distressed
EXR,2024,0.7446757685677985,0.26242146678039435,0.27210609613771186,0.4023830052192469,Distressed
EXTN,2021,0.43866432895143953,-0.17883204150766766,0.02802983716139177,0.06730961648946815,Distressed
EXTR,2022,0.5663275259569854,0.039800561168943135,0.1019429017513062,0.07103361148837334,Distressed
EXTR,2023,0.5750449158599082,0.05948703725997254,0.1799237809948747,0.15539612228875788,Distressed
EXTR,2024,0.564652082029855,-0.07694572964805858,-0.1487678806266734,-0.04563861332960277,Distressed
EXTR,2025,0.6220046716552624,-0.0065496150664829346,0.0204653943822206,-0.021340495112051123,Distressed
EYE,2021,0.5649107368269196,0.06166985249035237,0.21484612328831146,0.39093126145910395,At-Risk
EYE,2022,0.5940444160700442,0.025611138978825602,-0.20911025354347748,-0.16487497017343034,Distressed
EYE,2023,0.5817199213605782,-0.03752111598289883,0.0679137215559305,0.0883103707824721,Distressed
EYE,2024,0.5809534256192002,-0.01563027883202071,0.03811780085187014,0.0373813238527346,At-Risk
EYEN,2021,0.8857142857142857,-0.9127419285714286,4.509057831645275,0.24008664833191634,Distressed
EYPT,2021,0.7786350469693278,-1.5814450851403665,0.07265441240526178,0.28563860192117335,Distressed
EYPT,2022,0.7989083180369047,-2.469664766689209,0.12087495600855465,0.30501545301740496,Distressed
EYPT,2023,0.8993437350601938,-1.5384197487939502,0.11143850835668051,0.006174070565554835,Distressed
EYPT,2024,0.9142190280313359,-3.0242876620525503,-0.05965057151549394,0.5619358302019243,Distressed
EZOO,2021,0.6353972197877358,0.11953419967149688,4.509057831645275,1.0863700918060195,Distressed
EZOO,2022,0.1366490243100953,-4.382417305823376,-0.6509892588799009,-0.20328331143476475,Distressed
EZPW,2021,0.6161118276857958,0.01180452086283207,-0.11330652169421362,-0.14392039171552076,At-Risk
EZPW,2022,0.5959513667522356,0.05659962199215775,0.2147540062312299,0.1627927291890723,At-Risk
EZPW,2023,0.5813290424301815,0.03666491586124851,0.18371858162430535,0.17286573388162474,At-Risk
EZPW,2024,0.5873552214958307,0.07153482862460636,0.1072989520905284,0.10070458029695277,At-Risk
F,2021,0.15908640834378507,0.13155983893326292,0.07233530485119236,0.0020220141084894188,Distressed
F,2022,0.1496928323326395,-0.0125334531213423,0.1592771066663733,0.15144365716366506,Distressed
F,2023,0.14552956734452951,0.024672088812708937,0.11473076168723942,0.12486411342658171,Distressed
F,2024,0.143562964884968,0.03177975263795191,0.04995147311724209,0.05294817053528023,Distressed
FA,2021,0.5055840627829762,0.02253420282326845,0.5079207145261437,0.366904928026239,At-Risk
FA,2022,0.49516495210629824,0.07975576002162901,0.1372015808057055,0.1037407937428293,At-Risk
FA,2023,0.49358896303948485,0.0488281019847832,-0.057111958549325145,-0.04680437865440904,At-Risk
FA,2024,0.4781348632012137,-0.1281938607657477,0.12627510438474862,0.35228400354711287,Distressed
FANG,2024,0.9167720947045003,0.30164467739020423,0.3155016642891108,0.7760900140646976,Distressed
FARM,2022,0.42510237211031093,-0.049751733734032653,0.20187010091214191,0.10320392651419612,At-Risk
FARM,2023,0.33713275523290703,-0.23290701368380182,0.07999479006172507,0.13097948830440975,At-Risk
FARM,2024,0.3925398863656353,-0.01136050472890171,0.0033238813521431682,-0.015959001592622035,At-Risk
FARM,2025,0.43505190179998304,-0.04240959913053894,0.0034799791259887305,-0.05503843473867431,At-Risk
FARO,2021,0.5444623372625172,-0.11830178737411712,0.11207895499196756,0.0635128858538055,At-Risk
FARO,2022,0.5083308027128252,-0.07738203693259874,0.023536620743959694,0.08024031963928448,At-Risk
FARO,2023,0.4598237053097419,-0.15767032391292837,0.03778867149653666,0.07348241066013975,Distressed
FARO,2024,0.546548607440418,-0.026475715992021656,-0.04571511380008974,-0.1452004458310219,At-Risk
FAST,2021,0.4620273170407094,0.15388710509241543,0.06438475023462539,0.0639218732660082,Healthy
FAST,2022,0.46067673265908377,0.15570294817064437,0.16132359546823272,0.1530197141963075,Healthy
FAST,2023,0.4565995617079777,0.15721344277022337,0.05244534853737501,0.052650624208431335,Healthy
FAST,2024,0.4508216273522396,0.15247813411078717,0.027127826098792655,0.03746992093502922,Healthy
FAT,2024,0.33665793754176143,-0.32033469894643063,0.2335172554463771,0.3464928290900135,Distressed
FBHS,2021,0.4083439211847285,0.11657745100081231,0.3257946041476818,0.31367566497260907,At-Risk
FBHS,2022,0.40925259369045097,0.14539487613804786,-0.016267105454999896,-0.01617805913532796,At-Risk
FBHS,2023,0.4131684752064329,0.08743677316155808,-0.02049544780859623,0.007404948548374741,At-Risk
FBHS,2024,0.44831850726838796,0.10238663484486873,-0.0037179542605161905,-0.02291333992345322,At-Risk
FBIO,2023,0.7291185971389017,-0.7174872504821743,0.11578627727974862,-0.1990462108003022,Distressed
FC,2021,0.7713054494843153,0.060771385746404484,0.12956020478090863,0.1151154509140079,At-Risk
FC,2022,0.7681906551869762,0.07011843662137947,0.1725179329788373,0.1069112821485928,At-Risk
FC,2023,0.761048192470439,0.0633856288833991,0.0672650005136185,0.06032604832606505,At-Risk
FC,2024,0.769660867657964,0.08147392534980312,0.02392690743295511,-0.009511228533685601,At-Risk
FCEL,2021,-0.22474671265358914,-1.4522526406553136,-0.01814564490412157,0.2221979879495079,Distressed
FCEL,2022,-0.22665614174917997,-1.0937892768462034,0.8751742473234174,1.0389182597574487,Distressed
FCEL,2023,-0.08537692270288669,-0.8717441690843963,-0.0543361638208516,-0.05371834519780604,Distressed
FCEL,2024,-0.32031890985624084,-1.1237559305104698,-0.09126861921973516,0.033066387131086256,Distressed
FCFS,2021,0.5442101514745742,0.07352064345057138,0.04148940343925399,0.042518875331890235,At-Risk
FCFS,2022,0.514517347748688,0.09289131099158575,0.6062379154367512,0.5407560172364018,At-Risk
FCFS,2023,0.5340120363119948,0.06957969360961179,0.1549516259414821,0.12410292088007224,At-Risk
FCFS,2024,0.5291189589300797,0.07638008873506204,0.07510574922996285,0.07247164174958,At-Risk
FCN,2021,0.3100310421861076,0.0846351624617916,0.12796091456663722,0.13477494221760075,At-Risk
FCN,2022,0.3179135846978515,0.07775541548307179,0.09101793732633774,0.1024749063986553,At-Risk
FCN,2023,0.32529300060013033,0.07878272702208675,0.151980185598242,0.14539421133806213,At-Risk
FCN,2024,0.319555881440049,0.07572704866529752,0.060015900301555465,0.0743582005996116,At-Risk
FCPT,2021,0.8768018537652098,0.42923993620158696,0.16633517409210033,0.2811031856279948,Distressed
FCPT,2022,0.8753461114546089,0.4380583707447333,0.11945149414679654,0.18574787704528564,Distressed
FCPT,2023,0.8854496699999201,0.3804378187274048,0.12281692160183517,0.1679219111225276,Distressed
FCPT,2024,0.8917309837245825,0.374797163459207,0.0696990495040023,0.046046380687616566,Distressed
FCUV,2021,0.2071594190370359,-2.2454501598526537,-0.1456377641728515,0.0155498211221845,Healthy
FCUV,2022,0.06424994132102631,-13.932896705210975,-0.6509892588799009,0.2489831012261648,Healthy
FCUV,2023,0.13542151390443158,-10.709833092342858,0.24581258359986313,-0.030028430017277462,Distressed
FCUV,2024,0.0256218336904131,-8.03778096484376,-0.09625848101093423,0.22366198353253297,Distressed
FCX,2021,0.3858612387831035,0.18848763405559205,0.6090294407663052,0.19817805383022774,At-Risk
FCX,2022,0.33762071992976295,0.15223880597014924,-0.0028452615451958854,0.07990047000276472,At-Risk
FCX,2023,0.313279369940932,0.08085758039816232,0.003292361720807726,0.043970814132104456,At-Risk
FCX,2024,0.3009231978000393,0.07420938911805146,0.1137606650623496,0.13199681196738397,At-Risk
FDP,2021,0.07144873000940734,0.01881467544684854,0.011826856721319277,-0.0015671713762175717,At-Risk
FDP,2022,0.07658195079125678,0.022195709429799877,0.04475540921919097,0.035690999975851824,At-Risk
FDP,2023,0.08116740342999977,-0.0026384613604277084,-0.027373207572653806,-0.03082375434260533,At-Risk
FDP,2024,0.0836175879631793,0.03322274660062614,-0.009373481148887912,-0.009021579618447326,At-Risk
FDS,2021,0.5058578838728326,0.25108627693699753,0.06514509296832699,0.059702157805341355,At-Risk
FDS,2022,0.5275721137680515,0.21526043824692553,0.15862753660981058,0.16711413239974082,At-Risk
FDS,2023,0.5333391192937165,0.22448870970526125,0.13103587411844078,0.11667706945123905,At-Risk
FDS,2024,0.540663060766499,0.24380950824672637,0.0563642047884736,0.031213327464583215,At-Risk
FDX,2022,0.2941761485156985,0.04091453503293695,0.11378172679522147,0.11544379760469828,At-Risk
FDX,2023,0.2961455271476901,0.044057456602517885,-0.03589913593977243,-0.024968674200186232,At-Risk
FDX,2024,0.3025326993032511,0.04938820658433398,-0.027308524208307913,-0.040345685416838604,At-Risk
FE,2022,0.6313508307247773,0.0325868849827434,0.11920589292130794,0.17003105590062112,Distressed
FEIM,2022,0.1780478714593341,-0.1793730329633924,-0.10981678770228923,0.020321669202347317,Distressed
FEIM,2023,0.19248596022267456,-0.13490448046692988,-0.15568577107835016,-0.19322256541342706,Distressed
FEIM,2024,0.336197850707385,0.10120490646596954,0.35551904259754274,0.10574490087790711,At-Risk
FEIM,2025,0.43112117001618655,0.33928750483448167,0.26299887831530194,0.15568600139289623,At-Risk
FELE,2021,0.34665210471368013,0.09258273084757185,0.3323368055472044,0.32103787621801394,At-Risk
FELE,2022,0.3383232756490521,0.09166266659033494,0.2297695661199917,0.21215365500244218,Healthy
FELE,2023,0.3375124023489044,0.0935881611499114,0.010481912560043959,0.009666814619536952,Healthy
FELE,2024,0.35485353535103675,0.08920266298462258,-0.021205413888597004,-0.015210915180442285,Healthy
FENC,2023,0.9407585168454734,-0.7549877658573311,4.509057831645275,0.41350471717546244,Distressed
FENC,2024,0.9330220034498716,-0.009171610080356767,1.2368718238283456,0.3132905858350335,Distressed
FET,2021,0.22795840818529278,-0.15275529138666488,0.05579188098564616,-0.18658603887550024,Distressed
FET,2022,0.2693563342872614,0.00530351629416799,0.29357677778024205,0.1777065970239323,Distressed
FET,2023,0.2763066004027805,-0.025547326706944717,0.05565120236372235,0.03508970005413558,Distressed
FET,2024,0.31237774443457755,-0.16575435588082188,0.10497331037917668,0.0917591945182492,Distressed
FF,2021,0.07323592191321339,0.08169304201178645,0.57153125840444,0.6934444407847787,Healthy
FF,2022,0.07321205815956001,0.03841025822319413,0.2322067544945953,0.2268483701148829,Healthy
FF,2023,0.11128038017651053,0.10151255940257976,-0.07010863252309261,-0.11001722734815096,Healthy
FF,2024,0.08072688718207932,0.06370947525879535,-0.33920162932790227,-0.3077873111064929,Healthy
FFIE,2024,-0.5044542404467389,-24.696043881430608,-0.3125,-0.476504537153293,Distressed
FFIV,2021,0.810577333779926,0.12723321973898907,0.10744922414372504,0.1325825129244831,At-Risk
FFIV,2022,0.7998301089268857,0.11950241946402705,0.03550296994410421,0.03383421042269114,At-Risk
FFIV,2023,0.78909621142562,0.14039256084508253,0.04352030624906106,-0.0039099986690856615,At-Risk
FFIV,2024,0.8019803843586211,0.2012620200843714,0.0010489949235186367,-0.05552842744833121,At-Risk
FGEN,2021,0.9453017096668636,-1.232519793123085,0.33456405719179444,0.42270619963660955,Distressed
FGEN,2022,0.8558983614478378,-2.0865888839939175,-0.4019183286657119,-0.15668936448030787,Distressed
FGEN,2023,0.9153473067965728,-6.0729440420485865,-0.6509892588799009,-0.1920526803075885,Distressed
FGEN,2024,0.4746632456703015,-1.6062590729549981,-0.36711321923808304,-0.47722532627691366,Distressed
FGI,2023,0.2735998221245762,0.006257198596498219,-0.2750268347396625,-0.26617070993033654,At-Risk
FGI,2024,0.26875935289996233,-0.009111717177052042,0.12432846790461857,0.16513808793310983,At-Risk
FGMCU,2023,0.7510736252952953,-1.9078080133353175,0.02049161344242831,0.4408270112106263,Distressed
FHI,2021,0.5905315633778232,0.20784622518257184,-0.10206743503274256,-0.09440913116205844,At-Risk
FHI,2022,0.6453810794472872,0.16564786341811602,0.11178233330539422,0.15711379993741525,At-Risk
FHI,2023,0.6499769504229069,0.18575101237967312,0.11326491512739537,0.13446897137147965,At-Risk
FHI,2024,0.6688387242638747,0.1643987199258866,0.013990658397812092,-0.01397999428881228,At-Risk
FI,2021,0.4990755577468261,0.08221373104893381,0.09251279288984648,0.035204991087344026,Distressed
FI,2022,0.5494164740373231,0.14263967976546202,0.09312214963638604,0.008107332472377672,Distressed
FI,2023,0.5982820929136333,0.1606871628345467,0.07645035800868241,0.013878015799587218,Distressed
FI,2024,0.6082811888932342,0.15306022682831444,0.07138741947310533,0.023234592166222097,Distressed
FICO,2021,0.7474721541985939,0.29781487175436144,0.016974080808798652,-0.05278617900843572,Healthy
FICO,2022,0.7805993015167687,0.2712184248549667,0.04613166673755978,-0.07569841092347566,Healthy
FICO,2023,0.7944887440644786,0.28368604552058496,0.0989544533751552,0.045291643109709935,Healthy
FICO,2024,0.7972630399772697,0.2985753927451462,0.1347613601602054,0.12745855239335005,Healthy
FIGS,2021,0.7178919471580658,-0.02277455903486967,0.5947239198516221,0.9915388064648197,Healthy
FIGS,2022,0.7007423369280497,0.04188322279004023,0.20554301689025742,0.14576562377633331,Healthy
FIGS,2023,0.6908563427570256,0.041486604868357875,0.07870352980715055,0.0927699185550517,Healthy
FIGS,2024,0.6761184250789296,0.004895978457694786,0.018165623866023026,0.0814931948921132,At-Risk
FIS,2021,0.35860370489345755,0.044651461612592355,-0.2559751434034417,-0.3168408631153068,Distressed
FIS,2022,0.3560699588477366,-1.7234567901234568,0.04079665917121748,0.04145589142504627,Distressed
FIVE,2021,0.3617682352685095,0.09788460282675539,0.45165908394775695,0.36580952939523076,At-Risk
FIVE,2022,0.35610576054153226,0.08501359421748407,0.08003008053072055,0.10645888917606586,At-Risk
FIVE,2023,0.35787944436218894,0.08459533136350854,0.1570262145402866,0.16202492251758802,At-Risk
FIVE,2024,0.34893656099905923,0.0654222194247583,0.08910511947482826,0.1193875602669105,At-Risk
FIVN,2021,0.5552772268619451,-0.08694354083311598,0.4016550626799231,0.4888677207505149,Distressed
FIVN,2022,0.5281467709919547,-0.12152594993105184,0.2776533774284725,0.3012536025868038,Distressed
FIVN,2023,0.524771331417877,-0.08980239168445932,0.16902186054752802,0.16462533528463993,Distressed
FIVN,2024,0.5416809829375644,-0.012280001305260005,0.14437312737784572,0.08342087320526746,Distressed
FIX,2021,0.18323802818551058,0.0466379232934544,0.07595481294757267,0.0822076340239172,At-Risk
FIX,2022,0.17911661873207282,0.059402265114854635,0.3470573613791614,0.34688357585620866,At-Risk
FIX,2023,0.19023519424747828,0.062111178544814814,0.2575609294255288,0.23213754790257451,At-Risk
FIX,2024,0.21009121909487843,0.07434148476636562,0.3496831042721385,0.3111176005714436,At-Risk
FIZZ,2022,0.3671355248138642,0.13928839125739337,0.06137137314518611,0.10157925590814616,Healthy
FIZZ,2023,0.33828815310691496,0.12120395726265461,0.03068418374834031,0.060302723088682876,Healthy
FL,2021,0.34455842997323816,0.09935325602140946,0.1871855970346836,0.11195286195286196,At-Risk
FL,2022,0.3201278684781368,0.038817216577234845,-0.023305084745762712,0.017663386323492306,At-Risk
FL,2023,0.278281096963761,-0.04040156709108717,-0.06747345587395821,-0.014877262583684603,At-Risk
FL,2024,0.29068602904356533,0.0015022533800701052,-0.022037218413320275,-0.019884218474704254,At-Risk
FLDM,2021,0.5312641195886079,-0.45364180087455297,-0.054747220291869354,0.046833703351305635,Distressed
FLDM,2022,0.3782721444031527,-1.9408053252746356,-0.24990618849602927,0.01274490002019794,Distressed
FLDM,2023,0.4744216663532067,-0.7020500282113974,0.08567811491811982,-0.1554865279910652,Distressed
FLDM,2024,0.4931764240506329,-1.5260746308016877,-0.14417904833552755,0.05098034585161088,Distressed
FLEX,2021,0.0728697276011854,0.037997807818779684,0.02109932017907478,0.02152574479076976,At-Risk
FLEX,2022,0.07013542909269525,0.027822608939723527,0.1570657248406609,0.15719824679703304,At-Risk
FLEX,2023,0.07647170168464887,0.03808442173007761,-0.07322293172408954,-0.07542428436157039,At-Risk
FLEX,2024,0.08635183822105141,0.03246426219346841,-0.022790081393147834,-0.03265450821286485,At-Risk
FLGT,2021,0.7828566650278465,0.5111547234289491,1.3537011040710247,1.4068519391276586,Healthy
FLGT,2022,0.5927624691421851,0.2316807977149061,-0.37640743755692213,0.3816271937997227,Healthy
FLGT,2023,0.3611732529312306,-0.5802816609211896,-0.5327496736503341,-0.1667741035874788,Healthy
FLGT,2024,0.3782234451617455,-0.15066144565562492,-0.019857336980011273,-0.019533178970008887,Healthy
FLLC,2021,0.2615034371569426,-1.0532445384244575,2.7489521321832098,0.5301912458990158,Distressed
FLLC,2022,0.3165090535884466,-3.213449649341446,-0.6509892588799009,-0.2540126620229952,Distressed
FLNC,2022,-0.052022229211840784,-0.08717231643838702,0.7606681297244574,0.7660416927320715,Distressed
FLNC,2023,0.06355112629611295,-0.031388949755137334,0.8504692546239246,0.5724642472559651,At-Risk
FLNC,2024,0.12639324203038507,0.00841781660010035,0.21667663069696813,0.1464669630440743,At-Risk
FLNG,2023,0.9650998495600192,0.3235360706373207,0.0664095172124386,0.044554724307884486,Distressed
FLNG,2024,0.9650998495600192,0.3302492780953503,-0.03954752009314812,0.03048776524875703,Distressed
FLNT,2021,0.25978435839028097,-0.03055125284738041,0.059639095130970425,0.10625758651110036,At-Risk
FLOW,2021,0.3500327011118378,0.04362328319162852,0.13208944172960166,0.11218615064768911,At-Risk
FLR,2021,0.03207120655552416,-0.031082226617688613,-0.10336964783379782,-0.10677868274225615,At-Risk
FLR,2022,0.025829452852153666,0.010550058207217695,-0.02910426674201752,-0.021682940838598508,At-Risk
FLR,2023,0.030825901512214038,0.010727672224376374,0.12587310826542492,0.11764274181711434,At-Risk
FLR,2024,0.03518234753294514,0.13147410358565736,0.05434923096807548,0.04694989822050036,At-Risk
FLS,2021,0.2964437202419615,0.03556816320536788,-0.05017899034744996,-0.057656586266087044,At-Risk
FLS,2022,0.2750378963907146,0.05219439465356613,0.02091464137857026,0.04499407160479636,At-Risk
FLS,2023,0.29552256562028634,0.04322177338813774,0.1951406868928279,0.16545016980127286,At-Risk
FLS,2024,0.31467903636091576,0.06203840180999367,0.05490678675556529,0.024140069784200326,At-Risk
FLT,2021,0.8024448995954457,0.2962509563346762,0.18623189770831633,0.12324666981977848,Distressed
FLT,2022,0.7768665842458804,0.27846252650542186,0.2094030636587177,0.2446662225518169,Distressed
FLT,2023,0.7818069951478543,0.26129947449503277,0.096462665980767,0.06077189056434576,Distressed
FLT,2024,0.7813396554964551,0.2525408287498406,0.057713203142651166,0.056118344704942674,Distressed
FLUT,2023,0.473960983884648,-0.10364715860899067,0.24590510408961216,0.29190660663804835,Distressed
FLUT,2024,0.4770785876993166,0.0030609339407744874,0.19151823579304494,0.06807682956479455,At-Risk
FLWS,2022,0.372183333823999,0.01341102457781995,0.040353493588157825,0.09762320098035737,At-Risk
FLWS,2023,0.37541188580139384,-0.022153249022599762,-0.08606970018818914,-0.0819592350853086,At-Risk
FLWS,2024,0.4011928442449879,-0.0033334771196791998,-0.09239126933428748,-0.08778802561814797,At-Risk
FLWS,2025,0.38695393727553273,-0.11864387675317295,-0.07959011062994255,-0.036986190344654196,At-Risk
FLXS,2022,0.13353371965268004,0.0034044851749644484,0.13646604374380122,0.19584292226082475,Healthy
FLXS,2023,0.18020940227385876,0.03753695782489865,-0.27667642876303095,-0.28373410608635885,At-Risk
FLXS,2024,0.21137147730356243,0.025506841880838856,0.04841348058888675,0.026870440440777923,Healthy
FLXS,2025,0.22205848011553644,0.04569311655893696,0.06861505213784548,0.03503707520103447,Healthy
FLYW,2024,0.6393535225462467,0.005892584284274522,0.22091621309173542,0.17613020828426892,At-Risk
FMC,2021,0.4283873781019583,0.1465947831602315,0.08683569936020336,0.08018267367838361,At-Risk
FMC,2022,0.4010133912414043,0.12693242334936147,0.15006342662332514,0.16967740282368618,At-Risk
FMC,2023,0.4080859409824374,0.29453062316127304,-0.22672043844682283,-0.18532717036517776,At-Risk
FMC,2024,0.388332823061162,0.08033254044888251,-0.053646251225817954,-0.05353733630912367,At-Risk
FN,2022,0.12315049261257947,0.08857655121685562,0.20372682044323837,0.19034233237723555,Healthy
FN,2023,0.12712395902522156,0.09372052485278257,0.16930816753778583,0.15992935359217253,Healthy
FN,2024,0.12352482702715639,0.10273478676654987,0.08987096430300952,0.09163228425604732,Healthy
FN,2025,0.1208860691007324,0.09724925401986999,0.18604444657188238,0.18735208207789417,Healthy
FNA,2021,0.8099603971138719,-0.09285656160147561,0.32873194510772114,0.4529202743524529,At-Risk
FNA,2022,0.8229326893920599,-0.3619357933213146,0.23001546140074866,0.36559255303686194,Distressed
FNA,2023,0.7599046162235603,-0.2658822768255318,0.19299493337302834,0.2127076681012541,Distressed
FNA,2024,0.7474725000195174,-0.21328196360400029,0.18389566937321214,0.1332015538782083,Distressed
FND,2021,0.41422814343127035,0.08248937755949921,0.4154299551321055,0.39947919893596673,At-Risk
FND,2022,0.4051417373260424,0.06992540461623277,0.24200728520739426,0.24985030090084442,At-Risk
FND,2023,0.4210232983014506,0.05572869608716496,0.03503621666733498,0.05810746557461735,At-Risk
FND,2024,0.4327537103575813,0.046203462027887436,0.00948960144852017,0.026179389589038954,At-Risk
FNKO,2021,0.37014824738922736,0.04265063495039799,0.577371091600936,0.4846373733294753,At-Risk
FNKO,2022,0.3281311190846643,-0.0060746681424292326,0.285062659514832,0.42919895312627165,At-Risk
FNKO,2023,0.30380919015478713,-0.14057199891249408,-0.1713305904713519,-0.10093689168351283,Distressed
FNKO,2024,0.413899128446921,-0.014019145592227462,-0.0421828214209469,-0.13588818522676227,At-Risk
FNMA,2021,0.29683471281665413,0.22248306997742665,-0.07338545491730888,-0.15187733912833515,Distressed
FNMA,2022,0.24458631553571578,0.10742578784175831,0.2068924003009782,0.2834940148819152,Distressed
FOCS,2021,0.6712251891180572,0.00579103657441165,0.32074186873172267,0.2948300490716636,At-Risk
FOCS,2022,0.6594579160097811,0.04282326352422246,0.19209088568042176,0.20920246445389828,At-Risk
FOE,2021,0.30598420974123297,0.13214574913164231,0.17447135107627687,0.15196095946224747,At-Risk
FOLD,2021,0.8871868392283169,-0.8197987653593616,0.17106322301694993,0.0013749653286840749,Distressed
FOLD,2022,0.8827608411064505,-0.7185427949203148,0.07763637672905334,0.05584309721941935,Distressed
FOLD,2023,0.9065345205781308,-0.3795711094862729,0.21298897741113437,-0.11394729593242127,Distressed
FOLD,2024,0.8997851579136656,-0.106202027276427,0.3228673163793708,0.04521729935497515,Distressed
FOR,2021,0.17287675365816865,0.08311962588625735,0.42283751878085424,0.3553642075866884,At-Risk
FOR,2022,0.21328418142321112,0.11770127048910539,0.14579876301101222,0.1063701923076923,At-Risk
FOR,2023,0.21163616118031875,0.11615282900688984,-0.05411098676848134,-0.04516179095212229,At-Risk
FOR,2024,0.23804160593613358,0.13475553199947,0.05045584243858306,0.03096302316131654,At-Risk
FORD,2024,0.2593046522873759,-0.09757407307639457,-0.45511704860079805,-0.3993221320613308,Distressed
FORG,2021,0.8138956554175875,-0.2699779012394522,0.3862528793268251,0.28578941437211225,Distressed
FORG,2022,0.8182169259627055,-0.30468204053109715,0.22934670185889575,0.3531167528508964,Distressed
FORM,2021,0.4193554673796958,0.10903837209000174,0.10965433323337409,0.10135316843437822,Healthy
FORM,2022,0.3957672905605686,0.06783726436852301,-0.02824182705924846,0.031846119028759626,At-Risk
FORM,2023,0.38995508986551086,0.12424483714421009,-0.11342532860387974,-0.05732260740954511,At-Risk
FORM,2024,0.40325223055556647,0.09116565108126123,0.15155586923278772,0.10118031712891035,Healthy
FORR,2021,0.5917279467545998,0.05025944994588471,0.10096350872191437,0.06629276631618387,Distressed
FORR,2022,0.5839003174119122,0.04054765176547592,0.08794392239766141,0.08885467750401349,At-Risk
FORR,2023,0.5746819224633355,0.0063438710925394,-0.10600479371944654,-0.07070823198157314,At-Risk
FORR,2024,0.577926792609892,-0.013288783036973662,-0.10048067823261832,-0.09237076795857109,At-Risk
FOSL,2021,0.516767591639947,0.013600807684985743,0.1591062780822181,0.040629733759369194,At-Risk
FOSL,2022,0.4937349883116119,-0.026245825257260443,-0.10031732009437251,-0.04056492432229067,At-Risk
FOSL,2023,0.4811588066701407,-0.11122187733647507,-0.16051399188915616,-0.09876695739470434,At-Risk
FOSL,2024,0.5215338125223801,-0.08966977877536049,-0.1893210345061966,-0.21414663867494055,At-Risk
FOUR,2021,0.20358318098720293,-0.03524680073126143,0.7831529534489503,0.7053936913074885,Distressed
FOUR,2022,0.23585473515248795,0.037670545746388444,0.45784277879341867,0.3663960465937169,Distressed
FOUR,2023,0.2682261208576998,0.03352826510721248,0.2866171749598716,0.244122965641953,Distressed
FOUR,2024,0.2921044731311918,0.06904833383368358,0.298635477582846,0.27906976744186046,Distressed
FOXF,2021,0.33280269486337855,0.12610464149572306,0.4587144631319381,0.4195555154848307,At-Risk
FOXF,2022,0.3315731570411316,0.1280993153783703,0.23357355757683995,0.2301356439686068,Healthy
FOXF,2023,0.3174559377343465,0.08253504696833308,-0.08631124917394233,-0.03813779969523394,At-Risk
FOXF,2024,0.3038737489427306,0.004698975049518588,-0.04798391998787033,0.02466399864426223,At-Risk
FPAY,2021,0.9650998495600192,0.0260931088738355,0.22865605257228339,0.21140356962535523,At-Risk
FPAY,2022,0.9650998495600192,0.12057474296427848,-0.09862794346686285,0.010989536788643405,Distressed
FPAY,2023,0.948642037696138,-0.03619249195685024,0.03466271585188011,-0.10385470910150399,At-Risk
FPH,2021,0.38736775493105874,0.02926994482918438,0.46071774975751695,0.13619849130189357,At-Risk
FPH,2022,0.5487656345153886,-0.36077668993301165,-0.6509892588799009,-0.47722532627691366,Distressed
FPH,2023,0.3963075963954433,0.26162318402508833,3.959291703752284,1.2596179616499767,At-Risk
FPH,2024,0.5210233433924834,0.2870514361608231,0.12371299567377628,-0.08170560105238756,At-Risk
FPI,2021,0.8288331819323914,0.19310384816096174,0.02071455345341198,0.23006102508024975,Distressed
FPI,2022,0.7687305995752328,0.19072047051135435,0.18305340265563694,0.03596111381950618,Distressed
FPI,2023,0.7665750182716737,0.5379354748894999,-0.061166476066002284,-0.06961937716262975,Distressed
FPI,2024,0.8058427506612167,0.5635498732008526,0.01322521142936693,-0.026450461172270158,Distressed
FRD,2021,0.14369554928392378,0.049313723771626905,1.2619291874176706,1.326317535171082,Healthy
FRD,2022,0.07868802758509849,0.03898148452538801,0.9196171577821796,1.05078783865376,Healthy
FRGI,2021,0.6960537622069151,0.029025098173126172,0.13292512002232384,0.13846593071945185,At-Risk
FRGI,2022,0.6784440985049736,-0.03758606535158035,0.08417558365078076,0.11164145002647051,At-Risk
FRO,2021,0.26080077935764046,-0.01985689655858919,-0.3830256954913539,0.044258976831811965,Distressed
FRO,2022,0.45718123717189246,0.3306363019451444,0.9089059395493476,0.3324487292037489,Distressed
FROG,2021,0.7976466376044474,-0.3106351272238162,0.37033157193340716,0.6667898848011441,At-Risk
FROG,2022,0.7775782031138408,-0.32203970861305525,0.3549251752684062,0.34476389918997136,Distressed
FROG,2023,0.7798054223375613,-0.17507416701439898,0.24941436937580347,0.15019465772683033,Distressed
FROG,2024,0.7705886745953212,-0.16158212131961688,0.22465031467392235,0.2213081229991021,Distressed
FRPT,2021,0.3810815320725095,-0.06979968929866577,0.33469995922080364,0.4032694489818821,Healthy
FRPT,2022,0.31247984358622916,-0.0999321400736381,0.39919950927050996,0.43801871367893513,Healthy
FRPT,2023,0.3271269208952986,-0.04383129372339108,0.288154411567094,0.23174377092257853,Distressed
FRPT,2024,0.40603500697822037,0.04811946959372504,0.2715912869428018,0.1753791665046699,At-Risk
FRTA,2021,0.22623084912310912,0.06259424087995824,0.16542051268543362,0.14049634472122677,At-Risk
FSI,2022,0.24718529821324473,0.15317478536268903,0.33193929568619085,0.3380293570522067,At-Risk
FSI,2023,0.1957403254696188,0.07242995567935817,-0.1639525764886917,-0.09509529536497394,At-Risk
FSI,2024,0.3462782131280198,0.07947012229154232,-0.0023469394730921797,-0.055354276062768715,At-Risk
FSLR,2021,0.24969547205167175,0.16032588338760276,0.0782069477290129,0.04023170702596444,Healthy
FSLR,2022,0.02667029101839066,-0.01686163464625729,-0.10400916474337726,0.1675406918930235,At-Risk
FSLR,2023,0.3919358211680702,0.2503394501660639,0.2669713005556024,-0.16118150414507806,At-Risk
FSLR,2024,0.4416871974322259,0.30716957394035455,0.2674882375168821,0.1561787679091222,At-Risk
FSLY,2021,0.5286823018090481,-0.6285016792255806,0.2181563151055096,0.4402691880648905,Distressed
FSLY,2022,0.48479057137905135,-0.4408666011901323,0.22124855360821832,0.1841332796140584,Distressed
FSLY,2023,0.526352403614315,-0.2630260006166154,0.1693061413137674,0.03060136333374575,Distressed
FSLY,2024,0.5443278717471435,-0.2907209440917017,0.07448397985722982,-0.0028197799056738602,Distressed
FSS,2021,0.2379657105176393,0.08292120013188263,0.07286876547576937,0.08895582329317268,At-Risk
FSS,2022,0.2403819347644271,0.0839141343741288,0.18265743488295416,0.17508758989489212,At-Risk
FSS,2023,0.2613339525163987,0.09136820107970046,0.2006551435740173,0.17520596312279324,At-Risk
FSS,2024,0.2863282299221058,0.11619661563255439,0.08057119637777907,0.05321137668580585,Healthy
FSTR,2021,0.16802694599119972,0.00705969393715198,0.03258673410921753,0.056812473794984414,At-Risk
FSTR,2022,0.18012369923838736,-0.09158648192853425,-0.031390911568864144,-0.024476135669519138,At-Risk
FSTR,2023,0.2060602048022599,0.0026924435028248587,0.09295935452877102,0.07640626793131287,At-Risk
FSTR,2024,0.22243742522585325,0.08091339858506119,-0.02386968867702448,-0.03910690805163129,At-Risk
FTAI,2022,0.6493772682807014,-0.2727371539967618,1.110985955784411,1.3380139527979813,Distressed
FTAI,2023,0.5711557644743854,0.2082311323977535,0.6528484170912083,0.4763664265035589,Distressed
FTAI,2024,0.5239590040008046,0.005004320131235154,0.4816866741367295,0.8214824998863509,Distressed
FTCI,2021,-0.12030311431475835,-0.3940079475094723,0.44393974977582307,0.9450405819520458,Distressed
FTCI,2022,-0.22124713568329188,-0.8094274616872248,-0.5450845578042695,-0.4396633520332017,Distressed
FTCI,2023,0.06540841876505882,-0.3959780160942347,0.03198283847691483,-0.2014885149884566,Distressed
FTCI,2024,-0.2659486854608806,-1.0264174849540704,-0.6271318561912411,-0.43646324931516095,Distressed
FTCO,2021,0.6752974704356405,0.21758881486804127,0.5214668223173421,0.3479244586046082,Healthy
FTCO,2022,0.6579276408663736,0.19742131515615968,-0.09414315117709386,-0.034632776103041926,Healthy
FTCO,2023,0.7263421509996852,0.2328767123287671,-0.01755871953105043,-0.040807636350732764,Healthy
FTCO,2024,0.6546311673005839,-0.05469545186693095,-0.4890862562095439,-0.2999704043505605,Healthy
FTDR,2024,0.5377102550189907,0.12750949538795442,0.03539325842696629,-0.006609385327164574,At-Risk
FTEK,2021,0.49041671818968713,0.0022257944849758873,0.07587583148558759,-0.035183034208850085,Healthy
FTEK,2022,0.4321665862440147,-0.05352436806354627,0.11046535592102552,0.10555339805825242,At-Risk
FTEK,2023,0.43041246630478935,-0.05679258520734094,0.005196540588693813,0.04464662076717718,At-Risk
FTEK,2024,0.4226713882146978,-0.07730871762224963,-0.07193235109486355,0.003228084333703218,Distressed
FTI,2021,0.1286640118685094,0.0020769891465604747,-0.019462223991669983,-0.050081384133108274,Distressed
FTI,2022,0.13376813324577638,-0.01599904483314429,0.04636526899351917,0.029351568325691347,Distressed
FTI,2023,0.16284092942409448,0.007182842974361596,0.16772133006984657,0.12440080765733134,Distressed
FTI,2024,0.18969977871478427,0.09279667081347087,0.16092380051634672,0.11044551062371487,Distressed
FTK,2021,0.07525191827678654,-0.7055098456133864,-0.1857887506821475,-0.42079130570649814,Distressed
FTK,2022,-0.04923140228668842,-0.3108558916027393,2.145326800406767,1.623984653658244,Distressed
FTK,2023,0.1290187069946506,0.13141158578736348,0.3818446345119478,0.11282326601480398,Distressed
FTK,2024,0.2105921668226173,0.05613153321748429,-0.005492986206383137,-0.1020775808090658,Distressed
FTLF,2021,0.44796331458460215,0.19381650127180883,0.26240332865994304,0.2205460174500422,Healthy
FTLF,2022,0.4178037010033677,0.1537687046488213,0.03188478486726615,0.05359037033620809,Healthy
FTLF,2023,0.40667931688804554,0.10049335863377609,0.8296705204318995,0.9051433574086233,At-Risk
FTLF,2024,0.43555817524701795,0.13935379794940203,0.22332068311195447,0.17397697768995704,At-Risk
FTNT,2021,0.7657231763509066,0.18155705822512117,0.28823620104841197,0.2822902796271638,Distressed
FTNT,2022,0.7544030425136958,0.19407343686331327,0.3217042666507091,0.2803738317757009,Distressed
FTNT,2023,0.7667772583320767,0.21637007992761273,0.2008873998279531,0.1783976364268335,Distressed
FTNT,2024,0.8056348433459821,0.2930252862755633,0.12271904690091992,0.021802718580242363,At-Risk
FTRE,2024,0.19811600652722147,-0.12182910547396529,-0.051398416886543535,0.006775893593374682,Distressed
FTV,2021,0.572268635697566,0.10921651093306944,0.13384688417055066,0.09313797313797313,At-Risk
FTV,2022,0.5773383456065365,0.12963249051616116,0.10866462405084971,0.076847466714324,At-Risk
FTV,2023,0.6328981322977082,0.2212115792432101,-0.32816657225741114,-0.30713218820014937,At-Risk
FTV,2024,0.6417947021490358,0.20409713543581073,0.04266843813076471,0.007395431000928172,At-Risk
FUL,2021,0.2578749255269398,0.04923473878068877,0.17480823533501608,0.17631238841160332,At-Risk
FUL,2022,0.25704240097109154,0.04809394473409274,0.14373018436982446,0.1325588290415311,At-Risk
FUL,2023,0.2873585775181191,0.041272778126846016,-0.0635469114204348,-0.07899336488188265,At-Risk
FUL,2024,0.29754988881217326,0.036499197474960325,0.016463425401901603,0.02050797310473392,At-Risk
FUV,2021,-0.5044542404467389,-10.84389960198093,1.0154556394750156,1.511389393398671,Distressed
FUV,2022,-0.5044542404467389,-9.588890383354942,0.49502829542143556,0.3357196161913656,Distressed
FVRR,2022,0.8045209060782651,-0.21189746447478405,0.13338618970510177,0.12031708269922624,Distressed
FVRR,2023,0.8288592182635767,0.010186094776893808,0.07116603332878832,-0.020264344694239222,Distressed
FVRR,2024,0.8197460413149041,0.04660762591287955,0.08330958145970252,0.08184942786413234,Distressed
FWAC,2023,0.9344278541226215,-0.8299088266384778,0.04023916703893337,0.1110390718307456,Distressed
FWAV,2022,-0.5044542404467389,-24.696043881430608,-0.6509892588799009,1.8793949013163034,Distressed
FWRD,2021,0.30071286098093536,0.07630978924141471,0.09267210314018966,0.037262608006195796,At-Risk
FWRD,2022,0.36883451990135946,0.11501970072051411,0.21078525720736405,0.1546852851390338,Healthy
FWRD,2023,0.34650753063137657,0.12208851455605935,-0.18390851816526696,-0.10440887599045559,Distressed
FWRG,2021,0.4621228124745298,-0.0035046981584948593,0.7558822154982067,0.48818004225355727,Distressed
FWRG,2022,0.43736047616830237,0.009459544594213339,0.21452179250257405,0.2244012247186166,Distressed
FWRG,2023,0.448843644390506,0.02847285236626957,0.22103177103163407,0.19154541458631533,Distressed
FWRG,2024,0.4506058607553819,0.018628618676851297,0.13948613147200778,0.1514735545261286,Distressed
FXLV,2021,0.6798354895384124,-1.5450007985944738,0.5212663856255998,1.5264012254649795,Distressed
FXLV,2022,0.6880476523371288,-1.7122568782739436,-0.1660836927008465,0.013343770644609551,Distressed
FYBR,2021,0.6334928229665072,0.09904306220095693,-0.41579315164220826,-0.42878762401210696,Distressed
FYBR,2022,0.6251944012441679,0.07620528771384137,0.38444976076555026,0.5001471886959081,Distressed
FYBR,2023,0.6304990436445835,0.0050426012867327424,-0.006220839813374806,0.017660910518053376,Distressed
FYBR,2024,0.6446016506653192,-0.054236146201785414,0.03234220135628586,0.052834554569996146,Distressed
G,2023,0.3508385735805765,0.14100308071142276,0.024184818167759126,-0.005942071650683726,At-Risk
G,2024,0.3545241705769435,0.10775225979355751,0.06483320556600924,0.05695403911200924,At-Risk
GAIA,2021,0.8677189498950649,0.04688776343734684,0.19073129124455684,0.08079210692043944,Distressed
GAIA,2022,0.8669470348022186,-0.047430974584019014,0.030940143013333667,0.06504117677526286,Distressed
GAIA,2023,0.8554020615992938,-0.07214354102682069,-0.01965014932650698,0.03330050698471751,Distressed
GAIA,2024,0.8607552409962372,-0.058602848951800755,0.11032913470027231,0.11793152135545358,Distressed
GAMB,2023,0.9161359201855466,0.16805949269226522,0.4201576326349223,0.254660061604903,Healthy
GAMB,2024,0.9407463320281172,0.24122124199965403,0.17054449066745206,0.1519342959466471,At-Risk
GAMCU,2024,-0.06773488710852149,-24.696043881430608,-0.6009880848590526,0.2604029207354623,Distressed
GAME,2024,0.3432310276382508,-1.7699376223866403,-0.3331331398754015,-0.16489668001481134,Distressed
GAN,2021,0.48518479740341325,-0.24640190717041308,2.531471316021502,1.7800333144185536,At-Risk
GAN,2022,0.4571462890735402,-1.3954694477417897,0.139856478983272,0.09468250414812084,Distressed
GAN,2023,0.4054736939707462,-0.26614330198811614,-0.08555904132044542,-0.03923467423732076,Distressed
GAN,2024,0.44682884190876904,-0.0589564289841331,0.0431080444138805,-0.13231454990515423,Distressed
GBL,2021,0.48853968106374074,0.24308429029708495,0.15939875099142942,0.14732351967623675,Healthy
GBT,2021,0.9650998495600192,-1.5563160786448198,0.5730555802363432,0.31112161952826267,Distressed
GBTG,2021,0.3748361730013106,-0.002621231979030144,-0.03783102143757881,-0.018740629685157422,Distressed
GBTG,2022,0.5505132360886008,-0.01350621285791464,1.4259501965923984,0.5676088617265088,Distressed
GBTG,2023,0.5803493449781659,-0.027510917030567687,0.2371690977849811,0.09941520467836257,Distressed
GBTG,2024,0.6009079653322328,-0.05695418902187371,0.058078602620087336,0.017287234042553192,Distressed
GBX,2021,0.1592196349905601,0.01853652954974541,-0.3740061600171907,-0.3539223844466299,At-Risk
GBX,2022,0.11915236592000537,0.01575041139134231,0.7035871617369415,0.6959779872372812,At-Risk
GBX,2023,0.12591277890466532,0.01584685598377282,0.3245122074084025,0.27125547999585764,At-Risk
GBX,2024,0.17820972155612605,0.045166022512483424,-0.1012423935091278,-0.14190675319738236,At-Risk
GCI,2021,0.40725847803813053,-0.042069360424901725,-0.05801707153071202,-0.08476617935396212,Distressed
GCO,2021,0.4876527816541458,0.04741784347693969,0.35574773443491015,0.26658028174033516,At-Risk
GCO,2022,0.4764123095088742,0.030154455890591087,-0.015357023125539824,0.0071305691222044755,At-Risk
GCO,2023,0.47268719586479363,-0.007238589982724088,-0.025269111170000438,0.007443713789815924,At-Risk
GCO,2024,0.4717349472831262,-0.008124514529074924,0.00018841756774428897,2.5131681344146312e-05,At-Risk
GD,2021,0.16657568431724246,0.08466557487847358,0.014344100197758735,0.015210700757575758,At-Risk
GD,2022,0.16804121095236887,0.08602532544979319,0.024383269645688738,0.02594298373462368,At-Risk
GD,2023,0.1578349735049205,0.07842070401211204,0.07270281929606415,0.08043527673599273,At-Risk
GD,2024,0.1543297845586386,0.0792606253667533,0.12878501135503406,0.12867173324217004,At-Risk
GDDY,2021,0.6403805330607752,0.06350079932908771,0.1504507492387011,0.1442900463194375,Distressed
GDDY,2022,0.6371568938968054,0.08608510742306846,0.07222790051628797,0.041614490812196044,Distressed
GDDY,2023,0.6300980230836134,0.32317058837356905,0.0397917532324689,0.010931558935361217,Distressed
GDDY,2024,0.6387649785708038,0.20486748884807138,0.07500999036223878,0.0067479742249509115,Distressed
GDEN,2021,0.46799167930486996,0.14753274609386044,0.5796803307618615,0.27849268120199167,Distressed
GDEN,2022,0.4319878686195027,0.07341054221244359,0.022959427947650025,0.04691453150575253,Distressed
GDEN,2023,0.43026675237786866,0.24284882765876434,-0.06112939158559318,-0.028335653006975468,At-Risk
GDEN,2024,0.5412676322474799,0.07607923001478664,-0.36683413268208015,-0.34225704347531716,Distressed
GDEV,2024,0.8460661103375893,0.07745532531903986,-0.07275918420157006,-0.07102374955019791,Distressed
GDNSF,2021,0.36363780459260236,-0.618785053890294,0.10637467238488926,0.03699814977488376,Distressed
GDNSF,2022,0.4141748999713464,-0.5689373632335822,0.3706357993826122,0.08858535848916393,Distressed
GDNSF,2023,0.5150559500514011,-0.2898691948682246,0.18100018858072361,-0.04918574865329875,Distressed
GDNSF,2024,0.5138141295085464,-0.28181041938236856,0.12765975504589572,0.048527488516458696,Distressed
GDOT,2021,0.8153177825518753,0.03312873247711236,0.1431190977539561,0.11688936795111822,Distressed
GDOT,2022,0.8317158377059064,0.04429739660008582,0.011421318911496465,-0.008437700982569254,Distressed
GDOT,2023,0.8411219933285731,0.004477369368985325,0.035708618993547034,0.09110671484683709,Distressed
GDOT,2024,0.8543723562483613,-0.015489513166840307,0.14823409674634724,0.1669662626516747,Distressed
GDRX,2021,0.9373296271652106,-0.03387870527377707,0.35359360813510077,-0.11422898069865287,Distressed
GDRX,2022,0.9151018714924193,-0.042825423910122444,0.0283462834574685,0.04480490916890022,Distressed
GDRX,2023,0.9107981846414267,-0.011819823662305984,-0.021249644512976253,0.016286270161712097,Distressed
GDRX,2024,0.9391473690056088,0.020685981997263746,0.056058859203081575,-0.06534906699327905,Distressed
GDYN,2021,0.4152215070049224,-0.03644452858765619,0.898582892265665,0.6667587251737933,Healthy
GDYN,2022,0.388396106698617,-0.0940924111542698,0.4695285876561908,0.5693320077640487,Healthy
GDYN,2023,0.36159279025917995,-0.005640599533412163,0.007820099071765835,-0.039216869287157986,Healthy
GDYN,2024,0.36228039398581174,0.011526908957101414,0.12035729123390113,0.10733775000784954,Healthy
GE,2021,0.23182631178168553,-0.11222086454514867,-0.2553603924361105,-0.29481813124221795,Distressed
GE,2022,0.34839905281581385,0.011565256185867737,-0.48398236200393135,-0.47722532627691366,Distressed
GE,2023,0.3510523933461582,0.2682471426954849,0.21308212361439993,0.1929518046618656,Distressed
GE,2024,0.37191876388817113,0.16937109193323344,0.09488514201652144,0.07272727272727272,Distressed
GEF,2021,0.1967207213693058,0.07031910872734472,0.23058693244739756,0.2217282510992882,At-Risk
GEF,2022,0.20244113709740924,0.05932750610284274,0.14279800579543206,0.12250944521773713,At-Risk
GEF,2023,0.2196182884298471,0.06883072088299544,-0.17810851248129775,-0.1813076827691272,At-Risk
GEF,2024,0.19654558469925296,0.049338301426185276,0.0439773119227379,0.08442963475852519,At-Risk
GEG,2024,0.6901424245822586,-0.07782886621060894,1.0586401939282004,0.2920617308856163,Distressed
GEG,2025,0.9336847266486884,0.5635498732008526,-0.08511831333408097,-0.0530465670010539,Distressed
GEN,2021,0.8540772532188842,0.2989985693848355,0.09604076832614661,0.17804551539491298,Distressed
GEN,2022,0.822429906542056,0.4021706361169732,0.1863376251788269,0.16022727272727272,Distressed
GEN,2023,0.8076315789473684,0.15973684210526315,0.14561350618028338,0.28942213516160625,Distressed
GEN,2024,0.8027954256670902,0.16340533672172808,0.035526315789473684,-0.12077478161792632,Distressed
GENC,2021,0.21316165951359084,0.06807148385281081,0.10149832084732627,0.17657615046463748,Healthy
GENC,2022,0.19853303568840056,-0.0035949323051053836,0.21343136565116444,0.1742199415916857,Healthy
GENC,2023,0.2763454675231977,0.1395764929812039,0.015423419244484388,-0.07715079748670856,Healthy
GENC,2024,0.2768234275312373,0.12864287860311402,0.07700214132762313,0.0854228041462084,Healthy
GENI,2021,-0.5044542404467389,-2.2560869316992407,0.7546197049532853,1.8793949013163034,Distressed
GENI,2022,0.008395180468523205,-0.5326115960812717,0.297996079700078,-0.3655606998072019,Distressed
GENI,2023,0.16709162980020678,-0.20711565050838182,0.2109732603385636,-0.07198319524043865,Distressed
GENI,2024,0.2519250568611101,-0.12339154501716598,0.23710037120711322,0.1703198862663291,Distressed
GENK,2024,0.36149342547269414,0.0028409636241481908,0.15122619567199058,0.20233406778974883,Distressed
GEOS,2021,0.171761679878563,-0.14817001180637543,0.08002504696305573,0.10856401384083045,Healthy
GEOS,2022,0.20215566983742844,-0.2560810280886917,-0.05914783268679372,-0.022014132743746476,Healthy
GEOS,2023,0.41515071199672315,0.09803307391433551,0.3950119323720211,0.016294904074612575,Healthy
GEOS,2024,0.3877122081446629,-0.0485110399858405,0.08906183488743785,0.09766735872428774,Healthy
GES,2021,0.45126215884900284,0.06612168167459025,0.38107697776053556,0.22820394915523143,At-Risk
GES,2022,0.4274646026754982,0.055671944480622175,0.036933884492043816,0.06489282323803786,At-Risk
GES,2023,0.4403265947063421,0.07138370556053779,0.033185108006028245,0.03130391874665899,At-Risk
GES,2024,0.4343477205583598,0.020172785585821394,0.07878286926487378,0.1279483323152692,At-Risk
GETR,2023,0.9063979086406164,-1.5677765547605944,0.22243713733075435,-0.09581398281043142,Distressed
GETY,2023,0.7269678306266399,0.021099661231459104,-0.010460526599902402,0.013444704125236824,Distressed
GETY,2024,0.7305743611909885,0.04208830740764005,0.024801566736311516,0.0070398126719357235,Distressed
GEVO,2024,0.2904522613065327,-4.649127992905705,-0.016569767441860464,0.01757970671417714,Distressed
GFF,2021,0.2823507702281221,0.034885093361918695,0.09875415306506606,0.0897957764532129,At-Risk
GFF,2022,0.3289064233375742,-0.0672490107032222,0.25449457550472865,0.2002268524977822,At-Risk
GFF,2023,0.3533543151435116,0.02890566490254109,-0.05733041529400861,-0.05611205271276495,At-Risk
GFF,2024,0.38876585655912665,0.08000586997621516,-0.02296417041222144,-0.06467708743152861,At-Risk
GGG,2021,0.5201976446059786,0.22130420082833235,0.2045269572120731,0.19058461307032232,Healthy
GGG,2022,0.4933187031990823,0.21490109030888896,0.07844252991535554,0.0786494401851286,Healthy
GGG,2023,0.5287929619430809,0.23069302962371208,0.024298805563369802,-0.013533050551272232,Healthy
GGG,2024,0.5311373216310291,0.23001008841081977,-0.037479402042078586,-0.00409470282912021,Healthy
GH,2021,0.6710530893636609,-1.0856864524037007,0.3031527918250619,0.4485563432284744,Distressed
GH,2022,0.6522540919788761,-1.4561349652309705,0.20308949747492994,0.26669334509223175,Distressed
GH,2023,0.5973884116975324,-0.8501652634640073,0.2545057370010989,0.13558188015888667,Distressed
GH,2024,0.6078582872360003,-0.5904784199530186,0.31043287679005865,0.047787977563031984,Distressed
GHC,2021,0.33630312111774924,0.1105078070316958,0.10274855224132184,0.11495738331525616,At-Risk
GHC,2022,0.3227869179534783,0.017092398941723173,0.23180320994458836,0.20676739521513926,At-Risk
GHC,2023,0.2971641112538356,0.04649914369075288,0.12495473937652583,0.14409211109479592,At-Risk
GHC,2024,0.306072924859275,0.15125203928110437,0.08517270130062514,0.06574011319658121,At-Risk
GHL,2021,0.34249651223944144,0.13324977404350333,0.018804663787626973,-0.03957415279023515,At-Risk
GHL,2022,0.23021504793889822,0.012667631377343743,-0.1860716321459726,-0.0340991221445335,Distressed
GHM,2021,0.07433191655674434,-0.0714332242252512,0.2597728974550975,0.41978601136616184,At-Risk
GHM,2022,0.16171285276034572,0.0023358240303466187,0.2793166902796098,0.16183277801381962,At-Risk
GIFI,2021,0.017805932457304285,-0.23721268672687582,-0.20621087412617112,-0.25075729643365796,At-Risk
GIFI,2022,0.055473580663293984,-0.02355255761663856,0.522920857766554,0.4728376239916631,At-Risk
GIFI,2023,-0.07877961434330463,-0.16153097632176452,0.06146008993816751,0.17431324890755312,At-Risk
GIFI,2024,0.13978102877530638,0.09259480273117293,0.053830419615137653,-0.1605558840922531,At-Risk
GIG,2022,0.2773545103250737,-0.7849378431208108,0.06479687864924645,-0.08419549207766124,Distressed
GIG,2023,0.2616650769508391,-0.3890464282952231,0.0009870267271354935,-0.0708186718392093,Distressed
GIII,2021,0.35719335863089535,0.07250686598196013,0.3461515629546514,0.25560329323470615,At-Risk
GIII,2022,0.3412549802772344,-0.041237129376879615,0.16634147082020923,0.2169992542756898,At-Risk
GIII,2023,0.40082311194541936,0.05686063257808783,-0.03981928442682495,-0.05972300723521549,At-Risk
GIII,2024,0.4082393212265106,0.060854578539459935,0.026645433119814398,0.025420732078624258,Healthy
GILD,2021,0.7582494048709028,0.22798022340230728,0.10595811900036453,0.12273037542662116,At-Risk
GILD,2022,0.7926395659983139,0.1683222755764085,-0.0008789598974546786,-0.008572470817120623,At-Risk
GILD,2023,0.7603628853813247,0.208880365835669,-0.006048165389831751,0.12258539277610842,At-Risk
GILD,2024,0.7826041594212979,0.01669332962370453,0.060407139696120375,-0.0031137332022287776,At-Risk
GIS,2022,0.33708563245019163,0.14254349016469398,0.04776300546146632,0.06635588109741637,At-Risk
GIS,2023,0.325755690696818,0.12908700022892178,0.05799039636072617,0.08331638877592518,At-Risk
GIS,2024,0.3490975565537941,0.12572769574763815,-0.011794448149217186,-0.05071911219557975,At-Risk
GIS,2025,0.345519485184691,0.11778350250941673,-0.018663255645307495,0.0009453723098596771,At-Risk
GKOS,2021,0.7733860297743962,-0.16867736241161044,0.30695371156521856,-0.0046741575612891375,Distressed
GKOS,2022,0.7561390359963516,-0.35068337210371137,-0.03792034991888059,0.11038880544736986,Distressed
GKOS,2023,0.759859045282815,-0.4278878081795679,0.11259554128868494,0.13821250081131953,Distressed
GKOS,2024,0.7548066266646848,-0.38169296523165425,0.21851794185776793,0.12136328696132168,Distressed
GLBE,2024,0.45091555919252246,-0.10036080365160926,0.32076372147536786,0.16080084299262382,Distressed
GLDD,2021,0.20005536053895276,0.06807418312219668,-0.010158110471496085,0.02860684977524675,At-Risk
GLDD,2022,0.048048571089473954,-0.05249074803361997,-0.10654562631085356,0.03998674987908487,Distressed
GLDD,2023,0.13183294466822132,0.023584481662073352,-0.09118022876748856,-0.14920333470410108,Distressed
GLDD,2024,0.21053818508888897,0.07508263482161237,0.29352215391138436,0.1826824548421739,Distressed
GLG,2021,0.01495823371537105,-0.004675270558853922,4.509057831645275,1.8793949013163034,Healthy
GLG,2022,0.006620046592699178,0.028852732587289133,-0.2202456456916968,-0.2017875469830742,At-Risk
GLG,2023,-0.0014074094580806553,-0.005346579722929884,-0.14160864204927945,-0.08038393267400415,At-Risk
GLGI,2022,0.10482030751074645,0.05752887700369653,0.14239943932896543,0.22031030261049553,Distressed
GLGI,2023,0.1535831537082546,0.10432220682111061,-0.1808187344293409,-0.2104665390034292,At-Risk
GLGI,2024,0.18963247673647027,0.08137638096289433,0.016816498609703044,-0.02288948196419309,At-Risk
GLGI,2025,0.16378742300777543,0.04062607785658347,-0.06330834792054446,-0.016940765067814043,At-Risk
GLT,2021,0.1334892605656526,0.006395352053205789,0.18352031319217282,0.2228402786900737,Distressed
GLT,2022,0.09977831808739336,-0.13022504804449195,0.3748817638891706,0.3829584723728713,At-Risk
GLT,2023,0.09361638551990739,-0.05705672110607167,-0.07095028182972737,-0.0694877429686036,At-Risk
GLTA,2024,-0.1548212440154976,-3.9593969984975605,-0.068393791333925,0.6604041398762607,Distressed
GLW,2021,0.35953699758557023,0.13535009231643233,0.24586392993010706,0.10894941634241245,At-Risk
GLW,2022,0.31756994855169496,0.09274790330537741,0.007598352506746201,0.06524644945697577,At-Risk
GLW,2023,0.3122815379726724,0.046155068319034,-0.11283388540418635,-0.08258175829346717,At-Risk
GLW,2024,0.32596432382985213,0.038572953194084464,0.042103590721321894,0.024363138998119337,At-Risk
GLXZ,2021,0.9650998495600192,0.10567314129066213,0.9534467948008644,0.2526106246645062,Distressed
GLXZ,2022,0.9650998495600192,-0.07564055345067162,0.17303155494756955,0.11069915620005356,Distressed
GLXZ,2023,0.9545407470069902,-0.06504662046435211,0.1854245055925812,0.2123713854243953,Distressed
GLXZ,2024,0.9524292204046788,-0.08277629978398401,0.14208392043436913,0.2362862141754349,Distressed
GM,2021,0.20833989480646278,0.07888727914081446,0.036894313589419116,0.015787520176778792,Distressed
GM,2022,0.19040418540849205,0.06338086579257983,0.2340949891342005,0.24423011556764107,Distressed
GM,2023,0.1775584548596967,0.05893786152395805,0.09638561903850448,0.11011398638173486,Distressed
GM,2024,0.19407069920295345,0.032057916582196096,0.09078106632837141,0.07452751255044787,Distressed
GME,2021,0.22423345034688139,-0.06343687091353753,0.18093048842783607,0.19234727289737114,At-Risk
GME,2022,0.23149210419759753,-0.05282426778242678,-0.013891892791189046,-0.02140447234209494,At-Risk
GME,2023,0.2454483386436049,0.0012706721286602943,-0.11040626265352949,-0.14970895271082887,At-Risk
GME,2024,0.2913680355741564,0.0343447554276746,-0.2749582764375664,-0.2759075907590759,Healthy
GMED,2021,0.7503157283880004,0.15571515350140172,0.21425982393839618,0.13313241385453628,Healthy
GMED,2022,0.7421647310486555,0.18592198411681948,0.0675721374133443,0.030590479584510326,Healthy
GMED,2023,0.650505331289736,0.07833910114021508,0.5334474596785626,0.7379530938529759,At-Risk
GMED,2024,0.5889904360441462,0.0408771292652286,0.6062438953480959,0.6824192061796849,At-Risk
GMHI,2021,-0.4429000751314801,-7.450100175306787,1.2897283348863882,1.4447662309324976,Distressed
GMHI,2022,-0.5044542404467389,-10.957270627549265,0.27404207362885047,0.9598695313514215,Distressed
GMII,2021,0.13522134075142522,-1.2637672573665775,1.0137277615449782,0.3710403337969402,Distressed
GMII,2022,0.30594708544882376,-0.35946239614125874,0.9793727247750532,0.5087818961267141,Distressed
GMII,2023,0.34741706058804184,-0.4910890168187541,0.3057649056677431,0.10107010980795039,Distressed
GMII,2024,0.39278930967434555,-0.3606906475746533,0.03190015712563075,-0.04039695954197727,Distressed
GMS,2022,0.3211035896329459,0.05899662881954745,0.40500869552564656,0.35654051612130994,At-Risk
GMS,2023,0.3238625232959522,0.06248362809640077,0.14981569082229834,0.14423391889433407,At-Risk
GMS,2024,0.32263377043632324,0.05017878346544207,0.032397604767047984,0.04871973517638013,At-Risk
GMS,2025,0.3123151662266143,0.020942054192636648,0.0021503453257207,0.032031202591307845,At-Risk
GNE,2021,0.2834728971846976,0.09037055826571679,-0.09430700697615779,-0.10334141538867293,At-Risk
GNE,2022,0.49053207368978163,0.2782698810606613,-0.02391197423817316,-0.21211645163446755,Healthy
GNE,2023,0.34103865568172276,0.12186150013529022,0.35865297158195975,0.5849846639430848,At-Risk
GNE,2024,0.3256875555618271,0.08351089599766699,-0.00817806059135822,0.01740848101367465,At-Risk
GNK,2021,0.8499640852522897,0.33265829447899853,0.5387810777365283,0.008132556943698346,At-Risk
GNK,2022,0.8085816878797022,0.2953361120733647,-0.018633631191181603,0.05345103693529911,At-Risk
GNK,2023,0.7365622353937341,-0.033530906011854364,-0.2851542275214458,-0.05881318705098243,At-Risk
GNK,2024,0.7487541842388941,0.18061018968549652,0.1021064287110011,-0.006072659238460367,Healthy
GNL,2021,0.916299446869856,0.0290521128344597,0.18516588711436396,0.14383272837923014,Distressed
GNL,2022,0.9132205555130299,0.03173492901015423,-0.03162094737595469,-0.02393846457874915,Distressed
GNL,2023,0.9003479443019914,-0.4753892781109159,0.1765943350657372,0.1935880763450322,Distressed
GNL,2024,0.8871098802547592,-0.23091192766495902,0.27824776057124784,0.11703973851262746,Distressed
GNRC,2021,0.3639323083904887,0.147301818695574,0.5037759536455818,0.49379378185977535,At-Risk
GNRC,2022,0.3334264383687384,0.08751917142214327,0.22143758509080633,0.33521328345215345,At-Risk
GNRC,2023,0.3394342609020334,0.05334918351432023,-0.11875163892246147,-0.09052079990856358,At-Risk
GNRC,2024,0.3877305314870174,0.07363296626452512,0.0679069383570651,0.033720632217855345,At-Risk
GNSS,2021,0.498393719549816,0.014977767376550433,0.09283887468030691,0.24209472801536422,At-Risk
GNSS,2022,0.504783936337559,-0.3000277597853243,0.14960747186349807,0.22833685402556675,Distressed
GNTX,2021,0.35797054732689965,0.20841237244018695,0.025459539002378705,0.025418121407823638,Healthy
GNTX,2022,0.3177840116017586,0.16610959951040472,0.10847468573375386,0.17221586274324974,Healthy
GNTX,2023,0.3316914657418186,0.1863258824432083,0.19815805894615904,0.16432535523308953,Healthy
GNTX,2024,0.33332702737375897,0.17485204549588548,0.0061322184876935765,0.022866332723659868,Healthy
GO,2021,0.3080892147051126,0.020233265423684123,-0.01756437740857004,-0.012148919899645389,At-Risk
GO,2022,0.305217488271013,0.018180593560662487,0.16187878744582868,0.16473035997146954,At-Risk
GO,2023,0.31280859100737557,0.020012077230792253,0.1093742183353684,0.1035166550821952,At-Risk
GO,2024,0.3023988785545285,0.00902779159835489,0.10128549198088502,0.11281272512657821,At-Risk
GOED,2021,0.20190324680020247,-0.02193072528743944,4.509057831645275,1.8793949013163034,At-Risk
GOED,2022,0.16748616396681598,-0.23568031372901208,0.5459512618410587,0.5967953117880153,At-Risk
GOGO,2021,0.695590916131492,0.45495299598470135,0.24469260486878888,0.11234078203623162,Distressed
GOGO,2022,0.6636696389460164,0.2278310280225804,0.20359768375650847,0.21689060393323725,Distressed
GOGO,2023,0.6655968529366638,0.36641455617402413,-0.01606169273907545,0.044589880836399344,Distressed
GOGO,2024,0.6253662507392475,0.030910100762521108,0.11854810514692751,0.43899316781999326,Distressed
GOLF,2024,0.4833874691657737,0.087216142991855,0.03152651453928325,0.026775059737014054,At-Risk
GOOG,2021,0.5693980290098084,0.2951167728237792,0.4115007642704915,0.2662363856393707,Healthy
GOOG,2022,0.5537944250378312,0.2120380715326196,0.0978081564371577,0.16247771387691912,Healthy
GOOG,2023,0.566250479840205,0.24006649446638517,0.08682770227269514,0.07263190284335125,Healthy
GOOG,2024,0.5820043540617911,0.28603671811164,0.13866243322901553,0.06511400666066042,Healthy
GORO,2021,0.2935157672769098,0.06412345442346401,0.38045252061923873,0.1065789185519371,At-Risk
GORO,2022,0.4164744384533318,-0.045565295118364525,0.10805457043356018,0.21936569194992825,At-Risk
GORO,2023,0.22086812377210216,-0.16389366404715128,-0.2955220437703642,-0.07100135526646811,Distressed
GORO,2024,0.0026473541673006115,-0.8596445850957003,-0.32745988867059594,-0.18640040533221516,Distressed
GPC,2021,0.35156103359156693,0.0476293433510806,0.14107854586621757,0.13120241555980278,At-Risk
GPC,2022,0.3502947799583209,0.053525635644105826,0.17092611699418828,0.16137367905318567,At-Risk
GPC,2023,0.3590495010742462,0.05701555740623569,0.04501440149297793,0.04372105428185865,At-Risk
GPC,2024,0.36291443846055166,0.0384933193094317,0.01714805282320389,0.03280971395723777,At-Risk
GPI,2021,0.1810278966614498,0.04095120124018128,0.2718533612573348,0.24985364014328382,Healthy
GPI,2022,0.18278151410729807,0.04632569149493592,0.20325028371371986,0.20108130423391737,Healthy
GPI,2023,0.16898012163122353,0.03365839193899416,0.10181172597875737,0.11524453522113598,Healthy
GPI,2024,0.16258828958985472,0.02499699012761859,0.1152923009785327,0.12466661134884603,At-Risk
GPK,2021,0.14966461710452766,0.02850754611514813,0.09085365853658536,0.09559310801855533,Distressed
GPK,2022,0.19385593220338984,0.05529661016949153,0.31917272219116827,0.2678058369877514,At-Risk
GPK,2023,0.2245439117522274,0.07668646584641493,-0.001271186440677966,-0.03196564885496183,At-Risk
GPK,2024,0.2227773362098331,0.07471329624162598,-0.06586762834111158,-0.06123706259241005,At-Risk
GPN,2021,0.5572700176283665,0.11326688849360177,0.14820440548858108,0.09729240895888802,Distressed
GPN,2022,0.5790083354548458,0.012421905595389233,0.05299925080029217,0.01930372653521633,Distressed
GPN,2023,0.7197350220548461,0.13363981926842303,-0.17778712419287362,-0.18837905875442187,Distressed
GPN,2024,0.7371407851891877,0.202995228781911,0.048265098273879016,0.018081710341048544,Distressed
GPOR,2023,0.8054190931304425,0.5635498732008526,0.34601896760002165,0.030654322245428148,At-Risk
GPOR,2024,0.6334144287159063,-0.27280820681096846,-0.465239755271803,0.012425384061257044,At-Risk
GPRE,2021,0.07147046089938766,-0.023342086497866416,0.4696366777060475,0.4145950164479601,At-Risk
GPRE,2022,0.030762938903569327,-0.03473198048841216,0.295589437911012,0.328664859933436,At-Risk
GPRE,2023,0.049989031304928815,-0.028334733624557497,-0.10022416976512,-0.10612241968399677,At-Risk
GPRE,2024,0.05305442175764073,-0.0335517871348416,-0.25394789581590554,-0.24552769802764896,At-Risk
GPRO,2021,0.4109134222846926,0.3196762680391772,0.30177313114891946,0.12826354732843495,At-Risk
GPRO,2022,0.3720281178300585,0.026379440734275166,-0.058172363067616126,0.006411112850091805,At-Risk
GPRO,2023,0.3218162053350758,-0.05289425028767956,-0.08054750576338701,0.0249728329410783,At-Risk
GPRO,2024,0.3384954951695191,-0.5393955878738274,-0.20287848634305328,-0.13360445989627373,Distressed
GPS,2021,0.39814037192561486,0.015356928614277145,0.20797101449275363,0.08170781612331196,At-Risk
GPS,2022,0.34317366803278687,-0.012935450819672132,-0.06322735452909418,-0.011034047919293822,At-Risk
GPS,2023,0.38787023977433005,0.03371616629726644,-0.04655481557377049,-0.08645202422696845,At-Risk
GPS,2024,0.41276680365902163,0.055945910115338726,0.013231244542951172,-0.024774931956172797,At-Risk
GRBK,2021,0.25808339439836453,0.13558575383711746,0.43734202440316344,0.3767027394965269,Healthy
GRBK,2022,0.29754641189264036,0.16606050883124462,0.252992424134421,0.19030522021366947,Healthy
GRBK,2023,0.30836413138250895,0.16010822912623543,0.011330685695073311,0.01701137690344896,Healthy
GRBK,2024,0.33517870661566324,0.18179769531616627,0.18070045170472124,0.14023360199085416,Healthy
GRC,2021,0.25348386005350027,0.07890493661383605,0.08410250826009336,0.08219939083182744,Healthy
GRC,2022,0.2513055945277308,0.02148641049312224,0.3772269742754734,0.4185862638659429,At-Risk
GRC,2023,0.2975735052182602,0.05299532532436912,0.26579044847963734,0.1905524452837095,At-Risk
GRC,2024,0.30974415879527095,0.060810984936339095,0.00023653889017772258,-0.007416982549303894,At-Risk
GRMM,2021,0.4113507598220492,-1.6121519129643078,0.022467782043795216,0.4101502419565065,Distressed
GRMM,2022,0.3246539528878738,-3.009791392280219,-0.13836643261062934,-0.0024429840705177154,Distressed
GRMM,2023,0.3381769949171249,-3.1000660724272584,-0.2553175609845092,-0.02142095420735344,Distressed
GRMN,2021,0.58008788240335,0.21718734164259215,0.19018466894044364,0.20171610106588284,Healthy
GRMN,2022,0.5774917360830206,0.20031434364150588,-0.024586401808623475,0.018135713668997855,Healthy
GRMN,2023,0.5747532827415358,0.24666676357604797,0.07570871343785118,0.07923174812084517,Healthy
GRMN,2024,0.5870433449586249,0.2241476484551215,0.2043992906233288,0.13704168089104402,Healthy
GROV,2022,0.48099226503528475,-0.27280757137036704,-0.1620026844937905,-0.0976118937058571,Distressed
GROV,2023,0.529774990550683,-0.16673994708382509,-0.193604269625879,-0.3631683639272664,Distressed
GROV,2024,0.5375347179550203,-0.13480643971979844,-0.2154174283973187,-0.23279950838762686,Distressed
GROW,2022,0.754835316015214,0.13919236060532492,0.14131338320864506,0.008303061754021795,Healthy
GRPN,2021,0.7621858158551061,0.12270397928669807,-0.31743253429394974,-0.37896724288432526,Distressed
GRPN,2022,0.8727042072493887,-0.39661984526402766,-0.38053971221414773,-0.2398200604817028,Distressed
GRPN,2023,0.8752286807403236,-0.10761103882231847,-0.1405059382224559,-0.2570653319507064,Distressed
GRPN,2024,0.9020397639257994,-0.1198379070848653,-0.04341146996562506,-0.07102460983022188,Distressed
GRVI,2022,0.6446731945554335,-0.09108253490604779,-0.04273417437832083,0.3037806383966888,Distressed
GRVI,2023,0.41596147894797975,-0.20985401091165212,2.497737081224542,1.8793949013163034,Distressed
GRWG,2021,0.2798676415243947,0.03026350981919056,1.184930054560029,1.202676459739189,Healthy
GRWG,2022,0.2525937749401437,-0.5886664797279323,-0.3416017931827811,-0.22062311141976904,At-Risk
GRWG,2023,0.2711946945750436,-0.20584198829477338,-0.18795970751278013,-0.18125084920356554,At-Risk
GRWG,2024,0.23149746381032055,-0.2621435303336757,-0.16387317271849905,-0.09683457346630028,Distressed
GSAT,2021,0.5819448578807211,-0.9060958832473833,-0.03261030298785091,0.012412275548244443,Distressed
GSAT,2022,0.5621666756451005,-1.7300207401820826,0.19475128120549973,0.07094926091222739,Distressed
GSAT,2023,0.6895910780669146,-0.11044287961109522,0.507083984269784,0.10148911121291385,Distressed
GSAT,2024,0.6693655656703242,-0.25230378391765096,0.11858825421790106,0.1213362550869818,Distressed
GSHD,2021,0.37230358464629376,0.03570767685312467,0.2931102261267882,0.4693841811401611,Distressed
GSHD,2022,0.3634223219829027,0.0026983141506280147,0.38382943851115575,0.353514817125751,Distressed
GSHD,2023,0.41592798420061544,0.054119015906550924,0.247795978795549,0.16002465503667176,Distressed
GSHD,2024,0.45011367068886027,0.09674250011923499,0.20372709318881183,0.11834755468634885,At-Risk
GSIT,2021,0.5552659956865564,-0.49029475197699496,0.2039381153305204,0.015185842875512829,At-Risk
GSIT,2022,0.5955003199622781,-0.5381091913374423,-0.11062185478073329,-0.08522830086253694,At-Risk
GSIT,2023,0.5432115782219159,-0.9229037445439926,-0.26694958068101443,-0.07257461866455668,At-Risk
GSIT,2024,0.49420021444585244,-0.5185203236182864,-0.057293820353779,-0.11967959048251019,Distressed
GSKY,2021,0.6160702911167131,0.08134745229445986,-0.014410756988028134,-0.23026890551673904,Distressed
GT,2021,0.21661517336079644,0.04371209520540108,0.4185536888239591,0.3082448718971985,At-Risk
GT,2022,0.18514780100937275,0.009709204518144677,0.19035358736697564,0.20499054359099506,At-Risk
GT,2023,0.1736270307983654,-0.036330110634904815,-0.03552030761836097,-0.017973773479823808,At-Risk
GT,2024,0.1952537345057739,0.002436698802839284,-0.0592046247383634,-0.07331408537842854,At-Risk
GTBIF,2021,0.5505271050628945,0.08442186310936031,0.6054677463692992,0.5067019486487326,At-Risk
GTBIF,2022,0.49535618626366873,0.011773436540115494,0.13856372263753972,0.1901968122254014,At-Risk
GTBIF,2023,0.49925892771629304,0.03439087461701783,0.036543064258508416,0.07689079583267311,At-Risk
GTBIF,2024,0.5286143055258758,0.06426907481130309,0.07831564653459808,0.04919412222489169,At-Risk
GTE,2021,0.6889737018757837,0.08967706798502074,0.9917843237834156,0.027912918304506297,Distressed
GTE,2022,0.7574010244760946,0.19543343435649743,0.5016993088773585,0.21745595513745955,Distressed
GTE,2023,0.6837934114861757,-0.009870368015423334,-0.10462785427924003,0.17526071621734857,Distressed
GTE,2024,0.6449379190124934,0.0051716735091638,-0.023719026559092686,0.08580070866822229,Distressed
GTES,2021,0.38544784711029245,0.08551116739580934,0.24396706050841388,0.175716202351827,At-Risk
GTES,2022,0.351865398683248,0.062123684654774636,0.02296799447386599,0.05974156737707669,At-Risk
GTES,2023,0.38062293428939553,0.06523444064758277,0.004501716279331495,-0.01941409342834521,At-Risk
GTES,2024,0.39859750014670503,0.05718561117305322,-0.04537560920956809,-0.054906013823396424,At-Risk
GTHX,2022,0.9269409953022358,-2.8763376932223546,0.6298449612403101,0.07788056320537218,Distressed
GTHX,2023,0.9127995055204761,-0.5813406697288847,0.6083702072084365,-0.3490577611359139,Distressed
GTIM,2021,0.30031427496828567,0.10911652397860636,0.14374352917158814,0.12816890768998337,At-Risk
GTIM,2022,0.2747706796274928,-0.016131100155017074,0.09386813200823617,0.12742807019893268,At-Risk
GTLB,2021,0.8813194381226425,-0.6140358515434212,0.6602683734623068,0.04247937496585259,Distressed
GTLB,2022,0.8782097205987708,-0.40865493382602464,0.6795209239549896,0.6659600115300962,Distressed
GTLB,2023,0.8970384855476577,-0.7340448279548755,0.3666198484220052,0.20699901061271228,Distressed
GTLB,2024,0.8878628750251893,-0.008331917460543247,0.30926219076884875,0.17543324654067396,Distressed
GTLS,2021,0.24603475753206344,0.04485087652728239,0.11944609633845893,0.14996725605762934,At-Risk
GTLS,2022,0.2526668320516001,0.014884644008930786,0.22364726417242164,0.18849658314350798,Distressed
GTLS,2023,0.31033557046979865,0.014108873974645787,1.0791987099975193,1.0273803819563283,Distressed
GTLS,2024,0.33382208013845155,0.05252025094344158,0.2409545115585384,0.18603551894118442,Distressed
GTX,2021,0.19460500963391136,0.13625103220478943,0.1974291364535267,0.13716974303293522,At-Risk
GTX,2022,0.18956425201221205,0.10824313072439634,-0.008257638315441783,-0.0019096117122851686,At-Risk
GTX,2023,0.19454451878538342,0.06716417910447761,0.07854565639744657,0.07684948979591837,At-Risk
GTX,2024,0.20287769784172663,0.08115107913669065,-0.10576428203808544,-0.10867633994669826,At-Risk
GTY,2021,0.8581282816843405,0.4044836816637496,0.05471475303028246,0.09452855432716006,Distressed
GTY,2022,0.8698396019035196,0.5437773268594343,0.06550499330793781,0.056088114569527905,Distressed
GTY,2023,0.8719961688710007,0.32366045005004146,0.12233978307606831,0.1309030654515327,Distressed
GTY,2024,0.9269436700738971,0.3493959909730519,0.09440612119712019,0.02464985994397759,Distressed
GUER,2021,0.5858460086304267,-0.27072350601852174,0.7507032950290907,0.8795629944861568,At-Risk
GUER,2022,0.583167656589521,-1.0367093805793066,0.10696715683996573,0.6058687516603803,Distressed
GUER,2023,0.5706763938360225,-1.058891059187246,0.29975353644853886,0.23239045153223262,Distressed
GUER,2024,0.6369940196560929,-0.5345541586506196,0.33409460313737954,0.031284466287732196,Distressed
GURE,2021,0.31218291951315946,-0.01680370984964616,0.950953280289335,0.314836870621848,Healthy
GURE,2022,0.384641844404388,0.15219802148094472,0.20105001244217172,-0.00415349617809945,Healthy
GURE,2023,-0.25265913521563027,-2.056840332061967,-0.5454418088673841,-0.1547640235511851,Healthy
GURE,2024,-0.5044542404467389,-7.692908898435062,-0.6509892588799009,-0.3097652613843274,At-Risk
GVA,2021,0.10355767569566503,0.0028830351826812286,-0.017009037858400616,-0.007689067958837808,At-Risk
GVA,2022,0.11192527934822383,0.025233426308047605,-0.05728633171181642,-0.08891952953872151,At-Risk
GVA,2023,0.1129619296818763,0.012424418760390729,0.06297057847073963,0.07090926661735572,At-Risk
GVA,2024,0.14290366191616174,0.03152680399663238,0.14203944102511784,0.10168067421333005,At-Risk
GWRE,2022,0.4641514913599815,-0.2220377694698836,0.09330025414824013,0.19227167076436266,Distressed
GWRE,2023,0.5061197935363582,-0.12355013193923615,0.11410952801699208,0.042260298539317294,Distressed
GWRE,2024,0.5949645944862656,-0.006224394363266792,0.08301402454986574,-0.020629844970426543,Distressed
GWW,2021,0.36246352326831516,0.08009522346797728,0.1038399593116894,0.06466876971608833,Healthy
GWW,2022,0.3840950879957972,0.10158917783031259,0.16940562125633543,0.13403050108932463,Healthy
GWW,2023,0.39422259983007646,0.11099648015535866,0.0820856317310218,0.06916160762314609,Healthy
GWW,2024,0.39363932898415654,0.11119524697110904,0.04187401383663066,0.04441888880902753,Healthy
GXO,2022,0.17235627710441453,0.021905926831980428,0.13261964735516374,0.12646370023419204,At-Risk
H,2022,0.21863860125615345,0.0772364624002716,0.9455085865257595,0.6663616956389143,Distressed
H,2023,0.19589020548972552,0.032998350082495874,0.13172636224749618,0.1595900439238653,Distressed
H,2024,0.19509626955475332,0.19494584837545126,-0.002849857507124644,-0.016414141414141416,Distressed
HA,2021,-0.13118319862907307,-0.0906767197967661,0.8898667515769763,0.4807332865853736,Distressed
HA,2022,0.034041474792211465,-0.09089614946160308,0.6543238564334855,0.4574026727449167,Distressed
HAE,2021,0.5089649978453397,0.043672145276461044,0.14099737725785014,0.13339553156129844,Distressed
HAE,2022,0.5263267331815926,0.09874642753238752,0.17666603570695008,0.0986498548341791,At-Risk
HAE,2023,0.5282803243561195,0.08980371336574858,0.12013331507880821,0.11919341289169198,At-Risk
HAE,2024,0.5503709517174888,0.12321872630112343,0.03954684868091868,0.022831251604185393,At-Risk
HAIN,2022,0.22594491046324836,0.04116359453703444,-0.03984617586542571,-0.00802450438528351,At-Risk
HAIN,2023,0.22064149639076877,-0.06486374866904555,-0.05029620048282238,-0.04256648460452892,At-Risk
HAIN,2024,0.21933713685418185,-0.043219838206378446,-0.03359432007360394,-0.028319283921298188,At-Risk
HAIN,2025,0.21416994704381387,-0.34033068766108043,-0.10165721545874355,-0.0892112514003694,At-Risk
HAL,2021,0.13180778032036614,0.0952598888525662,0.058843890619591555,0.030652805381440145,At-Risk
HAL,2022,0.16322609252598907,0.07744986943883332,0.3270349787512259,0.27746050582214643,At-Risk
HAL,2023,0.18941697801720392,0.114605960552611,0.13405922057446915,0.0993381328379006,At-Risk
HAL,2024,0.18745641562064155,0.10900453277545327,-0.0032148753149708925,0.003749669923422234,At-Risk
HALO,2021,0.8163519884505199,0.5635498732008526,0.6566514944281262,0.3572997997389309,At-Risk
HALO,2022,0.7889704233801332,0.3062022432420968,0.48906183032189665,1.345079088215617,Distressed
HALO,2023,0.7680309869243765,0.3395754974657915,0.2562231486587206,0.25241412687698206,At-Risk
HALO,2024,0.8429890360121498,0.43738845925044617,0.22438387319672043,-0.05660196998448175,At-Risk
HAS,2021,0.6018783876393994,0.0667715407139742,0.17473560947048705,0.16929399367755532,At-Risk
HAS,2022,0.5787218057950723,0.034746529615653866,-0.08779826802068406,-0.02188057603229818,At-Risk
HAS,2023,0.5693042591889353,-0.29766354206223894,-0.1457134563832875,-0.1133243656599532,At-Risk
HAS,2024,0.7028654334421472,0.09324144601620118,-0.1734455259528711,-0.2917350734637046,At-Risk
HAYN,2021,0.11766238920100337,-0.025715140333055934,-0.11265603237589678,-0.09242520754478598,At-Risk
HAYN,2022,0.21680215144527293,0.09192779854055674,0.45252486961775273,0.24833514982424798,At-Risk
HAYN,2023,0.18604777305426168,0.07114937385160927,0.2028601662517509,0.23678373102503156,At-Risk
HAYW,2021,0.4678162411880776,0.14533162504619082,0.6013145960370208,0.46102773217339477,At-Risk
HAYW,2022,0.45431751356024036,0.13647522022073819,-0.0625327259212124,-0.04527456282337971,At-Risk
HAYW,2023,0.432710095803122,0.08130065736176662,-0.244787449700792,-0.2120578086458167,Distressed
HAYW,2024,0.4630783772629673,0.11283218239530775,0.059603890162949945,0.0402205426004674,At-Risk
HBB,2021,0.2073257046692406,0.03236056221654511,0.09057449483446604,0.1069348646825523,At-Risk
HBB,2022,0.20144192439648084,0.03942123320264171,-0.02649629249355249,-0.039403051742428474,At-Risk
HBB,2023,0.22965194805194805,0.04034685314685315,-0.02390829847616581,-0.01928241067499232,At-Risk
HBB,2024,0.259979868426881,0.046982326067332325,0.04646233766233766,0.035470684656858764,At-Risk
HBI,2021,0.3898846386835342,0.011354400079985415,0.11001489923310323,-0.013309732360697149,At-Risk
HBI,2022,0.3487190280440995,-0.03293043999845708,-0.4320434214937276,-0.40111088309642756,Distressed
HBI,2023,0.3549747127674833,-0.0048706017993145,-0.05783951523360332,-0.06183669416632966,Distressed
HBI,2024,0.38761169833935766,-0.09135756640602058,-0.03625556618616437,-0.015302800859029714,Distressed
HBIO,2021,0.5689631972011034,-0.002422122048038754,0.16458374142997062,0.1468310446706387,Distressed
HBIO,2022,0.5366303436714166,-0.08396347112542463,-0.04683610307474938,0.031351101525188725,Distressed
HBIO,2023,0.5886057906458797,-0.03042316258351893,-0.009573388626637843,-0.08419017269566227,Distressed
HBIO,2024,0.5817814840388803,-0.13177882827853615,-0.16138084632516703,-0.0907064409728515,Distressed
HCA,2021,0.38282952069716775,0.11839596949891068,0.14008499408146236,0.10849088568137155,At-Risk
HCA,2022,0.384789069114937,0.09368618531369848,0.025207652505446623,0.042914781758161144,At-Risk
HCA,2023,0.3937169067848787,0.0806858761236301,0.07861139242607873,0.0813012895662368,At-Risk
HCA,2024,0.40618670594733935,0.08158293556931008,0.0867350080039404,0.08519903868741079,At-Risk
HCAT,2021,0.4859833172127014,-0.6332928250787431,0.28108236913871165,0.35304067094781905,Distressed
HCAT,2022,0.4821493215945786,-0.4974116335307491,0.14182022601952662,0.07953036496047472,Distressed
HCAT,2023,0.4454750657232258,-0.39922889253830196,0.07132307157647809,0.015841783966500177,Distressed
HCAT,2024,0.4591857370247632,-0.22669806643529994,0.035973751258709594,-0.1098419005049251,Distressed
HCC,2021,0.4174181658887328,0.14244592226703523,0.3532190848023221,0.006897343670705551,At-Risk
HCC,2022,0.5687740188573551,0.3688295763939133,0.6415329828854549,0.14942554107298553,Healthy
HCC,2023,0.43472452098710207,0.28547170655334375,-0.03572303590305152,0.21114055695316616,Healthy
HCC,2024,0.3097743276379801,0.16430613288574764,-0.09030343696413927,0.11901756401187788,Healthy
HCCI,2021,0.31540321422611356,0.11826892850073932,0.26944877583747795,0.1017614962547864,At-Risk
HCCI,2022,0.30013914519455653,0.11949146449259937,0.3764490602211381,0.39142906594357585,At-Risk
HCDI,2021,0.30314418121231135,0.12243496096206499,0.4356549000932595,0.14257984660692513,At-Risk
HCKT,2022,0.39346092829762175,0.13890420845503879,0.0535599639896847,0.029319984677165966,Healthy
HCMC,2021,0.39734324415267613,-0.30311585997864543,-0.04316514669293921,0.06309437735744435,At-Risk
HCMC,2022,0.34934284183453973,-0.24661257594431518,1.1972465313808995,1.0996321333343078,Distressed
HCMC,2023,-0.2755267423014587,-24.696043881430608,-0.6509892588799009,-0.47722532627691366,Distressed
HCMC,2024,-0.5044542404467389,-24.696043881430608,-0.1880064829821718,0.14116654540535942,Distressed
HCP,2021,0.8022252773802955,-0.9045076051613467,0.5141040527910731,1.0620456089473844,At-Risk
HCP,2022,0.817249400595517,-0.5763907129603753,0.4835878778809673,0.2673291994695804,Distressed
HCP,2023,0.8135961189223115,-0.32696947715545405,0.22536347761767975,0.08308457582749594,Distressed
HCSG,2021,0.14042128944754406,0.029564075595066623,-0.06722933494972172,-0.03566074998706709,Healthy
HCSG,2022,0.11437329603544247,0.020260020258245297,0.029365532269685173,0.03326473129395311,Healthy
HCSG,2023,0.128483554696124,0.022966526643408567,-0.011115410466128971,-0.008425314055810835,Healthy
HCSG,2024,0.1329442169353062,0.02300601160354891,0.02650071288012545,0.029097304139730138,Healthy
HCTI,2021,0.29832719024666854,-0.16867025800963992,0.12543706014779826,0.34698290152609435,At-Risk
HCTI,2022,0.24615351087477663,-0.20943207078411716,0.30099234476892545,0.38579304912867973,Distressed
HCTI,2023,0.20410806252447067,-0.26160286721079423,-0.27640238852809135,-0.30396788746403325,Distressed
HD,2021,0.3362861131141793,0.1087147799969568,0.1441753084550753,0.12549195305362287,Healthy
HD,2022,0.3353049179494673,0.10867010158637383,0.041321275230389594,0.04095475229672877,Healthy
HD,2023,0.33379402498215094,0.09918844035134834,-0.03007566564804991,-0.017875888545634502,Healthy
HD,2024,0.3341901024361498,0.09281943904610254,0.04483555928184504,0.05350435180943656,Healthy
HDSN,2021,0.37180152323240706,0.16736360429161393,0.30583652315300974,0.06169328374535113,At-Risk
HDSN,2022,0.5008624798216619,0.3191667307248828,0.6873067424824123,0.28763717820038154,Healthy
HDSN,2023,0.38580399619410083,0.18076982959951562,-0.11130755630717196,0.08846455636085816,Healthy
HDSN,2024,0.27711097428284653,0.10285174470095058,-0.1795934607732895,-0.014398656884179973,Healthy
HEAR,2021,0.35043427941280836,0.04837124748194369,0.017387174979796884,0.11255732875346545,At-Risk
HEAR,2022,0.20480417711083168,-0.24793684368311916,-0.3444428066842453,-0.16238584887388233,Distressed
HEAR,2023,0.29251284276427425,-0.06849086865900621,0.07476495423998401,-0.05240724762726488,At-Risk
HEAR,2024,0.3460133166651465,0.043413294130902495,0.444146566352345,0.24526068508367782,At-Risk
HEES,2023,0.46586819092631715,0.11522676039465947,0.1805502210494344,0.1519425087108014,Distressed
HEES,2024,0.4452113731988292,0.08109150636661495,0.03223964345610176,0.08969178792912375,At-Risk
HEI,2021,0.3898965632942806,0.16306101468524647,0.044024960142897994,0.04425888123678973,At-Risk
HEI,2022,0.39068532578129456,0.15924987388614523,0.183654020352879,0.16207150820691724,At-Risk
HEI,2023,0.38862776081034867,0.13597766925361468,0.34405444495866094,0.3688554570961473,At-Risk
HEI,2024,0.389283269248865,0.1332693395934177,0.2997077259733062,0.29471487976178584,At-Risk
HELE,2021,0.42871561221667254,0.10064249748690605,0.059346321396188964,0.07847127108573969,At-Risk
HELE,2022,0.4339100299276247,0.06912494867723566,-0.06777505166741253,-0.059941294845995106,At-Risk
HELE,2023,0.47313533328345925,0.08408468616742724,-0.03262318548999912,-0.058775117070281435,At-Risk
HELE,2024,0.47933258722050254,0.06487040439490162,-0.04856986110072068,-0.0157085416245352,At-Risk
HFC,2021,0.17032948029875455,0.03036161230360829,0.6442890746780812,0.5511617782232348,At-Risk
HFFG,2021,0.19013055852545666,0.027789490063798494,0.4058557032771615,0.34058067221018795,At-Risk
HFFG,2022,0.17558119964082713,0.0003930055268538113,0.4688047444797486,0.5114737777592449,At-Risk
HFFG,2023,0.17765106099906572,-0.0018929153246907034,-0.018773703145838372,-0.017573807577842382,At-Risk
HFFG,2024,0.1707577889714871,-0.040369753018099024,0.04629893260124354,0.04824382812472576,At-Risk
HGBL,2021,0.7120037220843672,0.11837003722084367,-0.014933353702784249,-0.05104515050167224,Distressed
HGBL,2022,0.5542908300294155,0.33024257151383385,0.8189361042183623,0.8843120842327856,Distressed
HGBL,2023,0.657593525476918,0.20604509042860683,0.29055292663170906,0.10551295239876554,Distressed
HGBL,2024,0.6885871122770661,0.1142391040761888,-0.2507886695846065,-0.17557364914877868,Distressed
HGV,2021,0.7665952890792291,0.07537473233404711,1.6118568232662192,0.975268817204301,Distressed
HGV,2022,0.7507170795306388,0.09178617992177314,0.6423982869379015,0.7093086554164398,Distressed
HHS,2021,0.17685358383522787,0.07693374992291722,0.10003391746749576,0.014014441162929108,Healthy
HHS,2022,0.49282036862874373,0.17828367542830548,0.06003206643507575,0.058544391410757596,Healthy
HHS,2023,0.48839638209429115,-0.008198775927976104,-0.07167996587129989,-0.045639767537963394,Healthy
HHS,2024,0.49380270133123155,-0.16355362174884747,-0.03263843920372653,-0.026676386437630862,Healthy
HIBB,2021,0.382221567848324,0.10307157589002734,0.19126239648027657,0.1240081499191769,Healthy
HIBB,2022,0.3523358676029493,0.0749609557014042,0.010130180985629003,0.05254822565409312,Healthy
HIBB,2023,0.3376177853150611,0.05966728883958292,0.012041683154638837,0.0337483610916834,Healthy
HII,2021,0.14363712725745484,0.057118857622847546,0.01741266958658263,0.05340314136125655,At-Risk
HII,2022,0.1348819782690146,0.05423379542899963,0.12095758084838303,0.12215595316986967,At-Risk
HII,2023,0.14370525580583202,0.059455212152959666,0.07287373548145373,0.06594488188976377,At-Risk
HII,2024,0.12570437798006068,0.04768097095795405,0.007071765322158198,0.021052631578947368,At-Risk
HIL,2021,0.32767765831739254,-0.011315765768152651,0.024188383931575692,0.02500641762559014,At-Risk
HIMS,2021,0.7521535394551968,-0.39598275697187707,0.8276652527276027,1.3606933453731216,Distressed
HIMS,2022,0.7756872063099242,-0.12464605364042845,0.9380604535857995,0.5393698955856507,At-Risk
HIMS,2023,0.8198956422018349,-0.027002293577981652,0.6549127375141389,0.5134877848535878,At-Risk
HIMS,2024,0.7945302245694927,0.085361872627012,0.69325,0.5692565225253008,Healthy
HIMX,2021,0.48385977091287746,0.2823972898919719,4.509057831645275,1.8793949013163034,Healthy
HIMX,2022,0.4054692305835405,0.19726488526552455,-0.22348824928236563,-0.058381707051820574,At-Risk
HIMX,2023,0.27870657522307357,0.05353765701883168,-0.21302147020949125,-0.04401156235960295,At-Risk
HIMX,2024,0.3045879916453647,0.08795194540814864,-0.04085557017562416,-0.07053189036771682,At-Risk
HKIT,2021,0.6005025720601693,0.258367882067052,0.11308645522864383,0.07570518626366994,Healthy
HKIT,2022,0.5502035588419764,0.22022574716019394,-0.005038566586232231,0.1018372605836798,At-Risk
HKIT,2023,0.4209801147350709,0.22955800856798966,-0.29009032748613695,-0.0705477862905762,At-Risk
HKIT,2024,0.34626585655519027,-0.30867656930411885,-0.363470371062624,0.04244633817871364,Healthy
HL,2021,0.2697316195092591,0.043462753553369586,0.16708268714055904,0.1516890219862261,Distressed
HL,2022,0.16157350414867055,-0.051951231386622714,-0.1096854012456144,0.017431206025026586,Distressed
HL,2023,0.15682416793594242,-0.1169311897498983,0.0018389077833649787,-0.02485839790617895,Distressed
HL,2024,0.21314622146947335,0.038499879022501814,0.291155427386088,0.11430622810443505,At-Risk
HLBZ,2021,-0.5044542404467389,-5.607838553841359,1.90493435943866,1.8793949013163034,Distressed
HLBZ,2022,-0.5044542404467389,-5.282146994465182,0.21069035374785725,0.09295700269601712,Distressed
HLF,2021,0.7864306886330736,0.07706624388226374,0.047096611209354364,0.03446101267367822,At-Risk
HLF,2022,0.7744985012681577,0.06173622319575744,-0.10312263045426345,-0.08082436923560991,At-Risk
HLF,2023,0.7647360935524652,0.02808944374209861,-0.0272846053339482,0.009007081577202028,At-Risk
HLF,2024,0.7788347920129779,0.050930283791632454,-0.013689159292035399,-0.02194563419702303,At-Risk
HLI,2022,0.3850005001528091,0.14049762164904525,-0.20287203551783778,-0.13545097622705773,At-Risk
HLI,2023,0.3850018073510085,0.14641684827236048,0.05800501479181208,0.057704697415050125,At-Risk
HLI,2024,0.38499993303803104,0.16728397231792203,0.24812526509555977,0.20971696201896775,At-Risk
HLIO,2021,0.3598711458812701,0.12034054302807179,0.6619502868068834,0.5797673908272987,At-Risk
HLIO,2022,0.3371357578495595,0.11113620962276936,0.01863782788771284,0.03917210723711627,At-Risk
HLIO,2023,0.31318812829104836,0.04487793202489229,-0.05624576462615767,0.010159069643095842,At-Risk
HLIO,2024,0.3130661372378707,0.048393100881002606,-0.0355433221637147,-0.04181553526531692,At-Risk
HLIT,2021,0.5121611203019231,0.026134331330634586,0.33872096000591295,0.2552254999254418,Distressed
HLIT,2022,0.5054491749032334,0.045094302488011176,0.23229465107887426,0.17997050570427872,Distressed
HLIT,2023,0.4585051559660422,0.21621078968909757,-0.3783860329590676,-0.3779814857567389,Distressed
HLIT,2024,0.4918209750102417,0.08032978287587055,0.2566862814750748,0.1157912949325088,Distressed
HLLY,2021,0.41395430737233474,-0.03917026414201115,0.3742083664730185,0.3836021722280497,Distressed
HLLY,2022,0.3684666952347058,0.10716500947829434,-0.006396794674726166,0.11285514087232512,Distressed
HLLY,2023,0.3881877326801111,0.029073645149946037,-0.04170594772048837,-0.1059235098328167,Distressed
HLLY,2024,0.3961051037487712,-0.038581989425861475,-0.08712998556928563,-0.061933306691532346,Distressed
HLP,2022,0.34553115145037194,0.14457070355359805,-0.06585381624710349,-0.023389041804950654,At-Risk
HLP,2023,0.32790693109881425,0.05405203690421913,-0.21127245665079725,-0.13733524794459692,At-Risk
HLP,2024,0.3204217184356306,-0.1333961215458803,-0.11828600082235516,0.047497652982446556,At-Risk
HLT,2024,-0.11715128529287822,0.32343025705857564,0.07667876588021778,0.12746374924025353,Distressed
HLTH,2021,0.5525984983182524,0.13981074474160624,4.509057831645275,1.8793949013163034,Healthy
HLTH,2022,0.3174986969363526,-0.4013766970852741,-0.2178118028108402,0.584182225255207,At-Risk
HLTH,2023,-0.5044542404467389,-5.802621107831343,-0.6509892588799009,-0.47722532627691366,Distressed
HLX,2021,0.022813637495405555,-0.09120415930567577,-0.08019439578491047,0.011268590936437535,At-Risk
HLX,2022,0.05797274080861299,-0.10054289313938838,0.2940029167308901,0.24412964315756852,Distressed
HLX,2023,0.1553474841206828,-0.008403322250893212,0.4771824533272248,0.3164482778177499,At-Risk
HLX,2024,0.1616152396655282,0.040952920739606644,0.053369392616117506,0.03957344109937582,At-Risk
HMC,2021,0.20510103420362238,0.04858666737089412,0.04282799832060231,0.032135178912339774,At-Risk
HMC,2022,0.19704555166337134,0.03852771440126186,-0.0355634007720343,-0.02152035932316401,At-Risk
HMC,2023,0.21597659030857547,0.054196716963290544,0.13199427238678443,0.10651344750688081,At-Risk
HMC,2024,0.21504122387607189,0.0385377831739992,0.00607293544957273,0.018696423016428727,At-Risk
HMHC,2021,0.5070289169605692,0.2032523729494234,0.25027901586523477,0.016814391056331687,Distressed
HMTV,2021,0.6956043956043956,0.05654485049833887,0.2941184252301831,0.7447818453735614,Distressed
HNGR,2021,0.3283435431704757,0.037467603401375116,0.1192009189432153,0.12755370345476544,At-Risk
HNI,2021,0.3467313678813404,0.027375938472807178,0.11711158842180629,0.12802544337232494,At-Risk
HNI,2022,0.3535015666017444,0.05245998814463545,0.08121223219190625,0.0753607951830259,At-Risk
HNNA,2021,0.7228937728937729,0.2412087912087912,-0.0188385396388032,0.0035869490239359867,Healthy
HNNA,2022,0.7194862979067651,0.20864934101864024,-0.09441391941391941,-0.030792494329507182,At-Risk
HNNA,2023,0.6781015820149875,0.19862614487926727,-0.19034617588566421,-0.012339550386497412,At-Risk
HNNA,2024,0.694258921945625,0.23939148620387235,0.23422148209825144,0.1926473756013499,At-Risk
HNRA,2024,0.9116432794225054,-0.4675998185068901,-0.2864401792847197,0.07061580056463039,Distressed
HNST,2021,0.34261970443040557,-0.12138815399244914,0.06028510391918063,0.13183065764084798,Distressed
HNST,2022,0.29432394604193834,-0.15628517046016113,-0.015654078753699327,0.022410082567904013,Distressed
HNST,2023,0.2919344300378958,-0.1139430546077563,0.0979241258596338,0.04853190839526623,Distressed
HNST,2024,0.38234656658032456,-0.016186498916318653,0.09865985219171519,0.009452356397397846,At-Risk
HOFT,2021,0.17705841526114702,0.019740166977756515,0.09911661398938307,0.12788972157913617,Healthy
HOFT,2022,0.20930471855695915,-0.007394932618992904,-0.01770516768528938,-0.02604250852064856,Healthy
HOG,2021,0.3922226753028498,0.12181155960263164,0.31618445941262985,0.15057172608690644,Distressed
HOG,2022,0.4085749583415144,0.12882558691115578,0.0784853497961512,0.04381733023258413,At-Risk
HOG,2023,0.43076869303713644,0.12106376482529362,0.014134867500821007,0.003299081476828581,At-Risk
HOG,2024,0.42046370769503055,0.08779147536381762,-0.11131302131182538,-0.07707494415116892,At-Risk
HOLX,2021,0.6739342719670472,0.3322798856594997,0.4914468806270522,0.19949725776965266,At-Risk
HOLX,2022,0.6163938471662417,0.2677469770502591,-0.13662269410365216,0.026227217882771322,At-Risk
HOLX,2023,0.5585053592695514,0.11314013497419612,-0.17117709961339145,-0.04412128712871287,At-Risk
HOLX,2024,0.5624891447286803,0.19589112473016898,-2.481143310837634e-05,-0.00948404220884314,At-Risk
HOOD,2022,0.8681885125184094,-0.7569955817378498,-0.25179063360881543,-0.31452546296296297,Distressed
HOOD,2023,0.9217158176943699,-0.2900804289544236,0.37334315169366716,0.013507809202195019,Distressed
HOOD,2024,0.944425618434429,0.47814300237207724,0.5823056300268097,-0.2099125364431487,Distressed
HOUR,2022,0.5106564633614284,-0.015403123093044913,0.5277199692112085,0.7071082153244156,Healthy
HOUR,2023,0.5034448949784386,-0.018389469629493012,0.3772967441467349,0.3809748177529339,Healthy
HOUR,2024,0.5208623349935594,0.0047553952608619075,0.0463855895228037,0.017718775120927347,Healthy
HOUS,2021,0.19554052361267693,0.042966303394713766,0.283234206719177,0.260966798554963,At-Risk
HOUS,2022,0.16155182397220613,-0.041546033584250144,-0.13466115495427783,-0.09331514324693042,Distressed
HOUS,2023,0.1463804116394606,-0.017210787792760824,-0.18413433700057905,-0.15076737887451097,Distressed
HOUS,2024,0.14915671117357696,-0.022487702037947997,0.0099361249112846,-0.002834868887313962,Distressed
HOV,2021,0.21019082187837895,0.21841474427180413,0.1872758277760025,0.12182777477053532,At-Risk
HOV,2022,0.2347015003262918,0.07716364654265867,0.0500830621192537,0.02344745145709538,At-Risk
HP,2021,0.21826274774981783,-0.2676502255105993,-0.31306756140472525,-0.15590016802678114,Distressed
HP,2022,0.30712588589101986,0.0033769738273600448,0.6896422686300642,0.30033607338249174,At-Risk
HP,2023,0.40517110827417013,0.15112687172249473,0.3950942813403376,0.14136119248715084,At-Risk
HP,2024,0.410622914329101,0.12485094901086735,-0.04031929859863857,-0.008501513395447078,At-Risk
HPE,2021,0.3374604088684135,0.12334437086092716,0.029723519383292565,0.011027963765261915,Distressed
HPE,2022,0.3335906793935991,0.030460415496911846,0.02562625971782321,0.02333463186599143,Distressed
HPE,2023,0.3645786854298953,0.06950403295006007,0.022424199887703538,0.0015607750580532186,Distressed
HPE,2024,0.3443090915125967,0.08560427523483918,0.034048395400720785,0.0314709236031927,Distressed
HPK,2021,0.8861868764877978,0.25239864803474404,4.509057831645275,1.8793949013163034,At-Risk
HPK,2022,0.9078995773376773,0.31342912267793765,2.4330013992113537,1.8173059012784691,At-Risk
HPK,2023,0.853951487493491,0.19084084867270015,0.49682672432729996,1.0913022310910228,At-Risk
HPK,2024,0.8388748405576566,0.08509767941459485,-0.012338093465743579,0.11369407301493781,At-Risk
HPQ,2021,0.21126693980460132,0.10307280176489127,0.12042938611204294,0.09645344313933851,At-Risk
HPQ,2022,0.19492926402797647,0.04978540772532189,-0.00866687677277025,0.00017306427607213318,At-Risk
HPQ,2023,0.2142298670836591,0.060743140102014224,-0.14611349546971864,-0.14356658361018826,At-Risk
HPQ,2024,0.2206538583618066,0.05181202038873019,-0.0029599017089243828,-0.002788160420244469,At-Risk
HQY,2021,0.5614455506267877,-0.05854027989996775,0.03133443297844787,0.095511394411582,Distressed
HQY,2022,0.5708571415309348,-0.030337175137047024,0.13904059977053912,0.15098835317302362,Distressed
HQY,2023,0.6228942553274502,0.05573501856266638,0.15995279362412212,0.05746667556531711,At-Risk
HQY,2024,0.6478378427937261,0.08060101319081761,0.2002697113908044,0.1439572759517725,At-Risk
HRB,2022,0.4567960338062005,0.15987029599193825,0.014435614429697595,0.027989003010180157,At-Risk
HRB,2023,0.44603988554757307,0.15946730948955773,0.002574156794012595,0.0018812723640206845,At-Risk
HRB,2024,0.4483726910460407,0.16489190651203334,0.03979108256040505,0.02995534768478792,At-Risk
HRB,2025,0.44533002569798685,0.1610672175847083,0.04172673706987168,0.04561561743557202,At-Risk
HRC,2021,0.5260873886109915,0.08232020439261933,0.04779590419993058,0.042195700016929065,At-Risk
HRI,2021,0.36468885672937773,0.10805595754944525,0.16375680682647506,0.07646386383843516,Distressed
HRI,2022,0.3886861313868613,0.12043795620437957,0.3217559093101785,0.2867256637168142,Distressed
HRI,2023,0.37263863497867156,0.10572821450335161,0.1978102189781022,0.19715726730857405,Distressed
HRI,2024,0.3783632286995516,0.05913677130044843,0.08714198659354053,0.0777479892761394,Distressed
HRL,2021,0.16931969072355993,0.07981941982519349,0.18501681122327382,0.20687964495477604,At-Risk
HRL,2022,0.17374746825658896,0.08026346987022673,0.09420333704279808,0.08360017510794411,At-Risk
HRL,2023,0.16513950029768762,0.06553025142010617,-0.027995941184090996,-0.010833690953994694,At-Risk
HRL,2024,0.16963110771872048,0.06753222959840688,-0.015624512283639733,-0.013425487607325728,At-Risk
HRMY,2021,0.8182359874279728,0.1132693818753274,0.912083234215172,0.5264647370338199,Distressed
HRMY,2022,0.8093409918808738,0.41444770529056424,0.43352213200628603,0.45778571166342374,At-Risk
HRMY,2023,0.7916985955857339,0.22138853857757954,0.32925740256477604,0.22766779257654982,At-Risk
HRMY,2024,0.780596697512641,0.2035624442100138,0.22801887213885386,0.34338140269543993,At-Risk
HROW,2021,0.7486892212594514,-0.24845466085324797,0.4830062818440384,0.46734409741703553,Distressed
HROW,2022,0.7134939895027936,-0.15899317117218806,0.2224046580937138,0.22747935932477023,Distressed
HROW,2023,0.6955289454886208,-0.18749855983040564,0.4695298831762515,0.49270847754857167,Distressed
HROW,2024,0.753298866812949,-0.0875740178544591,0.5332160715245827,0.47268553585506484,Distressed
HRT,2021,0.44295917025543247,-0.02917995331864953,0.35139497689847177,0.21900730688179362,Distressed
HRT,2022,0.4598273391283651,0.1792236707046765,0.10493989502175176,0.05231641136685647,Distressed
HRT,2023,0.4791384127766919,-0.016013808446591317,-0.10511263617746086,-0.06033572694735178,Distressed
HRTX,2021,0.4670164223009751,-2.555798763115836,-0.025857984160292426,-0.03985782873160123,Distressed
HRTX,2022,0.4903596106694405,-1.6905416449959134,0.24698306812127951,-0.07181415900109805,Distressed
HRTX,2023,0.4875397500078713,-0.8702418059884764,0.17991678430789806,-0.15822264725675628,Distressed
HRTX,2024,0.7321412482240011,-0.09411927781820702,0.13570888825918578,-0.34438418069587096,Distressed
HSAI,2022,0.3924493016915673,-0.25008106696882804,0.5998723088658415,0.5372160435370485,At-Risk
HSAI,2023,0.35236115055458544,-0.2535805995101371,0.4845011756214233,0.47325785549442645,Distressed
HSAI,2024,0.42586333335829596,-0.04928659507391762,0.08916332090560158,-0.08272591577625467,Distressed
HSAQ,2023,0.9326086956521739,-17.797101449275363,-0.21879422587036512,0.4994749930920144,Distressed
HSDT,2021,0.42911877394636017,-24.696043881430608,-0.2102874432677761,0.24038014222104073,Distressed
HSDT,2022,0.41168996188055906,-17.880559085133417,0.5076628352490421,-0.16705957993999143,Distressed
HSDT,2023,0.09472049689440994,-13.74223602484472,-0.18170266836086404,-0.1693683262575582,Distressed
HSDT,2024,-0.11923076923076924,-22.58076923076923,-0.19254658385093168,0.11693642066134903,Distressed
HSIC,2021,0.2962664301266027,0.05088299330699137,0.2255163553710841,0.2082286432160804,At-Risk
HSIC,2022,0.30291768798924645,0.04253973274294299,0.01983710991049109,0.019755653756173643,At-Risk
HSIC,2023,0.31291028446389496,0.0337142394035173,-0.02435360164465881,-0.010621123289999151,At-Risk
HSII,2021,0.23627579888028843,0.071962192381757,0.6023547356880691,0.5639842155301377,At-Risk
HSII,2022,0.2542299365255734,0.07335458376169496,0.07448084928317437,0.07160272633597303,At-Risk
HSII,2023,0.26519186847256293,0.052257914562487635,-0.039133026820206245,-0.01311720133426677,At-Risk
HSII,2024,0.25195307598263295,0.007823059741358602,0.07154752963458838,0.08674506743836449,At-Risk
HSKA,2021,0.4169402417444697,-0.004524334059801607,0.285906863366156,0.23948130306790258,At-Risk
HSKA,2022,0.4320403253700832,-0.07729677000625712,0.01406169331478409,0.08979240927720114,At-Risk
HSON,2021,0.089352095362485,0.01907131501651823,0.6679185395473544,0.5833093165792457,Distressed
HSON,2022,0.12361821050483533,0.035482313592179855,0.1874035944139427,0.16240830517010188,Distressed
HSON,2023,0.10789770543827244,0.013623572871859078,-0.19699179263078784,-0.16507464244701953,Distressed
HST,2021,0.314878892733564,-0.0038062283737024223,0.7839506172839507,0.22347454333462885,Distressed
HST,2022,0.37782759323415527,0.12899938862848992,0.697923875432526,0.3179796696315121,Distressed
HST,2023,0.3677273583129354,0.13933345885897194,0.0823313633584675,0.10147023379127501,Distressed
HST,2024,0.36259676284306824,0.12262491203377902,0.07023159480323857,0.0763676148796499,Distressed
HSTM,2021,0.64538860668765,0.022768705787029823,0.04854876524552131,0.08580049605253964,At-Risk
HSTM,2022,0.6584178453374109,0.04531417478056861,0.03939823615569198,0.02300357520600667,At-Risk
HSTM,2023,0.6594998262041187,0.05451457197837047,0.045861347844662816,0.034071476587899066,At-Risk
HSTM,2024,0.6641956344335256,0.06860028939193406,0.04509017677012001,0.02780903575067289,At-Risk
HSY,2021,0.4512814533664269,0.1646925090429665,0.10081550050989488,0.09223543330375629,At-Risk
HSY,2022,0.4317744561195797,0.15786261525972872,0.16139812828344316,0.1779913317129038,At-Risk
HSY,2023,0.4476327434896505,0.16675220188245546,0.07156895659149266,0.054823148799524504,At-Risk
HSY,2024,0.4731979600907424,0.19828484655287953,0.00333820212320797,-0.0382031697119513,At-Risk
HTCR,2021,0.4793504540627067,-0.031245605226290305,0.19897616596888504,0.22762238647553912,Distressed
HTCR,2022,0.3800381524264508,-0.7572272335113568,-0.18518821042874142,0.4413895819722514,Distressed
HTCR,2023,0.3692885095233278,-0.19179358257388252,1.4773255924716657,0.6736193512204249,Distressed
HTGC,2022,0.8220947004550994,0.3173292133993186,0.14489493764591993,0.01993771372740596,At-Risk
HTGC,2023,0.8621566941919127,0.5635498732008526,0.432033523165303,0.1722122436760964,At-Risk
HTGC,2024,0.8641101640832187,0.5327609295955559,0.07146795523023088,0.07104596152741156,At-Risk
HTGM,2021,0.540242609377884,-1.9249467936284388,0.041872697939749653,-0.04989777143033236,Distressed
HTGM,2022,0.2818133837661909,-3.3920404887044433,-0.2852427373695776,0.017401818900502772,Distressed
HTHT,2021,0.11755964038920529,-0.036370746916801824,0.34131049258887974,0.17960440627040855,Distressed
HTHT,2022,0.11556773943154997,-0.1313663250799794,0.039583795473956664,0.07542747163001372,Distressed
HTHT,2023,0.34462115003695537,0.18668311850143918,0.5015037282699087,0.15330253754245723,Distressed
HTHT,2024,0.36021932953743546,0.12757942317758067,0.07456508606516858,0.07176468531536254,Distressed
HTLD,2021,0.42426936985002073,0.13054353482061112,-0.05885671246718387,-0.04827828394859116,Healthy
HTLD,2022,0.4412383935470808,0.13800057025029028,0.5939758004492132,0.625291341794684,At-Risk
HTLD,2023,0.4310104368019426,0.012236450460388685,0.24737912140132812,0.37604044976635514,At-Risk
HTLD,2024,0.42245952548469656,-0.02837392638358929,-0.13246589115314983,-0.10853037739603369,At-Risk
HTZ,2021,0.46564885496183206,0.04961832061068702,0.39520730315709396,-0.16043712385175798,Distressed
HTZ,2022,0.44640184225676455,0.23707541738629823,0.1838876772082879,0.24693454065270704,Distressed
HTZ,2023,0.4178849642514139,0.0657347134777505,0.0789867587795049,0.30181543116490167,Distressed
HTZ,2024,0.3713117471543817,-0.31627804177257157,-0.03436132749973322,0.19209761766414876,Distressed
HUBB,2021,0.27455234734508,0.09525285520135428,0.1389273591310251,0.1486198243412798,At-Risk
HUBB,2022,0.2974191070959397,0.1103296347945593,0.1797286664600272,0.15757277841498715,At-Risk
HUBG,2021,0.11111092734282318,0.04051476437742047,0.21075916197415984,0.18386857347503613,Healthy
HUBG,2022,0.14249198107289782,0.06683806167598853,0.2618163337297215,0.21849598028855008,Healthy
HUBG,2023,0.1198462374943041,0.03986308426837292,-0.21307127248623253,-0.18256974260446693,At-Risk
HUBG,2024,0.11107974629978284,0.026351424973203356,-0.060961289301703595,-0.047487371750497664,At-Risk
HUBS,2021,0.8009799655251418,-0.05984432494937178,0.4729554962141545,0.4514656466642537,Distressed
HUBS,2022,0.8220534278776801,-0.062015553138155564,0.3308410050912692,0.3529245118067191,Distressed
HUBS,2023,0.8440893361533109,-0.07580302548577801,0.2537659542140847,0.24019934225127615,Distressed
HUBS,2024,0.8503297567347138,0.0017613412986961583,0.21072098349022914,0.183281039222342,Distressed
HURC,2021,0.23915899572694999,0.028759114777099852,0.37841607717418696,0.2811215017142597,At-Risk
HURC,2022,0.2570749639174847,0.03279721227682665,0.06640872467526945,0.05832484985352105,Healthy
HURC,2023,0.24655958772118503,0.019266308761363787,-0.09172932930378687,-0.07088760727022225,Healthy
HURC,2024,0.20228422587145736,-0.08901084766110706,-0.18095580908400533,-0.11899670420586733,Healthy
HURN,2021,0.2899948001959096,0.06795021996681619,0.06422858874828648,0.051484701503919955,At-Risk
HURN,2022,0.29889616648014905,0.06518942397544007,0.25028426314892366,0.21789843080915103,At-Risk
HURN,2023,0.2997608587636863,0.04466757938309425,0.20690428754720824,0.20278136419291368,At-Risk
HURN,2024,0.31279500330199994,0.07663662558606392,0.08797108857519723,0.0752340368897751,At-Risk
HUYA,2021,0.14097640080015278,0.051403054388843725,0.11252754469417445,0.20080505997176976,At-Risk
HUYA,2022,0.07055270268260966,-0.059116175335983484,-0.21747512411667158,-0.24807169887613728,Healthy
HUYA,2023,0.11655201167908678,-0.029240693302191142,-0.2818812111534548,-0.31118597511533413,At-Risk
HUYA,2024,0.13315326335914404,-0.007888483007477765,-0.14457926047422506,-0.17577527538186447,At-Risk
HVT,2021,0.5673633169069084,0.08965549926490844,0.3535533483371912,0.3317129384929881,At-Risk
HVT,2022,0.5769827590322905,0.0853291826415779,0.033981076205643966,0.03895952891247159,Healthy
HVT,2023,0.6067416512301467,0.06532518764506172,-0.17673734619920456,-0.14466451735091812,At-Risk
HVT,2024,0.6073849873910463,0.027605516123275865,-0.16149944382131295,-0.11550689246942517,At-Risk
HWGC,2022,0.8604921928269135,0.5635498732008526,4.509057831645275,1.8793949013163034,Distressed
HWGC,2023,0.7154637829189847,-16.80149773736212,-0.21531612412495757,0.7813895774098947,Distressed
HWKN,2021,0.18917010203462437,0.06654521839386165,0.29766901055671996,0.3001036981994222,At-Risk
HWKN,2022,0.1765793531800945,0.06420824341405927,0.2072930935870406,0.20416807066782114,Healthy
HWKN,2023,0.21066580211105332,0.08199098744290996,-0.017042064040346572,-0.03757255463145317,Healthy
HWKN,2024,0.23145610104768835,0.08655820678939811,0.06012977037780065,0.049232879333992535,Healthy
HWM,2021,0.27674979887369267,0.051890587288817375,-0.054573112759079674,-0.07121995057290496,Distressed
HWM,2022,0.2754723644711284,0.08281829419035847,0.13897827835880933,0.1340106434446057,At-Risk
HWM,2023,0.2811746987951807,0.11521084337349398,0.17252339749249515,0.15486348122866894,At-Risk
HWM,2024,0.3110363391655451,0.15545087483176312,0.11897590361445783,0.06686368673808644,At-Risk
HWNI,2022,0.2778868743904528,-0.711145581680586,-0.01616859736221486,0.2910385886935829,Distressed
HWNI,2023,0.3495947096505149,-2.0975476965491677,-0.6509892588799009,-0.47722532627691366,Distressed
HWNI,2024,0.30129704961671894,-0.045929038224031674,0.2132223985543341,-0.027749696665249818,Distressed
HXL,2021,0.18879746357665886,0.012153695176266325,-0.11827742279020234,-0.14472888530538197,At-Risk
HXL,2022,0.2263421436267985,0.08005324206122837,0.1909866384841851,0.10181475371199623,At-Risk
HXL,2023,0.2421464505310229,0.059083286752375626,0.13392913735184128,0.12206773618538325,At-Risk
HXL,2024,0.24687335785601683,0.06941671045717289,0.06372275013974288,0.09099574251763361,At-Risk
HY,2021,0.11815196540624899,-0.05624735832493416,0.09373777603925891,0.14488451234523206,At-Risk
HY,2022,0.12228391060507848,-0.02088323986134205,0.1536560782911207,0.1343916013154566,At-Risk
HY,2023,0.19075832260884346,0.03057086661972173,0.16064030662570808,0.08981435022579026,At-Risk
HY,2024,0.20785943085279235,0.033030035745787105,0.04611125950027924,0.03355842029875179,Healthy
HYAC,2022,0.6691562043441625,-0.005874258140000121,0.18336968062211254,1.1527066342347498,Distressed
HYAC,2023,0.6877589555459646,0.017889512300388433,0.12368677897876416,-0.3056376534812721,At-Risk
HYAC,2024,0.7052096698125168,0.016009858462100197,0.06382714717306863,0.05664856448185421,At-Risk
HYBT,2021,0.6857832873815792,-1.6897116441053919,-0.5667823673894594,-0.47722532627691366,Distressed
HYBT,2024,0.0633503795818914,-0.16476323479248384,0.07149778999764182,0.03250183365279852,Distressed
HYRE,2021,0.27364034374368196,-0.7266685651605578,0.41551988029680553,0.5732781713858883,Distressed
HYZN,2023,-0.5044542404467389,-24.696043881430608,-0.6509892588799009,0.022795638011613086,Distressed
HZNP,2021,0.753747353870091,0.16566121478671342,0.4662640785046916,0.5818745982221771,At-Risk
HZNP,2022,0.7464354248667142,0.14369679728325147,0.12479319119392762,0.12101390435535758,At-Risk
HZO,2021,0.3196077851668503,0.07511376430565848,0.3666551192180236,0.3213119334453791,Healthy
HZO,2022,0.3490986951160653,0.08578015318240387,0.11866723340815032,0.10200464128238351,Healthy
HZO,2023,0.34882319583280785,0.04563482949472712,0.03752353669558225,0.07391964536583885,At-Risk
HZO,2024,0.3295735760639208,0.015658525187905593,0.015159272161175526,0.04962751332783932,At-Risk
IAA,2021,0.3944160226406879,0.16022640687928594,0.3267383926637302,0.29695218566502,Distressed
IAA,2022,0.35004049740340176,0.1393110677021297,0.14232067051268096,0.20869565217391303,At-Risk
IAC,2023,0.5823697516238765,0.09109465188601916,-0.44235972097003406,-0.4375525476756821,Distressed
IAC,2024,0.6177094802261223,-0.20590087185145156,-0.1018297234057785,-0.15799161803019263,Distressed
IART,2021,0.6124290737840109,0.10961471634700165,0.12434140894021874,0.10218779547365092,Distressed
IART,2022,0.6229262242354908,0.11591059957654594,0.009866134871321432,-0.019678594844850426,At-Risk
IART,2023,0.5739170314996436,0.043942777928777946,-0.010331483129245936,0.08439911855656813,Distressed
IART,2024,0.5476847019640155,-0.004311632155188954,0.0447296365465664,0.10633846300156569,Distressed
IAS,2021,0.8313143521280443,-0.16208622219199847,0.3444249126262815,0.37577645867880904,Distressed
IAS,2022,0.8144842144445424,0.03764681105331727,0.26223057496916663,0.11212844782665957,At-Risk
IAS,2023,0.7905596697929249,0.015258164003128367,0.16167827441300067,0.17610093656195777,At-Risk
IAS,2024,0.785022099562159,0.07129773382808181,0.11748659798595608,0.019571103673658795,Healthy
IAUX,2024,-0.28278533823383334,-2.41448296414026,-0.08331815698415589,-0.10548366193387783,Distressed
IBM,2021,0.5490052483827658,0.10013774825199212,0.039362801065622795,-0.000762657175821812,At-Risk
IBM,2022,0.540029737320337,0.027077482240211465,0.05543059406113233,0.037574856158753764,At-Risk
IBM,2023,0.5544778532169414,0.12125767862916262,0.021972575582355856,0.006035685993436192,At-Risk
IBM,2024,0.5665386515385719,0.09599541057798033,0.014435822825735531,0.01931081030409839,At-Risk
IBP,2021,0.29943617615685475,0.060344389698786,0.19082399552390025,0.19466647357842132,At-Risk
IBP,2022,0.3100606787025245,0.08367667990111619,0.3561233301163204,0.31348560525282004,At-Risk
IBP,2023,0.3349528539552293,0.08770603901245232,0.040752116263390516,0.02948088015381329,At-Risk
IBP,2024,0.33811579913643625,0.08724033590589195,0.05855466781832577,0.05992944594314173,At-Risk
IBTA,2024,0.8635249718178699,0.1871783561240994,0.1475360661423523,0.2851521371923738,At-Risk
ICCC,2021,0.44982294572110987,-0.0040686029271262665,0.2542506278758906,0.13532780901868058,At-Risk
ICCC,2022,0.41193422304504934,-0.13430687762071034,-0.03507811086740305,0.09909207954835626,Distressed
ICCC,2023,0.22146046837311306,-0.33051209933063636,-0.05904218244307049,0.11275471853636176,Distressed
ICCC,2024,0.2997393026104201,-0.08140321001236206,0.5163502124496521,0.21161216786728984,Distressed
ICCM,2024,0.4408994226678821,-4.654512306289882,0.0192009910188913,0.009678277053975008,Distressed
ICD,2021,0.13875277130350747,-0.7584787675515888,0.05438874103910427,0.06186364747088051,Distressed
ICD,2022,0.3390873547212254,-0.3498527127631086,1.122790063100449,0.44709853104744374,Distressed
ICD,2023,0.38006054086984664,-0.17941895995354726,0.12530662524771036,0.05112085279166291,Distressed
ICE,2021,0.6199825479930192,0.44262652705061084,0.11208151382823872,0.10007833920877399,Distressed
ICE,2022,0.610730593607306,0.15006226650062265,0.051047120418848166,0.05127292148833897,Distressed
ICE,2023,0.6455619509239624,0.23911945874987378,0.027708592777085927,0.0059271803556308214,Distressed
ICE,2024,0.6266473939290876,0.23416376158489924,0.187619913157629,0.23703703703703705,Distressed
ICFI,2021,0.36925967516779906,0.04580154637847639,0.030641559518871837,0.017172086225794667,At-Risk
ICFI,2022,0.3626713798706041,0.036092302990397555,0.14611010091124035,0.1588572870900457,At-Risk
ICFI,2023,0.35564715026909627,0.042079462602088995,0.10296500378659344,0.09556953617815202,At-Risk
ICFI,2024,0.36527168458852344,0.054545355525112305,0.028803945318906825,0.012576751116106783,At-Risk
ICG,2022,0.8163106383653904,0.5635498732008526,-0.2810997225622559,-0.2151700783558935,Healthy
ICG,2023,0.11040437823046519,-0.3258741258741259,0.16798781275563715,1.8793949013163034,Healthy
ICG,2024,0.5370217236227095,0.18276448271089232,2.426780176345394,0.8928277839299423,Healthy
ICHR,2021,0.16179893282718746,0.06463479005248346,0.19981820886510704,0.1641132414482218,At-Risk
ICHR,2022,0.16550982798583513,0.05687505907884653,0.1669697889630665,0.17555120912134328,At-Risk
ICHR,2023,0.12747312358220733,-0.052994624716441466,-0.3663466578754739,-0.311687039353701,At-Risk
ICHR,2024,0.12170686893432582,-0.024521812871007256,0.04675017260084821,0.04217076330723892,At-Risk
ICPT,2021,0.9650998495600192,-0.3506270373921381,0.11445911869043039,-0.20014871073107257,Distressed
ICPT,2022,0.9650998495600192,0.5635498732008526,0.09572387344199425,-0.020789065958388666,Distressed
ICTSF,2023,0.18534464779789683,0.016408599858182982,0.3279155140209923,0.28068877993554103,Healthy
ICTSF,2024,0.14450559682191555,-0.00875628478616209,0.1199605136927576,0.16225850146146717,Healthy
ICUI,2021,0.37338525633818226,0.0783517231529399,0.03564426233119644,0.03387075768561995,Healthy
ICUI,2022,0.30603592899464344,-0.03258162181792344,0.7321151280703301,0.9436266436519224,Distressed
ICUI,2023,0.32750408786406776,-0.01312675787007896,-0.009153959413104491,-0.03165007345970008,Distressed
ICUI,2024,0.3462494007252589,-0.04940626671357312,0.05441042243770378,0.03317113540060327,At-Risk
IDCC,2021,0.8480873700368351,0.12998079495262208,0.18501299475474314,0.0740661503572804,At-Risk
IDCC,2022,0.8439931497573144,0.20466192217460255,0.07612673920862041,-0.06842237517084143,At-Risk
IDEX,2021,0.20361150070126227,-2.244118162692847,3.2632385365671364,1.6801545954274224,Distressed
IDEX,2022,-0.17659742308703655,-14.834867210097292,-0.6509892588799009,-0.2933719825591309,Distressed
IDEX,2023,-0.17556116178278025,-15.14496409858335,-0.18701025506179333,-0.11134398742467906,Distressed
IDT,2022,0.23825837190088098,0.019814421244860003,-0.05731414868105516,-0.06167185300543774,Healthy
IDT,2023,0.2883632776743668,0.0326850460183363,-0.09178722003552638,-0.09715519859615969,Healthy
IDT,2024,0.3235728301561316,0.05345428428782081,-0.026698868470376655,-0.032152371438085726,Healthy
IDXX,2021,0.5876268909235669,0.23165213226512738,0.18794600715643478,0.13478297387197952,Healthy
IDXX,2022,0.5952317032753605,0.20167022834749493,0.04726189291401274,0.08112136123875109,Healthy
IDXX,2023,0.5981966990562293,0.23082568937650935,0.08719950916514123,0.038591745224643204,Healthy
IDXX,2024,0.6103719200801333,0.22780399968800547,0.0646145962540355,0.08009204996440865,Healthy
IE,2023,0.23494747630028184,-24.696043881430608,-0.5375592417061611,0.3107997581878312,Distressed
IE,2024,0.6490865218890038,-24.696043881430608,-0.25672559569561876,-0.024161037410813598,Distressed
IEA,2021,0.09916571241616227,-0.040284927974134195,0.18570030891577124,0.1900101282937074,At-Risk
IEHC,2021,0.20347084919306924,0.05926639571782082,-0.30100957232128467,-0.21555217459721474,Healthy
IEHC,2022,0.038722331580523274,-0.3398109097141699,-0.21135687248308707,-0.010110090562320524,Healthy
IEHC,2023,0.15177664158646056,-0.13551515888095003,0.12476708597896523,0.013456232864023787,Healthy
IEHC,2024,0.2596551588405739,0.03470826933190096,0.3372576441108346,0.11562262869871587,Healthy
IESC,2021,0.18743853697999274,0.04338321098761921,0.29024248103884936,0.27953410101181153,Healthy
IESC,2022,0.14718886029588224,0.02104939616246571,0.4102296593606349,0.4548322035697496,Healthy
IEX,2021,0.44288917824074076,0.1625434027777778,0.1757101547882293,0.16458688362377,At-Risk
IEX,2022,0.4484427543291744,0.1844495427260442,0.15086082175925927,0.13651168279443002,At-Risk
IEX,2023,0.44194996792815905,0.18207642261522955,0.028913542223199976,0.05100303193919508,At-Risk
IEX,2024,0.4421194322075379,0.15449094468918256,-0.0015577751305782094,0.020470262793914246,At-Risk
IFF,2021,0.32043582704186685,0.02316403568977351,1.2926829268292683,1.4529686457638427,Distressed
IFF,2022,0.33368167202572346,-0.15040192926045015,0.06726149622512011,0.032272686066539755,Distressed
IFF,2023,0.3206725324505619,-0.2257165258297761,-0.0772508038585209,-0.042680249407218755,Distressed
IFF,2024,0.359108324625566,0.022901428073841868,0.00043557801202195314,-0.024309696358132283,Distressed
IGC,2021,0.48866498740554154,-24.696043881430608,-0.5579064587973274,0.6446684680939514,Distressed
IGC,2022,0.48518111964873767,-12.630076838638859,1.2947103274559193,-0.2112480252764613,Distressed
IGC,2023,0.5449814126394052,-9.66542750929368,0.47639956092206365,-0.10727447524435187,Distressed
IGC,2024,0.48701809598741147,-5.6026750590086545,-0.0550185873605948,-0.2177151574979808,Distressed
IGT,2021,0.3645699614890886,-0.2878690629011553,0.0,0.0,Distressed
IGT,2022,0.4788456835412081,0.11812179016874541,0.31225930680359437,0.10340041637751561,Distressed
IGXT,2021,-0.46970684039087945,-6.066449511400651,-0.005829015544041451,0.21887807377049182,Distressed
IGXT,2022,-0.5044542404467389,-11.25263157894737,-0.3811074918566775,0.08889355889460965,Distressed
IGXT,2023,-0.5044542404467389,-9.554379210779596,0.09368421052631579,0.016115024606774102,Distressed
IHRT,2021,0.6277317513222458,-0.04473968198654429,0.20694602637932474,0.13527208195202725,Distressed
IHRT,2022,0.6216209307966729,-0.06764924725537493,0.09946857242422029,0.05923486788757913,Distressed
IHRT,2023,0.6016464832945662,-0.2939623169666958,-0.041218388342561106,0.01109360388765705,Distressed
IHRT,2024,0.5877758960102031,-0.26201390985987405,0.027594324218047066,0.031175617435461503,Distressed
III,2021,0.39360836764663537,0.05589348959083187,0.11521787996531903,0.05297278817972225,At-Risk
III,2022,0.4073714399494178,0.06890769805810659,0.030360073713611102,0.016716488824659,At-Risk
III,2023,0.3852927635421606,0.021143842723343433,0.016722150998892644,0.07654203678535128,At-Risk
III,2024,0.3929115253347335,0.011466768988428216,-0.14935029238560543,-0.12521252197567664,At-Risk
IIIN,2021,0.20580391838144535,0.1127834189241129,0.24963712765912427,0.11884090954730141,At-Risk
IIIN,2022,0.23863372486792964,0.15119274532190335,0.39998408400933966,0.3273146790948486,Healthy
IIIN,2023,0.10073815289253653,0.04993160686888852,-0.21484896569073283,-0.07676878465075049,Healthy
IIIN,2024,0.09378720252155148,0.03647972970419389,-0.18483089644294104,-0.17139509337239106,Healthy
IIIV,2023,0.7110358971114661,-0.004275599559260021,0.010274191486641953,-0.02498014086744691,Distressed
IIIV,2024,0.6835414574966533,0.5635498732008526,0.008176886456735255,0.014893027651496636,At-Risk
IIN,2021,0.2506669009472389,-0.0008466047952973499,0.21827717396592491,0.19710320202718268,At-Risk
IIVI,2022,0.38156241180769795,0.07078268934359601,0.0678468755020701,0.07343444639562803,At-Risk
IIVI,2023,0.3136146586306467,-0.05028158369023856,0.5558328127223652,0.7496745709125314,Distressed
IIVI,2024,0.3092736816883362,-0.0331699976718933,-0.08767504505726634,-0.0972025271562167,Distressed
IIVI,2025,0.3516835725282546,0.008496217372633761,0.23417588421322738,0.15064958917119442,Distressed
IKNX,2023,0.6054399167978737,-1.0605526585679412,3.6051353688551853,0.7092106646112882,Distressed
IKNX,2024,0.5529628492477741,-0.5170830625986248,1.0230105880483613,1.05635838150289,Distressed
ILMN,2021,0.6968625718073354,0.16836058329650905,0.3973448595245446,0.7484016547574276,At-Risk
ILMN,2022,0.6483420593368238,-0.9607329842931938,0.012814847547503314,-0.0901269090126909,Distressed
ILMN,2023,0.6092362344582594,-0.2577708703374778,-0.017452006980802792,0.11725768321513003,Distressed
ILMN,2024,0.654391582799634,-0.27973467520585543,-0.02930728241563055,-0.20186203977994074,Distressed
IMAX,2021,0.5273243017384447,-0.08760490107225669,0.8604191149098925,0.06239359891045284,Distressed
IMAX,2022,0.5197885673442928,-0.07579661242333073,0.18016894025886387,0.17226985017226185,Distressed
IMBI,2021,0.4039235467236643,-0.0399322124927876,0.2134944767499466,0.21636295069744862,Distressed
IMCR,2023,0.9650998495600192,-0.22165514697628172,0.43052632182655526,0.36717993179073644,Distressed
IMCR,2024,0.9650998495600192,-0.16468946041611596,0.24365347916031882,0.2316121872543088,Distressed
IMKTA,2021,0.26131802790406766,0.05006725807083944,0.08183530114007011,0.07238207104997958,Healthy
IMO,2021,0.21548284119058883,0.06594839051468833,0.33911738676969805,0.12557491256830602,At-Risk
IMO,2022,0.2434053963436642,0.12300988770122702,0.5290416241908886,0.4301089970056298,Healthy
IMO,2023,0.22937471797207556,0.095921050031236,-0.17647596482982272,-0.1542270528258987,At-Risk
IMO,2024,0.2279942559983916,0.09295195215964709,-0.0036964591924054722,0.0010505694185454575,At-Risk
IMPL,2022,0.4866424280746127,-8.402782168827063,4.509057831645275,0.3282146519943454,Distressed
IMRX,2021,0.44562758628647364,-16.123258080319776,-0.10018191374995404,0.8544841162686219,Healthy
IMRX,2022,0.5011168883616447,-24.696043881430608,-0.6509892588799009,0.4475275697651367,At-Risk
INCY,2021,0.949438211653546,0.317647752193625,0.11983528718244484,-0.17996768373069963,At-Risk
INCY,2022,0.9390223102041898,0.10035246793837924,0.13674865643293116,0.19003589173723673,At-Risk
INCY,2023,0.9310026466258023,0.16170339769821215,0.08867345090120146,0.08700058996670212,At-Risk
INCY,2024,0.926420176095682,0.007690009730697581,0.14762440913625727,0.3695642156691723,At-Risk
INDI,2021,0.4071098074857473,-1.8186400066099315,1.1411764705882352,1.8793949013163034,Distressed
INDI,2022,0.4540375641939764,-0.3917073566973835,1.2886267867470875,0.8662137592935294,Distressed
INDI,2023,0.4013236605442512,-0.52706693133903,1.0142151863317599,0.5596042187669892,Distressed
INDI,2024,0.41678127394061343,-0.611970537469656,-0.029067657246302128,0.06647666428698912,Distressed
INFA,2023,0.7879240953885503,-0.0785394568569924,0.05982388091830674,0.015090756092368107,Distressed
INFA,2024,0.8011040122730361,0.00605542134293648,0.028121316983876224,-0.0009168740786314406,Distressed
INFN,2021,0.3494051732908599,-0.119826972260131,0.05134936957618642,0.020498843548484833,Distressed
INFN,2022,0.3405553627477527,-0.048335221154787375,0.10387067123676945,0.08303376513853528,Distressed
INFN,2023,0.3859123935648226,-0.015620198645956207,0.02598837305385948,-0.006792432838018403,Distressed
INFN,2024,0.38391309926497025,-0.1059878204739553,-0.12123078219323374,-0.08519889272824145,Distressed
INFO,2021,0.63326248899766,0.2590755885446856,0.08636130416530621,0.0029342526186495617,At-Risk
INFU,2021,0.5717411263698697,0.013869625520110958,0.05127941840883887,0.12421946454985829,Distressed
INFU,2022,0.5509762177702567,0.0001637643976199574,0.0735676193080815,0.08736264839999197,Distressed
INFU,2023,0.501721190921016,0.006932464125293159,0.14439470859035244,0.12411786440051727,At-Risk
INFU,2024,0.5220412128042948,0.01738827385233685,0.07215486743252375,0.05154605290187926,At-Risk
INFY,2021,0.32585371834958005,0.18196309239163755,0.202787405058624,0.22665103556076593,Healthy
INGN,2021,0.4929651427502004,-0.01768979589556512,0.1605124365046177,0.08814334564696485,At-Risk
INGN,2022,0.40698916607685803,-0.2220649399190438,0.05373697985771069,0.1765095494648228,At-Risk
INGN,2023,0.40137806500665274,-0.32455490084267885,-0.1632404749218669,-0.04428462455187742,Distressed
INGN,2024,0.46094338779583266,-0.10690338243398222,0.0635018690996642,-0.03552449050368225,Distressed
INGR,2021,0.1930664345807949,0.016971279373368148,0.15149490562886253,0.1666039156626506,At-Risk
INGR,2022,0.1880191291215706,0.06191794613642084,0.15259646069045546,0.15862514119735355,At-Risk
INGR,2023,0.21433823529411763,0.07879901960784313,0.02693178957966272,0.001671309192200557,At-Risk
INGR,2024,0.24104979811574698,0.08707940780619111,-0.08946078431372549,-0.10734149054505006,At-Risk
INMD,2021,0.8501195586816384,0.46137345657432915,0.7348513150936165,0.4323833535935647,Healthy
INMD,2022,0.8382353264901348,0.35555868633480897,0.2704571196845329,0.3432850676836679,Healthy
INMD,2023,0.8359753519981791,0.4022351477904595,0.0831596117735889,0.15588280028235257,Healthy
INMD,2024,0.8030687557304885,0.45913560172028633,-0.19760267290996,-0.04757615018151882,Healthy
INN,2021,0.4111475826550179,-0.1811779203483585,0.5436380153798254,0.15588670440024074,Distressed
INNV,2022,0.19376502919958777,-0.009333848620176343,0.09539040451552211,0.08361976220495257,At-Risk
INNV,2023,0.14720231598620523,-0.059110257859834585,-0.015105061261880224,0.04898114774851148,At-Risk
INNV,2024,0.1728914519116848,-0.027934621099554236,0.11011398267951582,0.06719214841853767,At-Risk
INNV,2025,0.17996858377484337,-0.035507831214514715,0.11761918165096778,0.10521768409282942,At-Risk
INOD,2024,0.39348590000058664,0.16813230005690452,0.9644021895707289,0.6901465468383127,Healthy
INSE,2021,0.6618075801749271,-0.1987366375121477,0.03003003003003003,0.11963519313304721,Distressed
INSG,2021,0.28934942587433643,-0.18340390016730246,-0.16388704784725586,-0.08837940963869699,Distressed
INSM,2021,0.7657234122709738,-2.3063339364643083,0.1462658062318673,0.29460601194009006,Distressed
INSM,2022,0.7753242201191728,-1.9625771321905134,0.301903311560482,0.3007078121825677,Distressed
INSM,2023,0.7851530759351,-2.455921863122854,0.24392927884968088,0.3630447793376744,Distressed
INSM,2024,0.7642552934092552,-2.512384969219729,0.19166928782993892,0.1664474611539776,Distressed
INSP,2021,0.8574127869611043,-0.18013316537700197,1.0228113814232846,0.5924330813746802,At-Risk
INSP,2022,0.837896218273116,-0.11004128908242125,0.7474999357309956,0.6668179356179824,Healthy
INSP,2023,0.8454286898666611,-0.033855687989257345,0.5319107724294849,0.46025451862781264,Healthy
INSP,2024,0.8468044504013433,0.06665263252300686,0.284899623718988,0.15284255792623333,Healthy
INST,2022,0.6374238731970522,-0.07205899064382126,0.17227360303531913,0.08996632608498063,Distressed
INST,2023,0.6486014975198506,-0.06427264668716169,0.11577587259098389,0.08492212319545064,Distressed
INSW,2024,0.6908711839792017,0.4379133113986463,-0.11211494949966178,0.07558723637916658,At-Risk
INT,2021,0.012812330471966046,0.002355043558732489,0.539273907939268,0.5449032673586167,Healthy
INT,2022,0.009850431295104763,0.001932486607241151,0.8841337715799215,0.884681125353156,Healthy
INT,2023,0.011441901799600088,0.0011066723118133078,-0.19193606026783824,-0.19223177732932678,Healthy
INT,2024,0.012898406374501991,0.0016007398975526465,-0.11617124915637196,-0.116940894450916,Healthy
INTA,2022,0.6358193265728431,-0.36636760257432804,0.2676102929186099,0.5637118938689271,Distressed
INTA,2023,0.6823295038375708,-0.1978636144701929,0.2896376313535805,0.12652108729648182,Distressed
INTA,2024,0.7127656362145577,-0.0743769786980022,0.2270052127122919,0.1055615686218291,Distressed
INTA,2025,0.7398476553201618,-0.03613623740379275,0.17094789360847157,0.14860799543562547,Distressed
INTC,2021,0.5544518121077141,0.2514172909495849,0.01485866926939525,0.05465725769109667,At-Risk
INTC,2022,0.426079233672725,0.1270974085704317,-0.20209050415063778,0.06631309051315373,At-Risk
INTC,2023,0.400365125027661,0.031146271298959947,-0.13997525930155105,-0.10739813564346652,Distressed
INTC,2024,0.32664168283083184,-0.35321368712453627,-0.020782621523935976,0.06664575530010886,Distressed
INTG,2021,0.13843859733512914,0.5006974842464765,-0.5839370772125045,-0.4307487520798669,Healthy
INTG,2022,0.41864503695546285,-0.18473495838539572,1.2713454230602723,0.6971822752250673,Healthy
INTG,2023,0.401860884961897,-0.1166351311472564,0.21999618797517947,0.22327087351887573,Healthy
INTT,2021,0.4856853366007682,0.08580550908362591,0.576983817327165,0.416296158496884,At-Risk
INTT,2022,0.457424589995549,0.07242270688533571,0.37642263012794835,0.3937057517764964,At-Risk
INTT,2023,0.4621011824625716,0.07576519440073964,0.055414797822439826,0.06367157680454635,At-Risk
INTT,2024,0.42408753538908867,0.022121049812533475,0.05991792509448347,0.12788070492544057,At-Risk
INTU,2022,0.821939336790822,0.16234480590916234,0.3210837745250701,0.4236646572269732,At-Risk
INTU,2023,0.78125,0.16592427616926503,0.12902718843312902,0.10556376169374693,At-Risk
INTU,2024,0.7872275099785079,0.18194657660423702,0.13342149220489977,0.10733054244232654,At-Risk
INTV,2022,0.40940573267748914,-0.08633626217971452,2.537954185773932,-0.47722532627691366,At-Risk
INTV,2023,0.3010024466397729,-6.590981682172925,-0.4102640358600352,1.8793949013163034,Distressed
INTV,2024,0.3297444463487402,-1.9652941241674746,0.5180337103521261,-0.2802341568168647,Distressed
INUV,2021,0.7338182539368425,-0.1270359618796294,0.3402929797927675,0.28303550286828716,Distressed
INUV,2022,0.5999617876072144,-0.17335833033138767,0.2636282069830118,0.3055012424385917,Distressed
INVA,2023,0.8626567417051307,0.5635498732008526,-0.0630049586677089,0.5809206716850029,Distressed
INVA,2024,0.8979735776154063,0.06521127035412909,0.15540660239706502,-0.024082043768885633,At-Risk
INVE,2021,0.35720687295820525,0.015611598839730555,0.193844914864243,0.17304556139147256,Distressed
INVE,2022,0.3626090421998849,-0.003471637957755834,0.08813807591862695,0.08386465833804735,Distressed
INVH,2021,0.6104612055904619,0.13093410597436161,0.09533922015681129,0.06695099819851202,Distressed
INVH,2022,0.609365624110582,0.17127268811650487,0.12095772094269551,0.09733424914695835,Distressed
INVH,2023,0.5986708756153696,0.21357344842982587,0.08675000145211094,0.09225075736277645,Distressed
INVH,2024,0.5903830630842531,0.17332075318964682,0.07674451686854875,0.08363809496328144,Distressed
IONM,2021,0.509523157029323,-0.09440942724033982,4.509057831645275,0.5876210270188067,At-Risk
IONM,2022,-0.5044542404467389,-24.696043881430608,-0.6509892588799009,-0.4378492289025831,Distressed
IONM,2023,-0.5044542404467389,-24.696043881430608,-0.4585987261146497,-0.09241167783710098,Distressed
IONQ,2022,0.7355134309585841,-4.3581888419728685,4.303001429252025,1.3752513117246115,Healthy
IONQ,2023,0.6321567915797115,-7.15774430632429,0.9802353786721768,0.8559203939015453,At-Risk
IONQ,2024,0.5218118078610731,-7.699649432359019,0.9541330187823247,0.5324478853812098,Distressed
IONS,2021,0.9650998495600192,-0.03528507408175151,0.11133416705061541,-0.06734816596512327,Distressed
IONS,2022,0.9650998495600192,-0.45920523284420134,-0.2752635553318132,0.1866620987293045,Distressed
IONS,2023,0.9650998495600192,-0.46503827222093147,0.3409793195736226,0.21313647928240764,Distressed
IONS,2024,0.9650998495600192,-0.6436995311556036,-0.10475377929453168,0.03594689689251298,Distressed
IOSP,2021,0.2931778347040582,0.06276122421464204,0.24331573212639343,0.2099615487793973,At-Risk
IOSP,2022,0.29877272495798746,0.06772928655089881,0.32378320075502226,0.3128371886778509,Healthy
IOSP,2023,0.3033148604269294,0.07137725779967159,-0.007587717064724754,0.006079711776626886,Healthy
IOSP,2024,0.29419096130920125,0.019074455402622738,-0.05305829228243021,-0.0687667860340197,Healthy
IOVA,2024,0.4316572194794905,-2.2684037301151947,4.509057831645275,0.2113707043668841,Distressed
IP,2021,0.2856478851417652,0.09048184682125704,0.10236265300313123,0.10434407009749476,At-Risk
IP,2022,0.2843910968290724,0.07107414583431784,0.09285751174921242,0.08437168240487232,At-Risk
IP,2023,0.281980914364124,0.017962951412711283,-0.24233259297764756,-0.21255217189673828,At-Risk
IP,2024,0.28026523523839597,0.03517524471108304,-0.012349529096239008,-0.0020939667582777124,At-Risk
IPAR,2021,0.6331914371085915,0.0993853437572483,0.6317278561211408,0.5547719682849745,At-Risk
IPAR,2022,0.6390466873969888,0.1112940377471005,0.2355124864129817,0.21332294571325505,At-Risk
IPAR,2023,0.6367867645663764,0.11585102548048647,0.21259960631406713,0.2053942964116025,Healthy
IPAR,2024,0.6385216807532749,0.11316888437505379,0.10218756521904111,0.10056429142834099,Healthy
IPDN,2021,0.7501393352801192,-0.45206825370876164,0.3684003270554953,-0.03363702224683354,Distressed
IPDN,2022,0.4876152381355598,-0.31304960928967795,0.36327835294630784,0.2699836456814242,Distressed
IPDN,2023,0.550468844350274,-0.5599789947755803,-0.07397696536288767,0.07197158925620203,Distressed
IPDN,2024,0.6068072632400802,-0.3732153350256032,-0.12578612104344997,-0.25346808537760873,Distressed
IPG,2021,0.18093489702852344,0.093040514808558,0.13019534267740868,0.09121705464833474,Distressed
IPG,2022,0.168807994289793,0.0858361243800216,0.0670950228011757,0.0739489873662425,Distressed
IPG,2023,0.16660391393386167,0.10086966104340958,-0.0035231245081352148,-0.0039812795154698126,Distressed
IPG,2024,0.1701974428762498,0.06448927672867738,-0.018146253661851543,-0.015435970488805732,Distressed
IPGP,2021,0.4767041331818244,0.1905836288213792,0.21664928826274815,0.1432944633486516,Healthy
IPGP,2022,0.3885237771126098,0.07688379605567358,-0.02143463439343948,0.08126274143870077,Healthy
IPGP,2023,0.42075624553862356,0.1700103849580446,-0.09940771447178721,-0.11874282223171839,Healthy
IPGP,2024,0.3460681953549871,-0.1857739061377457,-0.24102501167045584,-0.08828334468255178,Healthy
IPI,2021,0.2062796857197816,0.5635498732008526,0.3725641520355007,0.12278787593763962,Healthy
IPI,2022,0.4189022656175941,0.21394207981799224,0.24871639317579866,-0.025328385215963544,Healthy
IPI,2023,0.13202523980321265,-0.12782218909786694,-0.1732539814200398,0.1896027881751806,Healthy
IPI,2024,0.11418407971919245,-0.8356891014315218,-0.08738977293493333,-0.06290798614246958,At-Risk
IPWR,2021,0.0,-8.27598417068732,0.3463208518927706,0.20668150764071438,Healthy
IPWR,2022,0.0,-24.696043881430608,-0.6473467164238661,0.39091387985418147,Distressed
IPWR,2023,0.19237596230722429,-24.696043881430608,-0.02163635379718501,0.39817654595116925,Distressed
IPWR,2024,-0.08574716384601079,-24.696043881430608,-0.5673979614926259,0.05745904234866234,Distressed
IQV,2021,0.334510595358224,0.06962663975782038,0.22141033541685007,0.17823373676248108,Distressed
IQV,2022,0.34892435808466343,0.07571131158917419,0.03863341502090241,0.0097905465050959,Distressed
IQV,2023,0.34963961558996265,0.09063000533902829,0.039833448993754336,0.027020583326710642,Distressed
IQV,2024,0.3489126906848426,0.08912690684842584,0.028096636412172984,0.016482240965720034,Distressed
IR,2024,0.43814789219073946,0.11590877677954388,0.05219528511801748,0.036625932280542034,At-Risk
IRBT,2021,0.351631674895702,0.019418691656863604,0.09409811310202112,0.21962933427201675,At-Risk
IRBT,2022,0.2958408224556209,-0.24192928240476666,-0.24383844722032835,-0.09665044151442417,At-Risk
IRBT,2023,0.22049787778750926,-0.3421478137842754,-0.24742876989106655,-0.18959104390679737,Distressed
IRBT,2024,0.20878082977316093,-0.21341675356273895,-0.23437647375867413,-0.34053493007008256,Distressed
IRDM,2021,0.7552546786004882,-0.015165174938974776,0.05323778492695894,0.03691902269525291,Distressed
IRDM,2022,0.7210270250778743,0.012096516946496282,0.17336696501220505,0.1340564533445034,Distressed
IRDM,2023,0.7152985305852998,0.019494816768957018,0.09665147551987839,0.10047256558884465,Distressed
IRDM,2024,0.7224365039810662,0.13576314401901088,0.05053476375418446,-0.11112333326282092,Distressed
IRIX,2021,0.4235571304009053,-0.09693338033133592,0.4830109775222164,0.4310738411367342,Distressed
IRIX,2022,0.4452713613704978,-0.1324685810573615,0.056935606552510995,0.05010091802851748,Distressed
IRIX,2023,0.42042453103009503,-0.18450326784784746,-0.0895703152425753,-0.04089034938152959,Distressed
IRIX,2024,0.40070681542665765,-0.18307341428835605,-0.06169388266594691,-0.07927144611804254,Distressed
IRMD,2021,0.7664772486898769,0.22301959692003132,0.31834948368357885,-0.014675490569022466,Healthy
IRMD,2022,0.7744834380785599,0.24067035819368632,0.2747501882178372,0.17747347953937662,Healthy
IRMD,2023,0.7650474748474336,0.2622357215799764,0.22998926235966002,0.20839373067378003,Healthy
IRMD,2024,0.7693673029136288,0.2626088856120805,0.11713598315714874,0.12630268765865094,Healthy
IRT,2021,0.5892500359637486,0.17817639819062386,0.1809575944050664,0.18568165783777965,Distressed
IRT,2022,0.5922071516646116,0.18654627898651605,1.511568339114173,1.6998991477989007,Distressed
IRT,2023,0.5893827829157482,-0.02606269752777303,0.051641541704785014,-0.041597483830360264,Distressed
IRT,2024,0.5851617489668534,0.06138883029834306,-0.031692191781029166,-0.00494012413645266,Distressed
IRTC,2021,0.6615565708975452,-0.31398125919615893,0.21744492129458529,0.36889447252451923,Distressed
IRTC,2022,0.6853677470852062,-0.2826699049208972,0.27289088515449544,0.17818046777428756,Distressed
IRTC,2023,0.6734702576312056,-0.2504785043466259,0.19896768478612678,0.21816433345312258,Distressed
IRTC,2024,0.688584226453478,-0.19141861215634656,0.2012620742427656,0.1113579579539986,Distressed
ISDR,2021,0.737330347758534,0.15039071425307315,0.18120479326352154,0.14578069732187973,Healthy
ISDR,2022,0.7582716679425023,0.08224887301182274,0.07453274231138327,0.14911797133406834,Distressed
ISDR,2023,0.762448319252202,0.02294924800766972,0.4194947690737433,0.4661549532261933,At-Risk
ISO,2021,0.5079383474330745,-4.7264457063390894,0.6614999518629056,1.4845612637727332,Distressed
ISO,2022,-0.05518763796909492,-6.324026012767734,-0.028798238498087842,0.2154817751466644,Distressed
ISPC,2022,0.2873451196336042,-0.9849666943945009,-0.06582667754977121,0.20678326353976065,Distressed
ISPC,2023,0.1552145890930305,-1.1179776684235505,-0.045578272426788566,0.024729865892832294,Distressed
ISPC,2024,0.04930646106522199,-1.3451351102639457,-0.06416772694784867,0.043684112260897995,Distressed
ISR,2022,0.36966067864271457,-0.8295409181636727,-0.6509892588799009,-0.47722532627691366,Healthy
ISRG,2021,0.6932453021838497,0.29852366858724017,0.31013674743024966,0.1754518527473856,Healthy
ISRG,2022,0.6743595512841117,0.2125132589759249,0.08968319293882769,0.19438944742999667,Healthy
ISRG,2023,0.6638733313681728,0.25238275712019764,0.144948731959757,0.1533228563432434,Healthy
ISRG,2024,0.6745848349516887,0.27808575088899795,0.1723726505804242,0.12056446344240569,Healthy
ISSC,2021,0.5546427922382129,0.21978506557402375,0.0671258921948346,0.015600847650724187,Healthy
ISSC,2022,0.6010801459732714,0.19912183166283326,0.20377264350701998,0.07216700828262201,Healthy
IT,2021,0.6949504453140942,0.16763125686264485,0.1547930271798113,0.05805902961750178,At-Risk
IT,2022,0.6906832295868073,0.1475204014137724,0.15671524190519484,0.14545705894512187,At-Risk
IT,2023,0.6777968212392305,0.1493943750385139,0.07872938720336548,0.09829570007838942,At-Risk
IT,2024,0.677215679648263,0.20003714452427007,0.061022123746985756,0.0655282601647037,At-Risk
ITCI,2021,0.9041203775521163,-3.390403684832285,2.6734756498487706,0.454454202274436,Distressed
ITCI,2022,0.9183305767955448,-1.0237381848398412,1.9869336419937234,0.3909405100530189,Distressed
ITCI,2023,0.9273316536382626,-0.3007817042444602,0.8551499316858027,0.21366501926294898,Distressed
ITCI,2024,0.9163357087884004,-0.10968022418969174,0.46618429269763334,0.27867209832128526,At-Risk
ITGR,2021,0.2759608510178293,0.07214029559103055,0.13753607554017824,0.13997221778463811,At-Risk
ITGR,2022,0.25972130518291836,0.04985964603910381,0.0902464132132319,0.11676528892485652,At-Risk
ITGR,2023,0.26348305795111515,0.05827123734296014,0.1685441872728215,0.14757156818423572,At-Risk
ITGR,2024,0.26739780356006887,0.06984520527835321,0.10345474835053509,0.08349886487484656,At-Risk
ITHUF,2021,0.5394989606832892,-0.38169029347151484,0.33855962655519584,0.12853012891079127,Distressed
ITHUF,2022,0.4560421044892257,-2.7534019961645213,-0.19606635864800165,0.12115286438391132,Distressed
ITHUF,2023,0.3966980036046899,-0.48117585736983237,-0.024360804592771408,-0.23129088521444283,Distressed
ITHUF,2024,0.44826248605035596,-0.04556983176878502,0.05231196267199206,-0.06218729174820441,Distressed
ITI,2021,0.3548123858293654,-0.05299753690893301,0.14029606105619014,0.2083563059958649,Distressed
ITI,2022,0.26925640171224974,-0.0951926280983262,0.16829874524600963,0.21098484308385496,Distressed
ITI,2023,0.3755283829591771,0.018204864321140553,0.10211339809806988,-0.004073943247380195,At-Risk
ITRI,2021,0.28924964624045957,-0.04100532304655092,-0.0882407343501967,-0.06945946528727812,Distressed
ITRI,2022,0.29082171395728584,-0.0054200240147385444,-0.09386890811941226,-0.08615835864711871,Distressed
ITRI,2023,0.32843998963946536,0.04459032412555385,0.21055723995357448,0.12704921496886978,At-Risk
ITRI,2024,0.3438644202787814,0.09796024888183849,0.12292967580083666,0.08666573338466384,At-Risk
ITT,2021,0.32531645569620254,0.11439421338155516,0.1159092743562838,0.10076608544437655,At-Risk
ITT,2022,0.3086989992301771,0.12283696488937978,0.08054249547920433,0.08278895008752829,At-Risk
ITT,2023,0.3379835516296071,0.1255558939993908,0.09883857147638651,0.08217665615141956,At-Risk
ITT,2024,0.3441209684082959,0.14319552703335445,0.10590922936338715,0.09328086284798134,At-Risk
ITW,2021,0.41272915946039435,0.18637149775164302,0.1495944011452203,0.13703082407213252,Healthy
ITW,2022,0.40817223198594027,0.1904343459703741,0.10217917675544794,0.10723835869064084,Healthy
ITW,2023,0.42161793009250637,0.18358477680511578,0.010984182776801407,-0.004497001998667555,Healthy
ITW,2024,0.44282299660334634,0.2193986664989307,-0.01297572484013162,-0.035218336958340306,Healthy
IVA,2024,0.8673594681746583,-12.511002825224852,-0.36432720115121986,-0.1079764484403439,Distressed
IVAC,2021,0.18344408680303187,0.5635498732008526,-0.26097298956414977,-0.00013113034356150013,At-Risk
IVAC,2022,0.42185621207460644,-0.477475462095579,-0.07172152424462673,-0.1430655737704918,Distressed
IVAC,2023,0.38405012816861295,-0.23146302098167665,0.4726937166186628,0.2608612476804469,At-Risk
IVAC,2024,0.03951358279408547,-0.6220732126668542,0.21481059527200227,0.4328999074481482,Distressed
IVC,2021,0.2740604981105086,-0.05222377721767377,0.025588669889936275,0.028271762450195654,At-Risk
IVC,2022,0.23646379492351022,-0.13626331847174117,-0.1498343184821716,-0.083726416456695,Distressed
IVFH,2021,0.27246683396946847,-0.011514326751746299,0.2038879613580208,0.14654328029197727,At-Risk
IVFH,2022,0.22212754901752663,-0.01710938616365991,0.26830816065055335,0.21136645095265877,At-Risk
IVFH,2023,0.24210815894685306,-0.061872655545055485,-0.10791840862666646,-0.12096547069499672,At-Risk
IVFH,2024,0.2526691412709709,0.04392906813160927,-0.1554296964913334,-0.1697141293676321,At-Risk
IVZ,2021,0.41103778374066285,0.23639132641960983,0.12185954178599323,0.04390732265446224,Distressed
IVZ,2022,0.40298236042916896,0.15220949263502456,-0.12264848792515773,-0.09063863934394144,Distressed
IVZ,2023,0.35081519837660063,-0.01695122804562312,-0.054968671989948585,0.035426800396022556,Distressed
IVZ,2024,0.3341354870611505,0.1277072688313829,0.06133230704639284,0.07884343560322607,Distressed
J,2021,0.21598321732945272,0.033849603111753716,0.038745335640406206,0.028665562325905558,At-Risk
J,2022,0.26371659868871483,0.06583196651686372,-0.30580220926793517,-0.3104434817360055,At-Risk
J,2023,0.2498161530933279,0.06135390575611303,0.10920350801803196,0.10080351047636152,At-Risk
J,2024,0.2463064544022963,0.07008930834442155,0.059855852966708506,0.06226761524593374,At-Risk
JACK,2021,0.7431234534437381,0.14493254172969475,0.11959205330169377,0.08026361682383028,At-Risk
JACK,2022,0.6019312259592953,0.07886543199532997,0.2836596220937858,0.4263346415254445,Distressed
JACK,2023,0.5930363657636385,0.07730635003362277,0.15273182783262254,0.16986314355503146,At-Risk
JACK,2024,0.6330294672075331,-0.023353185184808053,-0.0715000715000715,-0.07135617243116033,At-Risk
JAGX,2021,0.9574688796680498,0.5635498732008526,-0.6509892588799009,-0.47722532627691366,Distressed
JAGX,2022,0.8311308129809301,-3.9690531950485113,4.509057831645275,1.8793949013163034,Distressed
JAGX,2023,0.791312365536318,-4.231123860260219,-0.1835898293743727,-0.0580103944275517,Distressed
JAKK,2021,0.294561724379987,-0.009672911340232742,0.20401184790025434,0.16244982204416658,At-Risk
JAKK,2022,0.2653723308720188,0.11481347974784818,0.2818652232433233,0.2619872275903281,At-Risk
JAKK,2023,0.3138933353195879,0.05397459374301707,-0.10629412437027985,-0.11221267163502817,At-Risk
JAKK,2024,0.3082605688221555,0.049085294381528186,-0.028831140723793034,-0.0016736914706107747,At-Risk
JAN,2021,0.22157813202738494,0.2563340162910399,0.1817403372014055,0.008865455054475889,Distressed
JANL,2024,0.3134929094645644,0.005159078699400524,0.031008774243463277,0.0254061273075669,At-Risk
JAZZ,2021,0.8575545901769677,-0.10654254779367327,0.30913911050543524,0.829641982222695,Distressed
JAZZ,2022,0.8522924959296316,-0.061229051744915934,0.1826414128454243,0.0763163654769559,Distressed
JAZZ,2023,0.8863970200855249,0.10819246967558326,0.04777593107454991,0.028444545560270294,Distressed
JAZZ,2024,0.8904599466692882,0.13765713513314246,0.06122418108165346,0.03265624922759023,Distressed
JBHT,2021,0.19944541152906956,0.06252359614348822,0.2627208863565917,0.2464648778376624,Healthy
JBHT,2022,0.21041225937709324,0.0654347958306194,0.21742532359897052,0.21214801490132137,Healthy
JBHT,2023,0.22978721580025668,0.05676586255369879,-0.1339499212872905,-0.12208296625107937,Healthy
JBHT,2024,0.2336602410284463,0.04723060850135399,-0.0578706458820242,-0.04904249738667841,Healthy
JBI,2021,0.33508364993667933,0.05838965540225288,0.3664606456055216,0.43894592534842364,Distressed
JBI,2022,0.3579487773035844,0.10559298642778044,0.3590735186296074,0.26628953388031285,At-Risk
JBL,2021,0.08055318422400547,0.02376643332764214,0.07404826523875889,0.0605434251569018,At-Risk
JBL,2022,0.07861879443216441,0.029750881175697474,0.14317910192931535,0.13632175761871013,At-Risk
JBL,2023,0.08261771655812346,0.02357212840758458,0.03656132385447159,0.03246328000748433,At-Risk
JBL,2024,0.09264965550669944,0.0480559498667036,-0.16768485966226732,-0.17101606862389754,At-Risk
JBLU,2021,0.14742421732648667,-0.030147424217326486,1.0415962123774096,0.4029067420266451,Distressed
JBLU,2022,0.21533085826599693,-0.03952828128412317,0.5169786317707471,0.34431654676258994,Distressed
JBLU,2023,0.24087363494539782,-0.03224128965158606,0.04990172526752566,0.03264476078347426,Distressed
JBLU,2024,0.24722491647806877,-0.08567733591981895,-0.03494539781591264,-0.028606965174129355,Distressed
JBSS,2022,0.2088436897144794,0.0646396782819385,0.11343976926714829,0.1309911755273476,Healthy
JBSS,2023,0.21169747300652406,0.06287674329739538,0.04584105755187955,0.03986050766064487,Healthy
JBSS,2024,0.20073342001138,0.05647727794687392,0.06711807507557373,0.08176262449668045,Healthy
JBSS,2025,0.18376313845342407,0.0532257510977687,0.037929925767470986,0.03934959779309672,Healthy
JBT,2021,0.34416047972587094,0.08502284408909194,-0.18925801597407108,-0.18195285327837177,At-Risk
JCI,2021,0.3405019435524759,0.06916511745817137,0.060536810503203836,0.014389188663652715,Distressed
JCI,2022,0.3435576876483985,0.07423559625914619,-0.1280632077066081,-0.10744237312502995,Distressed
JCI,2023,0.34946934754377323,0.08279969549057364,0.08208557445365121,0.06920805369127517,Distressed
JCI,2024,0.35190833042872083,0.07428546531892645,0.027808875554162376,0.03123430752234609,Distressed
JCOM,2021,0.8672618904767484,0.35060795272467005,0.22254620828439745,0.19232348413358694,At-Risk
JCOM,2022,0.8673282544822167,0.045835469091594014,-0.018158114294829896,-0.04279093620480081,At-Risk
JCOM,2023,0.8638957558055993,0.03042679475787887,-0.019388251735985053,0.008482965809698227,At-Risk
JCOM,2024,0.8570844581675808,0.04497933919673993,0.027609403912529654,0.024008847515722815,At-Risk
JEF,2022,0.41248405604885424,0.10986433147025085,-0.20079461501382154,-0.04821509131012774,Distressed
JEF,2023,0.2870038281780079,0.03731663898146034,0.04086239378800304,0.1626039570258519,Distressed
JELD,2021,0.19679053205761307,0.04037171574172165,-0.012745778301792134,-0.018134094391531245,At-Risk
JELD,2022,0.172965054861473,0.010063585433187318,0.08659608914099323,0.11320855643308193,At-Risk
JELD,2023,0.19343782336593768,0.01450747084217907,-0.05270337126920856,-0.06459072091460381,At-Risk
JELD,2024,0.1824810519780739,-0.05006367213406533,-0.12283944508023774,-0.09397835179269749,At-Risk
JHG,2021,0.7494398265269244,0.22406938923021322,0.20377621160706516,0.1303570200178854,At-Risk
JHG,2022,0.722499546197132,0.16899618805590852,-0.20361402240693893,-0.08879016553067186,At-Risk
JHG,2023,0.7177181463507469,0.18650680369207345,-0.04619713196587402,-0.03112268750417418,At-Risk
JHG,2024,0.71045608927705,0.1653323629306162,0.17670568084499,0.14489556765699318,At-Risk
JILL,2021,0.6740122281726435,-0.0480907577844383,0.3713729993204134,0.003688869147137266,Distressed
JILL,2022,0.6876164054012106,0.06818608050080191,0.0569406328711599,0.022593193361266965,At-Risk
JILL,2023,0.7084729205006882,0.059536907751589936,-0.01695153655129598,-0.030790462516322083,At-Risk
JILL,2024,0.703693335756159,0.06463542203821844,0.004627962167149363,0.0241067527270776,At-Risk
JJSF,2023,0.30142177236887435,0.050618765753010754,0.12904952428410843,0.0987926914797689,Healthy
JJSF,2024,0.30869881346622174,0.05496156544986363,0.010216643390647723,0.006615627027015825,Healthy
JKHY,2022,0.4191037653303028,0.1867924178695177,0.10502580727722562,0.07999891136927678,At-Risk
JKHY,2023,0.4132642698519807,0.17646707756935306,0.0693906584232512,0.08768784926426769,At-Risk
JKHY,2024,0.41347245347980155,0.17233517923145703,0.06634300780381402,0.08086215900424167,At-Risk
JKHY,2025,0.4271233635668601,0.19187062789859588,0.07210196326589012,0.046589755710968676,Healthy
JLL,2021,0.5076418650281407,0.049651468993648994,0.1673970307235125,0.14793182447571812,At-Risk
JLL,2022,0.520144184909477,0.031372680602623895,0.07719832705116951,0.0904884093251749,At-Risk
JLL,2023,0.529367847096451,0.010856999730260877,-0.004855695255990528,0.009774148784264827,At-Risk
JLL,2024,0.5308007118197065,0.02333471315970281,0.12870891295133136,0.12239339560636539,At-Risk
JNJ,2021,0.7027940055880112,0.2651511303022606,-0.046546546546546545,-0.07775650231370672,At-Risk
JNPR,2021,0.5786417198124763,0.05336402415846602,0.06530786708960429,0.069831013916501,Distressed
JNPR,2022,0.5580434618576926,0.09065871878065343,0.11948304261519618,0.10613240418118466,Distressed
JNPR,2023,0.5754155809147273,0.059196693323748766,0.049667999698181545,0.04890904890904891,Distressed
JNPR,2024,0.5876497950173447,0.060529012929675184,-0.08821996585497349,-0.057059341715384,Distressed
JOB,2021,0.4047780465632271,4.622424924115191e-05,0.13338455896477655,0.031821871156147236,At-Risk
JOB,2022,0.3735524976985319,0.11870124521536896,0.272029706784179,0.29092870118074476,Healthy
JOB,2023,0.3468312746403574,0.0617804687653746,-0.07672973496777945,-0.055136411892930955,Healthy
JOB,2024,0.32318879149747176,-0.20691431367667384,-0.23589144795103745,-0.1819293929924872,Healthy
JOBY,2024,0.5073529411764706,-24.696043881430608,-0.6509892588799009,0.26158782227144567,Distressed
JOE,2021,0.5081798978261847,0.2792289023056525,0.6629566192270562,0.5205693134749273,Distressed
JOE,2022,0.421776229485457,0.28109828353565497,-0.05496337023775637,0.10614991393250221,Distressed
JOE,2023,0.3938143005766983,0.1996275222523344,0.5428164916911394,0.5642952204302766,Distressed
JOE,2024,0.4152114158867946,0.1842120291902656,0.03455565973515548,0.028802352688978804,Distressed
JOUT,2021,0.44452146009251636,0.11093047172158356,0.26496064516020457,0.2240876707720128,Healthy
JOUT,2022,0.36500998849809313,0.05985161867479199,-0.01103703713558553,0.05727487944431952,Healthy
JOUT,2023,0.3676872879772959,0.029425587939335144,-0.10696235311526794,-0.036838024060439116,Healthy
JOUT,2024,0.33900878136986673,-0.0447552990152586,-0.10694982556142708,-0.04126489026290285,At-Risk
JRSH,2021,0.19065713567297476,0.055244710083231056,0.5890650831643441,0.5663304129059369,Healthy
JRSH,2022,0.15782426307050196,0.0175254600047287,-0.03691253613357428,0.005886389106935915,Healthy
JRSH,2023,0.14423357506024115,-0.017117053770484083,-0.15120577039045183,-0.11819181108778615,Healthy
JRSH,2024,0.15307000851493668,-0.005818238314340179,0.2442641500353195,0.22496692151815967,Healthy
JSDA,2021,0.29732287723093564,-0.12243104380746349,0.2435477091214796,0.13421177749100047,Distressed
JSDA,2022,0.2694786481529997,-0.33555148022006814,0.2902244456462953,0.5077549553865501,Distressed
JSDA,2023,0.2912592237086808,-0.2911992321075049,-0.126591564055541,-0.14421320200174756,Distressed
JSDA,2024,0.21279039415296266,-0.5165753067084312,0.14913912052312675,0.34835475936325244,Distressed
JUSHF,2023,0.43136076008090707,-0.24161517192748055,-0.0521978021978022,-0.2356220214973969,Distressed
JUSHF,2024,0.4593845257741967,-0.18940685370352392,-0.04423908404312568,-0.06621057381991664,Distressed
JVA,2021,0.25063632621314824,0.019638717581357473,-0.14008608098263267,-0.1831250468244006,Healthy
JVA,2022,0.16762241895555563,-0.05699228234535383,0.027916300767295947,0.11204052846213121,At-Risk
JVA,2023,0.1607521607693229,-0.012256627232520178,0.037538307062187505,0.017998534101774547,At-Risk
JVA,2024,0.20419169765120668,0.02823254991853726,0.15238925138606838,0.08767185555695706,Healthy
JWN,2021,0.3681790519981067,0.01203597268239908,0.3802146523565096,0.21552457065124977,At-Risk
JWN,2022,0.35486155827430776,0.015775917578879587,0.050104807627290554,0.053717563125131144,At-Risk
JWN,2023,0.3668413530252501,0.009119989110460764,-0.05389568576947843,-0.060205774975107866,At-Risk
JWN,2024,0.37426744805540757,0.019579115610015983,0.02198325733342408,0.025639214578330273,At-Risk
K,2021,0.3250191538265089,0.1265855111943475,-0.1469135802469136,-0.13698059788491965,At-Risk
K,2022,0.30119339287125585,0.07587133486129771,0.07712607474248745,0.10401389424932458,At-Risk
K,2023,0.32639841487578114,0.07247370827617741,0.03706630838536316,0.015294528928509002,At-Risk
K,2024,0.3564985489057965,0.10534159541924856,-0.028425544886450237,-0.06378583110958079,At-Risk
KAI,2021,0.4289016106455931,0.10684622905010177,0.2386524688675145,0.21505468076416936,At-Risk
KAI,2022,0.4305716897359349,0.13366064688269214,0.1502201304636915,0.12385495156885827,At-Risk
KAI,2023,0.4347062459798344,0.12119911619009431,0.05850637587193655,0.05167928774326643,At-Risk
KAI,2024,0.44252428364205265,0.10594237239221405,0.0999423602235421,0.1141088383097908,At-Risk
KALA,2021,0.6354982206405694,-12.687277580071175,0.7667400188619931,0.17623034709970467,Distressed
KALA,2022,0.34224049331963,-11.516443987667008,-0.6509892588799009,-0.29356194011916503,Distressed
KALU,2021,0.10446224256292906,-0.007055682684973303,1.2358659503709388,1.3599298957660733,At-Risk
KALU,2022,0.07225998424691502,-0.008635024358936958,0.30736079328756677,0.32942464040025016,At-Risk
KALU,2023,0.11622934888241011,0.02196307094266278,-0.09944864202573003,-0.12986592967188051,At-Risk
KALU,2024,0.11818783068783069,0.021726190476190475,-0.02040816326530612,-0.01868558878188883,At-Risk
KAMN,2021,0.33372825965841696,0.06159440220143217,-0.09620133110844543,-0.11828507152979968,At-Risk
KAMN,2022,0.2557906625520923,-0.07060429297590998,-0.02966460881842275,0.0950589196126473,At-Risk
KAMN,2023,0.34818922116790013,0.010242906526227873,0.1277586956237345,0.013340492375760005,At-Risk
KANP,2021,-0.0976225541763097,0.05154639175257732,0.4175365344467641,-0.35024401316536147,At-Risk
KANP,2022,0.25845620121422375,0.30897658282740675,0.9406690511256048,0.5212227074235808,At-Risk
KANP,2023,0.4560334982870194,0.5635498732008526,-0.4303989592367736,-0.47722532627691366,Healthy
KANP,2024,-0.42183495643259866,-0.5592004100461302,-0.6286638751427484,1.7410508083140877,Healthy
KAR,2021,0.4536743416517303,0.045843099407141874,0.09322480970683548,0.07753074354589136,Distressed
KAR,2022,0.4509016717125181,0.15874687376596025,0.047428650213704675,0.04270274355679843,Distressed
KAR,2023,0.4726156464652605,-0.093672117196523,0.08273002500987232,0.014424470861119166,Distressed
KBAL,2022,0.3173348831691138,-0.023598952959780862,0.17024189466580436,0.1410823335009699,At-Risk
KBH,2021,0.21844179754162932,0.09864679568134457,0.36856128862916054,0.3095543734062578,At-Risk
KBH,2022,0.24485629313581436,0.11829265607690632,0.20591448279716956,0.15845689876804955,Healthy
KBH,2023,0.21532270858288632,0.0920622609731432,-0.07143148908655206,-0.030887796537721734,At-Risk
KBH,2024,0.21335997850531724,0.09451801896830718,0.08103058217844146,0.08404393363202275,At-Risk
KDP,2021,0.5501064416936056,0.16920286998344242,0.09166810122224135,0.07915334582736193,Distressed
KDP,2022,0.5209504161627658,0.10208437077612577,0.10833399038082472,0.1517008887526816,Distressed
KDP,2023,0.5454299986499257,0.14722559740785743,0.05385217329444405,0.030690083377683166,Distressed
KDP,2024,0.5555989837795583,0.09387010618200768,0.03624949372215472,0.036316695352839934,Distressed
KE,2022,0.07750966073499391,0.023158347134383323,0.044687790049132724,0.05781075667316965,At-Risk
KE,2023,0.08564358689041361,0.03061868600312927,0.35115354548048033,0.33825654247617165,At-Risk
KE,2024,0.08180588039731468,0.011963184816653155,-0.05973306336577953,-0.05514374603906205,At-Risk
KE,2025,0.07022405592956878,0.011423751636985136,-0.1328560346687975,-0.12646075853040298,At-Risk
KEX,2021,0.2642584992833807,-0.10992050421514604,0.03465585463441233,0.06835511969162156,At-Risk
KEX,2022,0.2599199067493933,0.043914471439847114,0.23950842584102625,0.19831222656406622,At-Risk
KEX,2023,0.2947361271040613,0.0721089777593769,0.1102021938023969,0.06207725947802182,At-Risk
KEX,2024,0.3262591721179861,0.08778869742758146,0.05635714378129407,0.018513469032143823,At-Risk
KEYS,2021,0.6211293260473588,0.1809350333940498,0.17057569296375266,0.1171875,At-Risk
KEYS,2022,0.6365313653136532,0.207380073800738,0.09694393847399312,0.05827505827505827,At-Risk
KEYS,2023,0.6464128843338214,0.1934480234260615,0.008118081180811807,0.004894762604013705,At-Risk
KEYS,2024,0.6292428198433421,0.12331793532837919,-0.08876281112737922,0.00974184120798831,At-Risk
KFRC,2021,0.28916870579686843,0.047582728767622706,0.13037275524075267,0.11828586262490094,Healthy
KFRC,2022,0.2929139887711053,0.04409197055118617,0.0828161137068792,0.08187247629267776,Healthy
KFRC,2023,0.2788081130415027,0.03987253844607105,-0.10463681452449636,-0.09364765669113495,Healthy
KFRC,2024,0.274277951879588,0.03587398634320733,-0.08255100681831833,-0.07548481104223559,Healthy
KFY,2022,0.2979449243508968,0.12345963899517866,0.45249089808159143,0.3305626809841867,At-Risk
KFY,2023,0.25285456290094827,0.07316375658382673,0.08336854608835785,0.1525466542681656,At-Risk
KFY,2024,0.23299046147297178,0.060509281864993984,-0.023859955667852487,0.003630850129924153,At-Risk
KFY,2025,0.26003789813138745,0.0891178326209325,-0.012312265583499224,-0.04023280660679438,At-Risk
KGC,2021,0.26373288198184336,0.09659178335128481,-0.3830160915175393,-0.19626294310094775,Distressed
KGC,2022,0.25047031923822755,-0.18439408410755115,0.32908909062932756,0.253629878304658,Distressed
KHC,2021,0.33338453267798174,0.03886030258812687,-0.005461141875119343,0.014038145028560364,Distressed
KHC,2022,0.30666414951859544,0.08922031338493487,0.017010982259427078,0.0472598816116097,Distressed
KHC,2023,0.33506006006006006,0.10716966966966968,0.00585236926562205,-0.024250159540523293,Distressed
KHC,2024,0.34697825582295133,0.1061672986148727,-0.029804804804804803,-0.04260487713725124,Distressed
KIDS,2021,0.7486358861385634,-0.1658354496221277,0.37945637187315345,0.26704265993376397,Distressed
KIDS,2022,0.7413585849912911,0.010287106771663845,0.24722332711195422,0.24288536356029433,Healthy
KIDS,2023,0.7480098432079176,-0.14101874512546056,0.21623367596431403,0.2111272288119712,At-Risk
KIDS,2024,0.7258348923200164,-0.18474358536001603,0.37648253234004786,0.3424108012699286,At-Risk
KIND,2021,0.8500861095646655,-0.49597548348829584,0.5589776451120989,0.4354815314977368,Healthy
KIND,2022,0.8167884755481399,-0.6482081169365262,0.10701519794793883,0.2437814238875552,At-Risk
KIND,2023,0.8093848627404275,-0.6768616960363522,0.026056917256127653,0.09419305317828719,At-Risk
KIND,2024,0.8307559164658115,-0.39657306006244036,0.1326880705788584,-0.05550022657856132,At-Risk
KIRK,2021,0.18541868214554444,0.03946038912178867,0.02701767814298541,0.011903267645705201,At-Risk
KIRK,2022,0.06927880519220167,-0.08959855660802887,-0.1063366655917446,0.013952762831223065,Distressed
KIRK,2023,0.09566664533060232,-0.05920971217649192,-0.06041196812509397,-0.08946719678223557,Distressed
KLAC,2022,0.6100209913651747,0.360600216047034,0.3314405496728159,0.25448834310628693,At-Risk
KLAC,2023,0.5981055169675161,0.3227190289381078,0.13940396333735458,0.16979283883878624,At-Risk
KLAC,2024,0.5996765063089016,0.2814743656575298,-0.0651491379238068,-0.0499583164137965,At-Risk
KLAC,2025,0.6090980853989936,0.33412215138297763,0.23887647752854163,0.15629598532387673,At-Risk
KLC,2024,0.23676819869059176,-0.03486247833768614,0.06089319419866766,0.15839386747434878,Distressed
KLDI,2021,0.4883938628981175,-0.18891527317092957,0.10682968105130464,0.053743075778953146,Distressed
KLDI,2022,0.47877340658786766,-0.13601023211270447,-0.009501461883380087,0.007169640825399129,Distressed
KLDI,2023,0.5028557051929011,-0.10067409101819265,0.08936402127069734,0.019990373186377076,Distressed
KLIC,2021,0.45924921458241086,0.2419250901385287,1.4353697831752186,0.9572898717297097,Healthy
KLIC,2022,0.4976789348372594,0.2883341535760365,-0.009253695152550236,-0.06606394943255488,Healthy
KLIC,2023,0.48304289210239587,0.07696793631168593,-0.5061977095276732,-0.33974260852042526,Healthy
KLIC,2024,0.3805463360482108,-0.097710100930006,-0.04883426196411808,0.10672776547682457,Healthy
KLXE,2021,0.10593900481540931,-0.21508828250401285,0.0,0.0,Distressed
KMB,2021,0.3080246913580247,0.09331275720164608,0.01567398119122257,0.05648902821316614,At-Risk
KMB,2022,0.30825278810408924,0.09586121437422553,0.03780864197530864,0.040709750163195065,At-Risk
KMB,2023,0.34418285938035337,0.0863393862268122,0.012688971499380421,-0.01009294634201973,At-Risk
KMB,2024,0.35796191045966697,0.12688204207797388,-0.01825657089716607,-0.009850230414746544,At-Risk
KMI,2021,0.6090909090909091,0.1074051776038531,0.41965811965811967,0.471369395711501,Distressed
KMI,2022,0.51796875,0.13270833333333334,0.1559301625526791,0.25643785708371286,Distressed
KMI,2023,0.6779705230207382,0.15592800313029867,-0.20135416666666667,-0.26954000263608807,Distressed
KMI,2024,0.7127814569536424,0.17304635761589404,-0.01526020607799661,-0.024900757849151932,Distressed
KMT,2022,0.3219831887007716,0.07186393143502268,0.09287020328101742,0.05048964689757761,At-Risk
KMT,2023,0.31105955969250076,0.05700120874763736,0.0326605898464364,0.047368860488934406,At-Risk
KMT,2024,0.3063624536432916,0.05340908369196526,-0.015054008692204348,-0.009107379065623405,At-Risk
KMT,2025,0.30407581685389545,0.04734740154918156,-0.03910989257408402,-0.029029929354623486,At-Risk
KMX,2021,0.10305641193599631,0.036090348927154924,0.6833858140112777,0.6865395232509027,At-Risk
KMX,2022,0.09433097456741688,0.016330270302992368,-0.06945173623462919,-0.04974535190092496,At-Risk
KMX,2023,0.10224619046398785,0.018058610101582603,-0.10607534012357069,-0.10987117234195828,At-Risk
KMX,2024,0.10996299531521905,0.018993967386396148,-0.006881961287366163,-0.007666281429000354,At-Risk
KN,2021,0.4141227969127981,0.17279115309296164,0.13581054559727856,0.04558165548098434,Healthy
KN,2022,0.4741019214703425,-0.8982873851294904,-0.4484506393272664,-0.47722532627691366,At-Risk
KN,2023,0.4485551663747811,0.1584938704028021,-0.04594820384294068,0.058595766649457925,At-Risk
KN,2024,0.4276422764227642,-0.42962962962962964,0.21169001751313485,0.2150694952450622,Distressed
KNF,2023,0.19041284646775133,0.06461109050117476,0.1166282470433723,0.08268509173939534,At-Risk
KNF,2024,0.19656019910279562,0.06956800695411011,0.024256717367110076,0.019281336315235525,At-Risk
KNSA,2022,0.8960168952675084,0.5635498732008526,4.509057831645275,0.07801516548826724,At-Risk
KNSA,2023,0.876388945419024,0.052112973110978726,0.22744572622399856,0.4042070843650639,At-Risk
KNSA,2024,0.8560860412202089,-0.10205344970572183,0.566049604268498,0.5868914047824542,At-Risk
KNX,2021,0.5676229101641725,0.12393892050025183,0.28331082875129204,0.22609957383975499,At-Risk
KNX,2022,0.5254203292095315,0.1038320637774477,0.23850591336906402,0.259124610519467,At-Risk
KNX,2023,0.444436852173538,0.030405504744904832,-0.03860979120914328,0.07345914042169564,At-Risk
KNX,2024,0.44551393386142496,0.015873787023564394,0.0375694191044624,0.05091630709487211,At-Risk
KO,2021,0.6027163368257664,0.2527745440434614,0.1708669049494154,0.18028896198526045,At-Risk
KO,2022,0.5814342851827737,0.2218863361547763,0.11250808433579097,0.13221857692172012,At-Risk
KO,2023,0.5952266468505486,0.23416531887922368,0.06394753976374291,0.07315781274341798,At-Risk
KO,2024,0.6106330082233696,0.22589830220352308,0.028565808453905668,0.07624190691867723,At-Risk
KOP,2021,0.19903491004408436,0.05075658286667461,0.005691690132406686,0.030015273258516502,At-Risk
KOP,2022,0.1739964655390053,0.03201211815198182,0.1798522578339092,0.18967184578686094,At-Risk
KOP,2023,0.1970569120787299,0.04140748305635503,0.08770512496844231,0.06259144854495204,At-Risk
KOP,2024,0.20199799244777975,0.0250466038908274,-0.028827406926005012,-0.022694818441452467,At-Risk
KOPN,2021,0.4514010683238078,-0.2941540442337149,0.13802067595802786,0.3241192622490964,Distressed
KOPN,2022,0.3131238266381076,-0.4077095321868502,0.037994756593822065,0.16403197966230568,Distressed
KOPN,2023,0.3822765345609096,-0.4888877671650545,-0.1478235672986269,-0.1679359211721722,Distressed
KOPN,2024,0.2815337237283826,-0.8717145211815827,0.2460995801449303,0.19232219396199324,Distressed
KORE,2023,0.5352192617765085,-0.603889953363942,0.030408237007677492,0.07225481411350995,Distressed
KORE,2024,0.5590117691471476,-0.5105999224012276,0.034261234228697444,0.018621063718410415,Distressed
KOS,2021,0.7405938797710968,-0.05835486891596362,0.48833070370610066,-0.01117014933283865,Distressed
KOS,2022,0.822026502592645,0.0985100716374428,0.7241773557378364,0.17781284724441265,Distressed
KOS,2023,0.770738186402278,0.1254866928978834,-0.26012979530606256,-0.14510856865804744,Distressed
KOS,2024,0.6833814564904194,0.11330586394296362,-0.015264452391517072,0.23598277701226616,Distressed
KPLT,2021,0.1478559712567367,0.41986253221901115,-0.6509892588799009,-0.47722532627691366,Distressed
KPLT,2022,0.1578447424068125,-0.19318653727738344,4.509057831645275,1.8793949013163034,Distressed
KPLT,2023,0.16876365146127045,-0.1654692492373233,0.057714430278237874,-0.01915625078802041,Distressed
KPLT,2024,0.16659789477090867,-0.10483668697460294,0.11555679910464466,0.0939026480418202,Distressed
KPTI,2021,0.9650998495600192,-0.5914049728575582,0.9412406901975298,0.10057691964205977,Distressed
KPTI,2022,0.9650998495600192,-1.0523129225715269,-0.2513833351603048,-0.028608523483397708,Distressed
KPTI,2023,0.9650998495600192,-0.9799086507844117,-0.07029170964004228,-0.07920113874817894,Distressed
KPTI,2024,0.9586400159738909,-0.5261882302719004,-0.00545082275923935,-0.039528545975113676,Distressed
KR,2021,0.22009892086330934,0.012002494778370851,0.040679859318631224,0.036178479470852155,Healthy
KR,2022,0.21434256498806134,0.015135776821486868,0.07520596426084938,0.07232294975857631,Healthy
KR,2023,0.22236885076546764,0.014422916708322502,0.01201284247730308,0.019502955624011324,Healthy
KR,2024,0.22704131916831494,0.0181140950089381,-0.01943494691380241,-0.024968865478450827,Healthy
KRA,2021,0.2988413449068564,0.08640347916303957,0.26035825096759746,0.14620800167069614,At-Risk
KRC,2021,0.8264973194840006,0.5635498732008526,0.06304896387677163,0.03594319934108263,Distressed
KRG,2021,0.8511721721614469,-0.22028050701267532,0.4000787563989574,0.43647378864223857,Distressed
KRG,2022,0.8663123008094803,-0.01593150090524142,1.148257277860518,1.169057681829561,Distressed
KRG,2023,0.8685590168285562,0.05859434924793813,0.02412231482451284,-0.05917951962806411,Distressed
KRG,2024,0.8643536136428496,0.004938631297023567,0.019647114113243935,-0.042575484891475814,Distressed
KRMD,2021,0.5861845643976684,-0.19424389132903438,-0.02838601435578957,0.3278664915885037,Healthy
KRMD,2022,0.5509379701496668,-0.3104792985469585,0.18756190620120966,0.2672764583936086,At-Risk
KRMD,2023,0.5858923377530265,-0.48184385075552816,0.02228377457342776,0.002863077738112998,Distressed
KRMD,2024,0.6340000136121292,-0.1803052225727263,0.17984631000306966,0.0336459973272417,Distressed
KRO,2021,0.23007115602763742,0.05821388058162318,0.18342689773004636,0.15598684210526315,At-Risk
KRO,2022,0.20262149000103616,0.05413946741270335,-0.004743735175827575,0.016162995845427124,At-Risk
KRO,2023,0.09894989498949895,-0.029462946294629463,-0.13661796705004664,-0.03265191823018762,At-Risk
KRO,2024,0.19039796513168353,0.04567855439563351,0.13237323732373238,0.023737841593330245,At-Risk
KRT,2021,0.29602958456419326,0.057044179176595905,0.23256112994809114,0.27360811885550423,Healthy
KRUS,2021,0.4280254580758503,-0.15865066033810543,0.43665869642224586,0.21428339765835305,Distressed
KRUS,2022,0.38686219336730715,-0.005415021723876419,1.1742460433650275,0.8942708333333333,Distressed
KRUS,2023,0.3934556552081055,0.008013701188183259,0.32844516581732097,0.3190428854437653,Distressed
KRUS,2024,0.385676448330951,-0.03701336920877827,0.2690672201206857,0.3245108152455678,Distressed
KRYS,2024,0.9309467669483503,0.30689981584427656,4.509057831645275,0.26689262326135194,Healthy
KSPN,2021,0.2280447837008482,-0.05588220968179636,-0.09240582272885156,-0.06514936066674969,Distressed
KSPN,2022,0.19020806688086844,-0.1485167046198958,-0.10774947290780931,-0.06312487363938146,Distressed
KSS,2021,0.41146503370555243,0.04826840940667936,0.21798809150736445,0.09215625961242695,At-Risk
KSS,2022,0.3669466239363466,-0.0010498397612995912,-0.06869757628775794,0.005576522277924858,At-Risk
KSS,2023,0.39929045548180364,0.018139162279697873,-0.03436843850149188,-0.061225632982298904,At-Risk
KSS,2024,0.40441403119413105,0.006719684359780532,-0.07181277180132753,-0.062473894623784235,At-Risk
KSU,2021,0.5135547789502256,0.178196993858786,0.11953961862797234,0.1253908692933083,At-Risk
KSU,2022,0.4938879658200807,0.29141941609304534,0.14355511824381637,0.16515698805223672,At-Risk
KTB,2021,0.4474004772375153,0.07892957596299713,0.18022212381407726,0.11090752049766844,At-Risk
KTB,2022,0.43108194588218485,0.09329212402011976,0.06281634756591097,0.0373207255839999,At-Risk
KTB,2023,0.41719987788938867,0.08858925426620114,-0.009109827151936352,0.005901232603255086,At-Risk
KTB,2024,0.4454593496340282,0.09426448604797248,4.065240202004087e-05,-0.010013971662479247,At-Risk
KTOS,2023,0.2589914183781699,-0.008581621830103173,0.154514082155182,0.12520980194696207,Distressed
KTOS,2024,0.2527501540086245,0.014344803308985302,0.09565133545463311,0.10043754972155927,At-Risk
KULR,2021,0.5432663535676217,-4.936511653351944,2.8669925396456533,1.8793949013163034,Distressed
KULR,2022,0.5918206774387841,-4.8656470154712546,0.6555543030120172,0.5998968281773392,Distressed
KULR,2023,0.3729190331068672,-2.4102905281558824,1.4608427205095635,0.4470924861323403,Distressed
KULR,2024,0.5106596230531164,-1.6320055886478402,0.09229905171489475,-0.19445599593475763,Healthy
KVHI,2021,0.3421899619896797,-0.07290663201678727,-0.15637580087316438,-0.10324804299567707,At-Risk
KVHI,2022,0.378363963963964,0.17318918918918919,0.03613594103546385,-0.05883157661589775,At-Risk
KVHI,2023,0.2860574562430597,-0.11649884045052462,-0.045917117117117115,-0.0051289150372036685,Healthy
KVHI,2024,0.30940541870190114,-0.09705872017429806,-0.14013551998428753,-0.13330179359093883,Healthy
KVUE,2024,0.5796829505014558,0.06664509867356842,0.0007122507122507123,-0.006263532322919888,Distressed
KWIK,2023,-0.5044542404467389,-13.541590193908316,-0.5250290441388515,-0.07477207388664124,Distressed
KWIK,2024,-0.5044542404467389,-12.43192201866926,-0.4540070568887933,-0.47722532627691366,Distressed
KWR,2021,0.33764148361475804,0.06891431660305322,0.24228438494805235,0.2337675274283144,At-Risk
KWR,2022,0.3152185265887522,-0.008196708659513219,0.10358355127705748,0.13229938172317698,At-Risk
KWR,2023,0.3612549550430474,0.05772141996699966,0.00500518371977557,-0.03558986094507436,At-Risk
KWR,2024,0.3729060285287815,0.0634042983422171,-0.05817142465134876,-0.05359195485290805,At-Risk
LAD,2021,0.18653889110315922,0.04643105857207304,0.7393593113168019,0.7034822427349327,Healthy
LAD,2022,0.1827882984837412,0.04438090237620531,0.23459050355426886,0.23977550278023177,Healthy
LAD,2023,0.16844434851798998,0.03223987913266736,0.10126721489438693,0.11665339313409062,At-Risk
LAD,2024,0.15366887548980054,0.022161920183927358,0.16577057756673957,0.1816816816816817,At-Risk
LADR,2024,0.38226002091321015,0.30186127570582083,-0.11947191640231386,-0.05574368582629287,Distressed
LAKE,2021,0.4300592975520754,0.09605865558427516,-0.25543396226415094,-0.11097694459405459,Healthy
LAKE,2022,0.40629707743296173,0.01659784130585045,-0.04679607386008481,0.048525000244286146,Healthy
LAKE,2023,0.4105607596561016,0.04350859745925831,0.10493947503677578,0.1061553515679605,Healthy
LAKE,2024,0.4107026451609045,-0.108096955343847,0.34103522391890156,0.39800835748466673,At-Risk
LAMR,2021,0.6774607376856117,0.21712531211518848,0.13930214117803036,0.08610734088330371,Distressed
LAMR,2022,0.6716328599407521,0.21585471473422108,0.1369245065880572,0.15889489241356147,Distressed
LAMR,2023,0.6699179104371557,0.23484891190708423,0.03879998425305343,-0.019616153919420898,Distressed
LAMR,2024,0.6702124912158608,0.16395564683659983,0.045531308340600866,0.1666124229455798,Distressed
LANC,2022,0.21219346333490416,0.053439832019995345,0.14268128176831732,0.19216042224239271,Healthy
LANC,2023,0.21320287710415264,0.06106137247898111,0.0871736290481332,0.08043025400435422,Healthy
LANC,2024,0.23096028922526884,0.08474007604611491,0.027013042879474487,0.0008888620512665681,Healthy
LANC,2025,0.2386678274096679,0.08765652483183368,0.019961437343162233,0.015795265462539863,Healthy
LASR,2021,0.28616747980721535,-0.10982579790187529,0.21256435461355813,0.2318187969832306,At-Risk
LASR,2022,0.20995381272257063,-0.2254790174255757,-0.10397340697252597,-0.023621418084118218,At-Risk
LASR,2023,0.21966835142744176,-0.19850324645938233,-0.13276570078245709,-0.1275215843528786,At-Risk
LASR,2024,0.16630235509801156,-0.30618288776517516,-0.05417752392566728,0.015722827998593036,Distressed
LAUR,2024,0.2679354951546046,0.18924170295447204,0.05548384141083132,0.04400061975169666,At-Risk
LAWS,2021,0.25039497203482675,-0.009709969440119932,0.4798160362466616,0.5371781743046934,At-Risk
LAWS,2022,0.3394915157084023,0.006432046634509328,1.2130388821618712,1.1805926476165771,At-Risk
LAWS,2023,0.3514227567208906,-0.005710002916450692,0.3638804886479501,0.37649733786575057,At-Risk
LAWS,2024,0.34021043132768397,-0.004064067259980577,0.1488166724189093,0.14451774931567207,At-Risk
LAZ,2024,0.9650998495600192,0.08914667454801166,0.21083989353538268,0.021729469560096717,At-Risk
LAZY,2022,0.2477020801666364,0.05003387439419847,0.07442058932122476,0.11367887419281086,At-Risk
LAZY,2023,0.21126080238504472,-0.10183911846442428,-0.18404007352137705,-0.13451164925972683,At-Risk
LAZY,2024,0.18455944614381994,-0.20648330239271562,-0.1950455646609965,-0.13018316769733906,At-Risk
LBRT,2021,0.08938708473673516,-0.0725454532208831,1.5583094409015652,1.3491141661238162,At-Risk
LBRT,2022,0.24105496251350852,0.09630755407993968,0.6793177220815111,0.3854251506682817,Healthy
LBRT,2023,0.2945617540956813,0.11717047941754803,0.14429190201165132,0.09314794978456255,Healthy
LBRT,2024,0.2583113353128655,0.07323249352689273,-0.09114860208495158,-0.015344576671534382,At-Risk
LBUY,2022,0.2871977353611836,0.25103275420646887,0.42755797240842963,0.08276160790025448,Distressed
LBUY,2023,0.4415886868312261,-0.11495358531764661,0.3372143755287883,0.018307502103200875,Distressed
LCI,2022,0.09738122432680817,-0.6800771627140839,-0.2886494366909089,-0.17083538539791215,Distressed
LCID,2021,-0.5044542404467389,-24.696043881430608,4.509057831645275,1.5821439880106698,Distressed
LCID,2022,-0.5044542404467389,-2.144854903392247,4.509057831645275,1.0558939416021371,Distressed
LCID,2023,-0.5044542404467389,-4.751482938023186,-0.021227233340074748,0.146194832757266,Distressed
LCID,2024,-0.5044542404467389,-3.359537626635241,0.35708274046610705,0.03760850913804899,Distressed
LCII,2021,0.23320046048279147,0.0643323256639115,0.5995820705923754,0.5833344991823513,At-Risk
LCII,2022,0.24452737326399523,0.07585234359801526,0.16420651790183866,0.14231398033570045,Healthy
LCII,2023,0.20508041623247467,0.016961230265841756,-0.27315074696431424,-0.21330263648405764,At-Risk
LCII,2024,0.2351419648413026,0.0381873982948823,-0.011519738914100795,-0.03780241329771835,At-Risk
LCTX,2021,0.6715042616908546,-9.909928587882977,1.377327491785323,0.8941039153963145,Distressed
LCTX,2022,0.9504862953138815,-1.7869142351900973,2.387007601935038,-0.3049185838063938,Distressed
LCTX,2023,0.9249860257126886,-2.402012297372834,-0.391620757668503,-0.09523681594712946,Distressed
LCTX,2024,0.9648384040425307,-1.9590483208758818,0.06193404136389044,-0.08020072450858128,Distressed
LCUT,2021,0.3515014068446352,0.024105251447404406,0.12189128787041599,0.1007531551842274,At-Risk
LCUT,2022,0.35774301804958897,-0.008473714444343665,-0.15674845061674028,-0.1254772082096127,At-Risk
LCUT,2023,0.37082467455871193,-0.012250194048782335,-0.056315981870703705,-0.061639776189334985,At-Risk
LCUT,2024,0.38172960910869286,-0.022205074441542013,-0.005433365905374096,0.003031109398274317,At-Risk
LDI,2022,0.24628379053365568,-1.3637090168028612,-0.23725416987328463,-0.4710979524862667,Distressed
LDI,2023,0.023397342097956672,-0.8265009792665631,-0.3343639487722523,-0.47722532627691366,Distressed
LDI,2024,-0.005754855445950097,-0.6712700959142575,0.09921733714534417,0.09028161121134327,Distressed
LDOS,2021,0.14476243400944708,0.04758266185051403,0.17069203870862812,0.1705207413945278,At-Risk
LE,2021,0.42249166577051295,0.020388922562543384,0.14653843782750756,0.12301180258903878,At-Risk
LE,2022,0.38173777138011444,-0.008055655385105973,-0.04961127296190206,-0.01678658922765246,At-Risk
LE,2023,0.42480380412194707,-0.08874926316189793,-0.05331069434863308,-0.05708549791468501,At-Risk
LE,2024,0.479366220692843,0.004573218825549274,-0.07441249894737414,-0.0910018062484974,At-Risk
LEA,2021,0.07225732099194834,0.019410167626186855,0.13009885306972516,0.12032137131284883,At-Risk
LEA,2022,0.0674867769188426,0.015685805231792836,0.08453468029548723,0.08874147958058286,At-Risk
LEA,2023,0.07288563892120391,0.024396064243679395,0.12327501615489553,0.11347913743007926,At-Risk
LEA,2024,0.07033811035784776,0.021736891787522528,-0.00685646591582186,-0.005121218441711747,At-Risk
LEAT,2021,0.4338841014449883,0.1734983918014138,0.8774031299993635,0.7026350765590055,Healthy
LEAT,2022,0.4078418441507304,0.1304825135249258,0.05325536672489621,0.130134508079494,Healthy
LEAT,2023,0.4192543256798353,0.017001245121127037,-0.38113770310837786,-0.2719836388823862,Healthy
LEAT,2024,0.40231262683138813,-0.05007420060651484,-0.06801787177786198,0.03229113967184873,Healthy
LECO,2021,0.3304098720541219,0.08551781286137444,0.21796339534533404,0.18679079206189717,Healthy
LECO,2022,0.34051798742479483,0.12555105257322707,0.16295660723892919,0.13552147114907098,Healthy
LECO,2023,0.349611702924586,0.13007999740435477,0.11443787652434283,0.11093539962391863,Healthy
LECO,2024,0.3674315920242874,0.1162749739938683,-0.04365025970766546,-0.048421265266056855,Healthy
LEDS,2022,0.1981279251170047,-0.3891646574953907,0.4891235480464625,0.16869895961516948,Distressed
LEDS,2023,0.16842281317946145,-0.4499080113731393,-0.15203517231598354,-0.10184742031205131,Distressed
LEDS,2024,0.20316419062319122,-0.3928226895620297,-0.1331326308747282,-0.1281040179047213,Distressed
LEG,2021,0.20468793123841816,0.07940701021172575,0.18513153590953693,0.1702667046071863,At-Risk
LEG,2022,0.18979151689432064,0.060232770513144344,0.01460789338800615,0.030968854307124385,At-Risk
LEG,2023,0.18068694051171355,-0.028950542822677925,-0.08187770804593235,-0.05533876500857633,At-Risk
LEG,2024,0.1708869422392554,-0.11663929190619582,-0.07231286902418894,-0.0546085930229919,At-Risk
LEGH,2021,0.4225521120770403,0.2525024429513891,0.11760145764016205,0.06650309416030624,Healthy
LEGH,2022,0.4159329222029843,0.2636927805770091,0.30129565028074956,0.30316112874574097,Healthy
LEGH,2023,0.47293067715602927,0.2879287738442668,-0.26407408127930276,-0.3041391755169081,Healthy
LEGH,2024,0.4663745785624705,0.3346634743282788,-0.026186397665270904,-0.03192112847933075,Healthy
LEN,2021,0.20521397992442209,0.1632878959595404,0.2064054486724846,0.1366652760113193,At-Risk
LEN,2022,0.2148555092347987,0.1370355388804791,0.2410678598646049,0.2223923717710349,Healthy
LESL,2021,0.44318450060577086,0.09429771162327977,0.20741052427153042,0.1739165546759655,At-Risk
LESL,2022,0.43129913194888997,0.10180331856707552,0.1632290007498602,0.16716233092733315,At-Risk
LESL,2023,0.3777698456941764,0.018771934297540878,-0.07100030727472921,0.019392972163407553,At-Risk
LESL,2024,0.35845611038394254,-0.01757659641491263,-0.0834393943256967,-0.05635604841997584,At-Risk
LEU,2021,0.38384177003017095,0.5635498732008526,0.20671521035598706,0.17827868852459017,Distressed
LEU,2022,0.4012933968686181,0.17256637168141592,-0.015085484411666107,0.01565217391304348,Distressed
LEU,2023,0.35009369144284824,0.26358525921299186,0.089857045609258,0.1464041095890411,Distressed
LEU,2024,0.252262443438914,0.16561085972850678,0.38038725796377265,0.47124719940253923,Distressed
LEVI,2021,0.5806311698676243,0.09602873054702545,0.2945020886672955,0.1417489263148427,At-Risk
LEVI,2022,0.5753007165321142,0.09225756249392082,0.07021287669806901,0.08344329125391417,At-Risk
LEVI,2023,0.575255473203129,0.042724362814741276,-0.052929351878870406,-0.022576071545424802,At-Risk
LEVI,2024,0.6062831564986737,0.034913793103448276,0.0325054346895808,0.0166629472587964,At-Risk
LFMDP,2021,0.8062423921252431,-0.6556896421442631,1.4903745946724278,0.5446705424575553,Distressed
LFMDP,2022,0.843169991108387,-0.38254484115062715,0.28164185191566465,0.06510877171674814,Distressed
LFMDP,2023,0.8761007213737122,-0.1350140690404635,0.28154662653007323,0.033555567750351026,Distressed
LFUS,2021,0.371131116077095,0.13644991557400063,0.4387045676992727,0.3628531411308087,At-Risk
LFUS,2022,0.4005386855547383,0.14849693523640786,0.20864616467493105,0.1837721496246147,At-Risk
LFUS,2023,0.38102907023744875,0.10982762203739264,-0.06016157384331976,-0.008886252966660575,At-Risk
LFUS,2024,0.3594821542034574,0.04573282063641609,-0.07275241391365737,-0.031102194435685595,At-Risk
LFVN,2022,0.8153857336693158,0.015119209149059896,-0.06277108379015446,-0.01866552136093915,At-Risk
LFVN,2023,0.7966850673389628,0.011902642011640222,0.03410544679201396,0.052086425032069825,Healthy
LFVN,2024,0.7929697647928698,0.014672968166103795,-0.06201557652836484,-0.06362753957894032,At-Risk
LFVN,2025,0.8036844178007264,0.04290465146807859,0.14171379468835554,0.10467645737162466,Healthy
LGF-B,2021,0.4272951752073912,-0.05221540937213883,0.10172703652758673,0.14684485466141076,Distressed
LGIH,2021,0.26819476687860166,0.14086033174117069,0.2881083005444842,0.24921488863673916,Healthy
LGIH,2022,0.2805869500597755,0.14171116381096616,-0.24447789271933928,-0.23501079541617398,At-Risk
LGIH,2023,0.2298785710045875,0.08446904493381611,0.023487115174737627,0.11020827979029936,At-Risk
LGIH,2024,0.24211771735014742,0.08901805958236592,-0.06613386020402107,-0.06345994142072389,At-Risk
LGIQ,2021,0.2960531700939027,-0.538915120010494,-0.014864894700511283,0.11039189522025668,Distressed
LGL,2021,0.508298755186722,0.5635498732008526,-0.6509892588799009,-0.47722532627691366,Healthy
LGL,2024,0.7563416336979288,0.10053525715615545,0.16829798803697663,0.18502638522427442,Healthy
LGND,2024,0.9337413915863414,-0.02412449964997936,0.2727736570358073,0.1861753352044974,Healthy
LGVN,2022,0.4067103109656301,-15.413256955810148,-0.06431852986217458,0.026809508581174715,Distressed
LGVN,2023,0.31170662905500707,-24.696043881430608,-0.4198036006546645,0.1283675058396055,Distressed
LGVN,2024,0.7876254180602007,-10.293896321070234,2.3737658674189,-0.12991075535927868,Distressed
LH,2021,0.3800519179969702,0.18097456627157224,-0.060263976821547376,-0.08765774586597042,At-Risk
LH,2022,0.3126206390815836,0.10781446236060654,-0.09684761839510966,0.00478958612808665,At-Risk
LH,2023,0.2766823444283647,0.034370477568740954,0.02509292896939455,0.09159686303984493,At-Risk
LH,2024,0.27860925981443474,0.05734535587174934,0.0696701091961584,0.07546725373485899,At-Risk
LHAI,2024,0.1930823012125447,0.10219364761000443,4.509057831645275,1.8793949013163034,Healthy
LHCG,2021,0.39782134075081255,0.0521386073845006,0.0758131527468927,0.0795401566440993,At-Risk
LHCG,2022,0.3870791244500653,0.01746605331853261,0.028450339742532738,0.06411715634290256,At-Risk
LHX,2024,0.25903868698710436,0.0704337631887456,0.09815129512333282,0.09932459276916965,Distressed
LICN,2022,0.597308090519154,0.23126756396982695,-0.014287797054964281,0.006957429229899552,Healthy
LICN,2023,0.611685404562489,0.2097135239819915,0.17612779174678303,0.18754588245454937,Healthy
LIDR,2022,-0.5044542404467389,-24.696043881430608,0.2128367143332225,0.5466773346215392,Distressed
LIDR,2023,-0.5044542404467389,-24.696043881430608,-0.5985741705511379,-0.2264701576301791,Distressed
LIDR,2024,-0.5044542404467389,-24.696043881430608,-0.6509892588799009,-0.47722532627691366,Distressed
LIFX,2022,0.6508749260857186,-0.40134469240708703,1.0268014878865086,1.2270867119837134,Distressed
LIFX,2023,0.7311127749426963,-0.09251013076402709,0.33382098508574054,0.03651817697294216,At-Risk
LIFX,2024,0.7514643968515468,-0.012261631725727085,0.21990818276752114,0.13440617516838516,At-Risk
LII,2021,0.28335042082926015,0.11063160153549033,0.15409592471313394,0.15026896266352613,Healthy
LII,2022,0.272274499830451,0.10535350966429298,0.1250089411315896,0.12507609718302065,Healthy
LII,2023,0.3109656958188643,0.11866958389369518,0.05584520176330959,0.01989768311279453,Healthy
LII,2024,0.3327841536704548,0.1518544174639133,0.07214115096649873,0.038729592205850434,Healthy
LIN,2021,0.43029259896729777,0.12424901763387783,0.13030870315310356,0.0805951383067896,At-Risk
LIN,2022,0.4170363265795468,0.13232825800263756,0.08349300165622058,0.043478260869565216,At-Risk
LIN,2023,0.467583855847081,0.19732757046326171,-0.015285936938017025,-0.08009961344038061,Distressed
LIN,2024,0.48059384941675504,0.2093319194061506,0.004596091800085226,-0.013697523132247768,At-Risk
LINC,2021,0.5856961376052675,0.10353197986497126,0.1441205070028489,0.10581727401713392,At-Risk
LINC,2022,0.5729211828176188,0.036274681512660535,0.038620965240833076,0.07563000643162018,At-Risk
LINC,2023,0.570780543285635,0.06876239849763272,0.08551280983786361,0.1216203565291707,At-Risk
LINC,2024,0.5869714405177429,0.02247627617801047,0.1639749252783876,0.14580113621065668,At-Risk
LIND,2021,0.1537860196999463,-0.8103353341445343,0.7862329399193744,0.5105824753739298,Distressed
LIND,2022,0.328073546856465,-0.2642491103202847,1.8652613403848899,0.8785367026184587,Distressed
LIND,2023,0.4061712636271537,-0.08008174975374993,0.35122894424673784,0.15354166580675518,Distressed
LIND,2024,0.4376208844984001,-0.048360003536380515,0.13200759205187318,0.1149131218869869,Distressed
LINK,2021,0.5426584648301684,-0.09815458678791121,0.0856562137049942,0.11493065801121274,Healthy
LINK,2022,0.5152809288669424,0.22314159882557053,0.0020058839261834715,0.07992589651978298,Healthy
LINK,2023,0.4705164992826399,-0.027474892395982782,0.860403042839984,0.7619164318098273,Distressed
LITE,2022,0.46046946163727664,0.11613920355015765,-0.01732843699793436,-0.003673354054817745,At-Risk
LITE,2023,0.322014714204867,-0.07447651386530843,0.03176456849235081,0.31494611457742483,Distressed
LITE,2024,0.1850353148911124,-0.40207474985285463,-0.23078664402942842,-0.0722527768791114,Distressed
LITE,2025,0.2795744680851064,0.01574468085106383,0.21027074749852856,0.0677670580030222,Distressed
LIVE,2021,0.36435869163055307,0.11428267901429037,0.4238524932192781,0.3846688227533305,At-Risk
LIVE,2022,0.34096398559842184,0.08623171484038715,0.05103651902513362,0.07961937847557454,At-Risk
LIVE,2023,0.3253812952070974,-0.0002871856091854346,0.23790487011742237,0.3266452147018854,At-Risk
LIVE,2024,0.3062854242449877,-0.05643558074612977,0.33130238673765594,0.3788568299962911,At-Risk
LIVN,2021,0.6818793372385584,-0.13117885962921289,0.10824187763114657,0.029241758558315147,Distressed
LIVN,2022,0.6921359750637353,-0.08440553726004472,-0.01309683058631497,-0.06465093340822603,Distressed
LIVN,2023,0.6552150111179018,0.015210503274688028,0.1289287094895797,0.16809178247989756,Distressed
LIVN,2024,0.6809149562363326,0.05044848684058313,0.08659566813605017,-0.006786688797237624,Distressed
LIVX,2021,0.20542817833001478,-0.3752553004212991,0.7939445040625479,0.6371247357293869,Distressed
LIVX,2022,0.32957203521699413,-0.10058126110570118,-0.1487621668276092,-0.35147089209153365,Distressed
LIVX,2023,0.27059270516717326,-0.10103005741303614,0.18902530844987,0.22455420703113332,Distressed
LIVX,2024,0.2549189283685154,-0.16353306236615534,-0.03406788247213779,-0.017789630304163653,Distressed
LJPC,2021,0.8218568409931326,0.2596407818277866,1.2657769532301983,-0.22189814747967715,Distressed
LKQ,2021,0.40660096264038503,0.08335243334097334,0.12554819846934387,0.09655759409873274,At-Risk
LKQ,2022,0.40823823667344067,0.08980772236986087,-0.022538009015203607,-0.02095730918499353,At-Risk
LKQ,2023,0.4034215087798628,0.06767653930213278,0.03712677817727059,0.046511627906976744,At-Risk
LKQ,2024,0.3894957679230268,0.045286840772625334,0.041751450749868114,0.05580808080808081,At-Risk
LL,2021,0.3818668730865089,0.03618537520046097,0.04977853734437944,0.055921722263832074,Healthy
LL,2022,0.3611871656887363,-0.010877130115902075,-0.03615673791853821,0.02068188473143468,At-Risk
LL,2023,0.3566890596918914,-0.11439011612098865,-0.1854118066516068,-0.12194304887468917,At-Risk
LLAP,2022,-0.18312340163629998,-1.740080859959464,1.3037451718574293,1.8778457772337822,Distressed
LLAP,2023,0.06298053930765551,-1.1171908913659272,0.4422678990205546,0.09602711269497323,Distressed
LLNW,2021,0.2701041692563956,-0.30413445043880366,-0.10212509487030672,0.0003896970727116698,Distressed
LLNW,2022,0.31760376611793334,-0.40318903242192805,0.6836039082117197,0.9328241617524564,Distressed
LLY,2021,0.7417650714729646,0.19710506243290582,0.15397843503207034,0.17600450491445213,At-Risk
LLY,2022,0.7677128662223998,0.21879795665244173,0.007874738685801458,-0.020028923681143018,At-Risk
LLY,2023,0.7924627827921698,0.15355761340991678,0.195596571997169,0.1746211934257934,At-Risk
LLY,2024,0.8131119152809537,0.23510867393379659,0.3199800726761224,0.1766460775662843,At-Risk
LMAT,2021,0.6565171216909289,0.17424105061389422,0.19369849883276904,0.1677519594648088,Healthy
LMAT,2022,0.648904120605502,0.12765773178019313,0.046799720250738225,0.11623827320570514,Healthy
LMAT,2023,0.6566382749994831,0.15559426102416737,0.19692423801894204,0.18655430285085223,Healthy
LMAT,2024,0.6863410396474168,0.20029745796245843,0.13633685472700585,0.07243084837510477,At-Risk
LMB,2021,0.17520102946664737,0.01369223270677535,0.0,0.0,At-Risk
LMB,2022,0.18869645035448143,0.013686083634270162,0.013115095105342908,0.012859994835849282,At-Risk
LMB,2023,0.23102546722184564,0.04019366708627869,0.03938951089210157,0.007979489602828677,At-Risk
LMB,2024,0.27811542828283997,0.05951451575905825,0.00470804686743488,-0.020459064393620063,At-Risk
LMNR,2021,0.10561535171990098,-0.020725544640329586,0.008920812596090157,-0.05907191434736296,Distressed
LMNR,2022,0.12975813222827118,-0.0012784052436282875,0.11189746246092502,0.08506772094211354,Distressed
LMNR,2023,0.05965503249009177,0.05225096025035992,-0.025481433330624848,0.07133073663484997,At-Risk
LMNR,2024,0.13940251588747957,0.04029179699534733,0.06449102561964636,-0.01343914181266106,At-Risk
LMT,2024,0.08408991737398477,0.07510944076122912,0.051382989744121,0.07558650310740897,At-Risk
LNDC,2025,0.31271000333677357,-0.3004415405029992,0.0047247409578905514,0.04004459242962296,Distressed
LNG,2021,0.13180786686838125,-0.1476928895612708,0.6952340243641804,1.4624646945146424,Distressed
LNG,2022,0.23321766184037335,0.04271867895177695,1.1071608673726676,0.7427709025052822,Distressed
LNG,2023,0.9335098558399529,0.48450524664116895,-0.38991264807945436,-0.47722532627691366,At-Risk
LNG,2024,0.6165700821499076,0.20709418582436478,-0.2300186329312543,0.9520897043832823,Distressed
LNN,2021,0.2646103381332732,0.07499744559109023,0.19581960513343388,0.22128706984708316,At-Risk
LNN,2022,0.25842336550575223,0.08494271112420093,0.35778812851671643,0.3165504469962359,Healthy
LNN,2023,0.3160066104521098,0.10737385845087556,-0.12541015617397758,-0.15411921313415175,Healthy
LNN,2024,0.3147145158580338,0.10914155440687626,-0.09940897573596169,-0.07244972897359678,Healthy
LNSR,2021,0.517513566847558,-0.5688209176122349,0.3061557122280343,0.20557436948578559,Distressed
LNSR,2022,0.5643701566830703,-0.56321058883421,0.026088975303984446,0.026316275803441074,Distressed
LNSR,2023,0.5005929228725927,-0.3411203870600512,0.19248826291079812,-0.02056360853515801,Distressed
LNSR,2024,0.4832504579952892,-0.5870564923168954,0.26871264585902666,0.11098854632029857,Distressed
LNT,2022,0.5738406658739595,0.16313912009512485,0.1460888525483783,-0.10473208072373,Distressed
LNT,2023,0.5982120685373727,0.1745716414204122,-0.04233055885850178,0.19860085503303537,Distressed
LNT,2024,0.6320020095453404,0.1733232856066315,-0.011422895455674199,-0.015888456549935148,Distressed
LNTH,2021,0.441419258339448,-0.16763325243175106,0.2527857163902065,0.4589183022514028,Distressed
LNTH,2022,0.6221016596778178,0.030016223540496288,1.1990672800135462,0.7930843254284894,Distressed
LNTH,2023,0.5473057143892955,0.251969834059559,0.3864646263719693,0.03662503643479673,At-Risk
LNTH,2024,0.6442952976380623,0.2036899166183153,0.18318087608345693,0.16480053917901838,At-Risk
LOCO,2021,0.5054570904761171,0.06409192649929682,0.0663620340446904,0.05219434851991154,At-Risk
LOCO,2022,0.47113046031675104,0.04426130790132756,0.03432497804618774,0.072301142597984,At-Risk
LOCO,2023,0.28186291244900397,0.05452520355734599,-0.002755559527533253,-0.017147599881756372,At-Risk
LOCO,2024,0.30829076886648854,0.054299293035212935,0.00926890053428469,-0.0017375048874554923,At-Risk
LODE,2021,0.6844200356080332,-24.696043881430608,3.2744918195339614,0.28050316061015923,Distressed
LOGI,2021,0.4128743476903637,0.11758823637805615,0.04356623096373974,0.14711288932612288,Healthy
LOGI,2022,0.37884643094303405,0.08032377592580271,-0.17191491271552922,-0.13945896921215298,Healthy
LOGI,2023,0.413640723541672,0.14240960789044094,-0.05295453574036236,-0.08447996132262389,Healthy
LOGI,2024,0.430876857889306,0.13864826889723156,0.05965684975597114,0.05033519268010785,Healthy
LOPE,2021,0.5747576302416783,0.29037971633926857,0.06215880658124195,0.0842040804081467,Healthy
LOPE,2022,0.5349465492381263,0.20264872611395074,0.016442774860467295,0.0967358644734315,Healthy
LOPE,2023,0.6853790044531215,0.21332627050293526,0.05441970095664903,0.0561541452584275,Healthy
LOPE,2024,0.6868505578885616,0.21900635235943397,0.07503702262152422,0.06191728155830943,Healthy
LOVE,2021,0.5489975694395661,0.09531168776430589,0.55341431324009,0.4963185530540316,At-Risk
LOVE,2022,0.5277366131278803,0.040676987433562815,0.3069611170542651,0.3420697852777492,At-Risk
LOVE,2023,0.5727017629040435,0.03407424332217089,0.0753801950001459,0.09113450871277554,At-Risk
LOVE,2024,0.5845116568815858,0.016978437560605793,-0.028042241151564052,-0.004788201537178318,At-Risk
LOW,2021,0.33304935064935065,0.0877090909090909,0.07425471834994475,0.05262038774233896,At-Risk
LOW,2022,0.33234424422258624,0.06632048547790519,0.008405194805194804,0.032593842461114346,At-Risk
LOW,2023,0.3339314863910532,0.08944510691503525,-0.11005676959375225,-0.13901035673187573,At-Risk
LOW,2024,0.33316203360661617,0.08314410689102947,-0.031293052548710884,-0.021545041432771986,At-Risk
LPG,2021,0.9650998495600192,0.2623245501934626,-0.13204254246546954,-0.052766808061885495,Distressed
LPG,2022,0.9650998495600192,0.44244843443751386,0.4212936947222305,0.012206760138243964,Distressed
LPG,2023,0.9650998495600192,0.5483098852663465,0.43866213046766495,0.20996413610644007,At-Risk
LPG,2024,0.9650998495600192,0.2551935906895912,-0.36984039854255574,0.037526855440304346,At-Risk
LPRO,2021,0.9136537525213884,0.5635498732008526,0.9804485177974507,0.25282223287014854,At-Risk
LPRO,2022,0.8888158847177523,0.370947804492355,-0.16721615543344695,0.25415353547715935,At-Risk
LPRO,2023,0.8103013791929168,0.18789375106419207,-0.3459692417341337,0.0781419631856939,Distressed
LPRO,2024,0.007034632034632035,-5.61979686979687,-0.6509892588799009,0.01150647734344063,Distressed
LPSN,2021,0.6659455223753471,-0.2661150196753147,0.2809557580055643,0.3113598702452356,Distressed
LPSN,2022,0.6412218337218337,-0.438513986013986,0.09619610582082687,0.28101155867901834,Distressed
LPSN,2023,0.7112813228420107,-0.24984887420612314,-0.21914724164724164,-0.3185371632038866,Distressed
LPSN,2024,0.7523153926406677,-0.42970935181807124,-0.22266862031478943,-0.22904040817663632,Distressed
LPTH,2022,0.3322529553566507,-0.09961374228187618,-0.07554073890009783,-0.05262146343802108,Distressed
LPTH,2023,0.33627376419390215,-0.12287840125094018,-0.0738265752059385,-0.04217956605938121,Distressed
LPTH,2024,0.2720542698600576,-0.252389130091629,-0.03667209784043814,0.07825142123895068,Distressed
LPTV,2022,0.3504045646446811,-0.5250130899586758,4.509057831645275,1.8793949013163034,Distressed
LPTV,2023,0.3691652875074969,-0.9561068675056261,1.8538096199372034,1.8793949013163034,Distressed
LPTV,2024,0.3368706559919662,-1.0101568492523598,0.02625441429314422,0.10903472286345367,Distressed
LPX,2024,0.28255695341720505,0.1431485889153349,0.13948082138705928,0.062279151943462896,Healthy
LQDA,2021,0.7648019917528982,-2.690344666614798,4.509057831645275,-0.2202746378255086,Distressed
LQDA,2022,0.8205836209601506,-2.5738939441481015,0.23978837625457092,0.17266881028938907,Distressed
LQDA,2023,0.8348581884720951,-4.488906678865508,0.09745842485095702,0.6611278676537794,Distressed
LQDA,2024,0.5799514146899114,-9.166261789082595,-0.19967978042086001,0.48879742935117526,Distressed
LQDT,2021,0.5818833460826075,0.19783637697985873,0.25051471302321066,0.09886613527192242,At-Risk
LQDT,2022,0.5736225673986788,0.14398857346902338,0.08744190019842271,0.11625998966847975,At-Risk
LQDT,2023,0.5474111339366918,0.06670758311020092,0.12287805748973397,0.12138287736491085,At-Risk
LQDT,2024,0.5096527009396726,0.05501791818737305,0.15536376414320333,0.17879164094632366,At-Risk
LQMT,2021,0.22564734895191121,-4.1664611590628855,-0.17997977755308392,0.07573415765069552,Distressed
LQMT,2022,0.17493472584856398,-6.253263707571802,-0.5277435265104808,-0.29495073891625617,Distressed
LQMT,2023,0.29215686274509806,-4.017647058823529,0.33159268929503916,0.046579330422125184,Distressed
LQMT,2024,0.25232558139534883,-1.758139534883721,0.6862745098039216,0.160778859527121,Distressed
LRCX,2022,0.45694486440763266,0.2673289356342666,0.17782458131497353,0.16769210401249907,Healthy
LRCX,2023,0.4462184273176213,0.25882473298357705,0.011695393503201566,0.03092294552307484,Healthy
LRCX,2024,0.4731706377815375,0.2568046208263241,-0.14477021451510846,-0.1300593063623766,Healthy
LRCX,2025,0.48705023885591736,0.29064525243589967,0.23684089764599187,0.17991956537741713,Healthy
LRN,2022,0.353641444127053,0.06351583538175312,0.09754678674614123,0.07272923584313022,At-Risk
LRN,2023,0.35217415441084426,0.0690486013068765,0.08934311831743807,0.0926911619188543,At-Risk
LRN,2024,0.3743025358456013,0.10008632060974408,0.11032743754891534,0.07094497801549055,At-Risk
LRN,2025,0.39243018695664644,0.1197102086751975,0.17903708158890705,0.10906416140128648,Healthy
LSCC,2021,0.6242153040690668,0.18613812200796775,0.2626849946094286,0.1722003200527547,At-Risk
LSCC,2022,0.6845549976073512,0.270887218409464,0.28143101370586054,0.13949321047526672,At-Risk
LSCC,2023,0.6981851824720479,0.35143402871041873,0.11629787569129378,0.11288774639465278,Healthy
LSCC,2024,0.6682358299257363,0.1200056536991486,-0.30896257769746893,-0.141979746680536,Healthy
LSEA,2021,0.178439642569559,0.05158388904958839,0.3929932698799904,0.3256985345697929,At-Risk
LSEA,2022,0.1983644082853941,0.05084935590539314,0.4135085956861304,0.38839835984611104,At-Risk
LSEA,2023,0.17767224514792795,0.024163041852246422,-0.16350524629627453,-0.1259136647099925,At-Risk
LSEA,2024,0.14693063508127588,0.011114357717064096,0.28132637214687917,0.3019801429984534,At-Risk
LSTR,2021,0.2176498967200035,0.05835870464368401,0.7224069975761408,0.7121947219720738,Healthy
LSTR,2022,0.21952953528794622,0.05794532473473629,0.13751199222707894,0.1381802117301492,Healthy
LSTR,2023,0.23434829601711726,0.04975926246216451,-0.2854946949948108,-0.2765215127708669,Healthy
LSTR,2024,0.22523823167092638,0.04053449950403957,-0.090225150716209,-0.0773076525250769,Healthy
LSXMA,2021,0.5213157894736842,0.03491228070175439,0.2175584748478052,0.1608695652173913,Distressed
LSXMA,2022,0.4463777285669092,0.5635498732008526,-0.6509892588799009,-0.47722532627691366,Distressed
LSXMA,2023,0.3729003359462486,0.21304591265397538,0.1300221448908573,0.09800664451827243,Distressed
LSXMA,2024,0.3189159594853545,-0.5647413085135505,0.02267637178051512,-0.013313161875945537,At-Risk
LTH,2024,0.4687433589152211,0.05961094927689675,0.1824430556263599,0.13665327061645097,Distressed
LTHM,2021,0.21027592768791628,0.0014272121788772598,0.4587092297015961,0.28428428428428426,At-Risk
LTHM,2022,0.4865961633054599,0.33632562715199216,0.934348239771646,0.23824369966224992,At-Risk
LTRX,2022,0.4287223786201843,-0.04135590605838572,0.8139401485792632,0.7950236160452993,Distressed
LTRX,2023,0.4288774211252468,-0.06845086097157536,0.011831398711966373,0.04115260663507109,Distressed
LTRX,2024,0.4013921547836609,-0.028167432809196206,0.2221070364131139,0.17824212320286667,Distressed
LTRX,2025,0.42058036331687315,-0.0925213344939515,-0.233298196810269,-0.19630350795858445,Distressed
LULU,2021,0.5767597728932424,0.15588647986603624,0.42135142742451576,0.37438004127756047,Healthy
LULU,2022,0.5538906392908567,0.10539400812623806,0.29631045020016406,0.3077733769122803,Healthy
LULU,2023,0.583141998806979,0.16115450660642097,0.18602510961691965,0.1609748296505673,Healthy
LULU,2024,0.5922493744407651,0.1713821690448338,0.10071940950245954,0.09043697596673332,Healthy
LUMN,2021,0.5688525422867883,0.10326611469497637,-0.049488219389725766,-0.09971942950666354,Distressed
LUMN,2022,0.5498340771255292,-0.08856848609680741,-0.11220602427998172,-0.07901571224516296,Distressed
LUMN,2023,0.5092395411142405,-0.7074259806278766,-0.16712438494106877,-0.06048642932675361,Distressed
LUMN,2024,0.48863289594140985,-0.004195910894110467,-0.09953974033111218,-0.05222480678322203,Distressed
LUNA,2021,0.5891239015917635,0.01579193948327677,0.4803856889114438,0.5454529861754314,At-Risk
LUNA,2022,0.6072951770368138,0.084742047727335,0.25120839189606115,0.23615195942421452,At-Risk
LUNG,2021,0.7359137475214805,-1.0050603106411105,0.47911893196468397,0.4711442403750096,Distressed
LUNG,2022,0.7428906861466215,-1.0980395810815848,0.10835261070720423,0.17320309235269535,Distressed
LUNG,2023,0.7390171095740808,-0.8859555879140881,0.279769669412247,0.1630557707548598,Distressed
LUNG,2024,0.7399658666412059,-0.6730477747675709,0.22008008736803786,0.08332440088814026,Distressed
LUNR,2024,0.012144736842105264,-1.2430394736842105,1.8660859071539013,1.0067284153865976,Distressed
LUV,2021,0.3411652944901837,0.061874604179860675,0.7451370468611848,0.09367226368159204,At-Risk
LUV,2022,0.2562778197698833,0.02263374485596708,0.5081697276757441,0.6203710285023811,At-Risk
LUV,2023,0.22019087041508567,0.017822237553179257,0.09561602418745276,0.13466684212835023,At-Risk
LUV,2024,0.22253756867881963,0.016919550267438053,0.05335173048177533,0.050063787837785596,At-Risk
LVLU,2021,0.47050116472545755,-0.0037430948419301165,0.5106210990283766,0.39456679206255846,At-Risk
LVLU,2022,0.4354489459845514,0.00847261015530465,0.17045457570715475,0.219725039415546,At-Risk
LVLU,2023,0.4173323009783909,-0.0544351376082213,-0.19214515116501232,-0.12884967499239985,Distressed
LVS,2021,0.39985829003306567,-0.22697213037316957,0.44013605442176873,0.15101070154577884,Distressed
LVS,2022,0.4265206812652068,0.4457420924574209,-0.029286726499763816,-0.00041322314049586776,Distressed
LVS,2023,0.5175472425761666,0.1177207867335133,1.5236009732360096,0.6482017362546507,Distressed
LVS,2024,0.5111524163568774,0.12798725438130643,0.0892788276128037,0.1018309505894156,Distressed
LVVR,2021,0.3664248323996694,-0.12549361741206722,0.5364006601062401,0.12399900319399594,Distressed
LVVR,2022,0.3592243297658154,-0.007594221327399244,0.29998163284048124,0.18164645932173606,Distressed
LVVR,2023,0.31191556655665564,-0.23507975797579758,0.027445162657624245,0.037138927097661624,Distressed
LVVR,2024,0.31596385542168676,-0.17520080321285142,0.027227722772277228,0.003476951752813822,Distressed
LW,2022,0.2029812876625436,0.04901314986947718,0.11659266120025062,0.14342479897374927,At-Risk
LW,2023,0.26765222591858856,0.1885582925279408,0.30537461270096855,0.22273908879463675,At-Risk
LW,2024,0.27316160554146823,0.11217453151091596,0.20876163420924757,0.20897392861139086,At-Risk
LW,2025,0.21679351448545253,0.05536868538124099,-0.002520254808584328,0.05255169094644874,At-Risk
LXP,2021,0.8624581028322922,0.5635498732008526,0.04100191255507674,0.11070875174427065,Distressed
LXP,2022,0.829195785148407,0.3541938395928341,-0.06614011168702053,0.05651557309450221,Distressed
LXP,2023,0.8285066504553558,0.08922975715338778,0.05994801475509347,0.014958909506075119,Distressed
LXP,2024,0.8311852434594847,0.12423770706749465,0.05273081294437935,0.05451533142618921,Distressed
LXRX,2024,0.9650998495600192,-6.447765515910041,4.509057831645275,0.3194144107681811,Distressed
LXU,2021,0.24985482858986874,0.078284694169233,0.5833010736772593,0.24276106040092588,Distressed
LXU,2022,0.38633996923626307,0.25545546189411017,0.6210855405679933,0.3019714993586477,At-Risk
LXU,2023,0.1452900326590973,0.04703145817226958,-0.34157507227925576,-0.08222891769516778,Distressed
LXU,2024,0.09149502297090352,-0.03704632465543645,-0.12010766217119835,-0.0508410397239853,Distressed
LYB,2021,0.19006778853442488,0.12149957767526476,0.6637120311317696,0.5139778228955177,At-Risk
LYB,2022,0.13089928841846543,0.0769459475530713,0.09265154960691313,0.16775840726222405,At-Risk
LYB,2023,0.14701823854091672,0.06341492680585553,-0.33924005470654695,-0.33517369316048673,At-Risk
LYB,2024,0.13906689824519375,0.04072587890040127,0.0017398608111351091,0.014051288865267074,At-Risk
LYFT,2021,0.46940597938549206,-0.33105893639761336,0.35676778389981567,0.040851767634468975,Distressed
LYFT,2022,0.40521228237896917,-0.3869252173615766,0.2764098253199569,0.278692264834674,Distressed
LYFT,2023,0.4222998558675662,-0.07728241668330083,0.07532205897974059,-0.12150734661961152,Distressed
LYFT,2024,0.4231412426097681,0.0039377699612306635,0.3139318860138855,0.21022636325310354,Distressed
LYTS,2022,0.23995429776762173,0.03302865178414484,0.4420237506812162,0.41082733169676966,At-Risk
LYTS,2023,0.2756172796033635,0.05183720036460293,0.09197354543856566,0.059869972136886475,Healthy
LYTS,2024,0.28463625175134893,0.05318351581430804,-0.055014396986592995,-0.05719690792263283,At-Risk
LYTS,2025,0.24766427673241165,0.04252524953041367,0.2208914099796013,0.2392332689854952,At-Risk
LYV,2021,0.30509279252101834,-0.1038381595951916,2.3679997292037624,0.9031784640682189,Distressed
LYV,2022,0.25979120034980585,0.015972420298857627,1.6611462137272597,1.3912174565264592,Distressed
LYV,2023,0.23917641384655508,0.02450432245576791,0.3623866047480603,0.35419285668055234,At-Risk
LYV,2024,0.24938903614132635,0.03870709600798942,0.018890346376845838,0.031715961040688814,At-Risk
LZ,2021,0.6707171176184183,-0.1889545802323155,0.22192097502103536,0.5739733975116574,Distressed
LZ,2022,0.6595126609127083,-0.07860427530609908,0.07807435487236558,0.0033948594728411244,Distressed
LZ,2023,0.6378791845951505,0.021117647682022983,0.06572480680797253,-0.032959922596640816,Distressed
LZ,2024,0.6478960405114675,0.04394168483943679,0.032016248768402075,0.01036787833688726,Distressed
LZB,2022,0.373298495297247,0.06365253726327652,0.35898466421103375,0.3458805840095949,At-Risk
LZB,2023,0.4106237547527425,0.06412781296593689,-0.003130501342704188,-0.005609623939852701,At-Risk
LZB,2024,0.43070755783875836,0.05990443702012724,-0.12871446004206122,-0.11307936317875542,At-Risk
LZB,2025,0.4392257374454001,0.04720067779027853,0.030375759577181933,0.0298265348472839,At-Risk
M,2021,0.41115791960313397,0.056301429190125596,0.40349229154003424,0.21293234661208207,At-Risk
M,2022,0.39695076427364534,0.04503123894848521,0.0019685814402141816,0.030203375162267416,At-Risk
M,2023,0.40400569848319784,0.001885527528701919,-0.062202837046642305,-0.05078125,At-Risk
M,2024,0.4027644962183778,0.02529774841345736,-0.03603452610408112,-0.02340811540333643,At-Risk
MAC,2021,0.5798554936827163,0.016830749660446735,0.0781284588550506,0.010671590548962991,Distressed
MAC,2022,0.5836848378190893,-0.07689800783086814,0.013838196821710641,-0.029637460722552605,Distressed
MAC,2023,0.5945255342349232,-0.31000443404805966,0.02898631693134256,0.013879460754338033,Distressed
MAC,2024,0.5764263714817187,-0.2114127143859099,0.03861241442965926,0.08944959966357353,Distressed
MACQ,2021,0.5297070117618601,0.15845553774982615,0.3664834937817626,0.5094994536321981,At-Risk
MACQ,2022,0.4975734877951855,0.1766476800616563,0.004335863090738669,0.002536712372099814,Healthy
MACQ,2023,0.47810127101030975,4.09814471134425e-05,0.028461844149275658,0.053130100787000235,Healthy
MAN,2021,0.16441971782054005,0.018451680145142924,0.15129159491139382,0.13480892114545884,At-Risk
MAN,2022,0.18017400075652504,0.01885260370697264,-0.043277489336241336,-0.04683450022344704,Healthy
MAN,2023,0.17753575299373497,0.004694810859393587,-0.04604715672676838,-0.03085049854655706,At-Risk
MAN,2024,0.1728921972230157,0.00812707587697926,-0.056073382854423856,-0.05674708121008837,At-Risk
MANH,2021,0.5512240768003279,0.16646299290431754,0.131778120374097,0.12068107666346962,Healthy
MANH,2022,0.5329885644857669,0.1681158777917412,0.15586844131558683,0.16072622848614235,Healthy
MANH,2023,0.5363385286279577,0.19011871113623516,0.21072138123073875,0.17002395895726452,Healthy
MANH,2024,0.5481564768907241,0.20949161127910726,0.12234730409970658,0.08612717084652581,Healthy
MANT,2021,0.14855815840210246,0.05364892738950867,0.014124930908074384,0.0028830653275912104,At-Risk
MAPS,2022,0.9285160835332272,-0.5381546042100672,0.11589678274465948,0.41157666170734647,Distressed
MAPS,2023,0.9333645401690488,-0.052650896575936336,-0.12776816328045618,-0.35176757965502997,At-Risk
MAPS,2024,0.9511202401985758,0.041400652525011655,-0.018506008202433068,-0.06755398331200184,At-Risk
MAR,2021,0.947030381756513,0.07931009598037093,0.31085043988269795,0.18385518590998043,Distressed
MAR,2022,0.9482982717951187,0.11351273287440428,0.4990979288446273,0.4297875857508885,At-Risk
MAR,2023,0.9650998495600192,0.4893650793650794,-0.6509892588799009,-0.47722532627691366,Distressed
MAR,2024,0.952100332426715,0.3588697491689332,0.05047619047619047,0.1675084175084175,Distressed
MARA,2021,0.7336315600987666,-0.18731112130331798,4.509057831645275,1.8793949013163034,Distressed
MARA,2022,-0.28594600562193745,-5.89387956145491,-0.2601735327934256,-0.16018306636155608,Distressed
MARA,2023,-0.039594021284721864,0.5635498732008526,2.290854585445806,1.7362276962292345,At-Risk
MARK,2021,0.22288930581613509,0.5635498732008526,0.5761458846722524,0.3307223304259463,Distressed
MARK,2022,-0.05451740099434253,-4.756214640836619,-0.2704190118824265,0.04906296732317286,Distressed
MARK,2023,-0.07473875511131305,-6.621990004543389,-0.6226641522372707,-0.38473203724485155,Distressed
MAS,2021,0.3418507462686567,0.04895522388059702,0.16513633834168057,0.1751230273205498,At-Risk
MAS,2022,0.31255760368663593,0.09723502304147466,0.036417910447761194,0.062382671480144404,At-Risk
MAS,2023,0.3559683695242877,0.11397012677293837,-0.08214285714285714,-0.10235150197091206,At-Risk
MAS,2024,0.3616504854368932,0.10500766479305058,-0.01744696874607757,-0.021047849788007267,At-Risk
MASI,2021,0.6523563589412524,0.1852808263395739,0.08350091807292122,0.08442143178748311,Healthy
MASI,2022,0.5200903821593477,0.07048826014343255,0.6428340865074241,0.8951629645007266,At-Risk
MASS,2021,0.5504667582808132,-0.5252570724541534,0.5693463225998364,0.9650554893148675,At-Risk
MASS,2022,0.5554298642533937,-0.7163621617006745,0.11007913566791451,0.2794087903539479,At-Risk
MASS,2023,0.5041310796551792,-0.7246610523800991,0.0720780329548365,0.1294598341318676,At-Risk
MASS,2024,0.5131319901143552,-1.5122942235998826,-0.04943359413884409,-0.16347975882859603,Distressed
MAT,2021,0.4812727463615441,0.16545068738146423,0.18945640047484621,0.12209753098051426,At-Risk
MAT,2022,0.45657680009906737,0.07248126709045065,-0.00422409198237879,0.006554954877977336,At-Risk
MAT,2023,0.47484139123972036,0.03939411370871123,0.001201909143985661,0.025295996866681852,At-Risk
MAT,2024,0.5082339662120187,0.10071797880341575,-0.011334408705108176,-0.039818344276943,At-Risk
MATW,2021,0.3242503126814001,0.0017414409077036318,0.11527952234056328,0.10658648140638045,At-Risk
MATW,2022,0.29634425270497156,-0.0566124773959191,0.05468064606859242,0.05825060343917358,At-Risk
MATW,2023,0.30712596549729493,0.02088951223246793,0.0672337711635761,0.03996377950746163,At-Risk
MATW,2024,0.29498027829242257,-0.03322312788565363,-0.04527576218993501,-0.0008065690193827572,At-Risk
MAX,2021,0.15733471362552962,-0.0081748218586213,0.10338329793746388,0.1377125277960087,Distressed
MAX,2022,0.15261004809703052,-0.1256142827268925,-0.2885626880983892,-0.2311572400388727,Distressed
MAX,2023,0.17187214188365807,-0.1041352676420653,-0.15449210581346717,-0.13426512047437417,Distressed
MAX,2024,0.16603716416253422,0.01923085818962327,1.2277630497566656,0.9201841741945883,At-Risk
MAXR,2021,0.4440677966101695,0.02598870056497175,0.027278003482298318,-0.017931858936043037,Distressed
MAXR,2022,0.42429906542056073,-0.09345794392523364,-0.09322033898305085,-0.02982349360925137,Distressed
MBC,2023,0.33064338639865015,0.06675959210622845,-0.16769958784918332,-0.1969207184990169,At-Risk
MBC,2024,0.3247667012294475,0.0466227225596208,-0.00946372239747634,0.015312474064237696,At-Risk
MBII,2021,0.614895057549086,-0.37359512525389305,0.15468807004742793,0.07459194874840289,Distressed
MBUU,2022,0.255211844491253,0.12975140693255366,0.3112329535949229,0.2887890413780673,Healthy
MBUU,2023,0.2530278421020409,0.0752777547690989,0.14280293395956958,0.24227164568544754,Healthy
MBUU,2024,0.1774291797089387,-0.06744226721429132,-0.4028695623989369,-0.36646024665864146,Healthy
MBUU,2025,0.1784273881477684,0.018424614363497,-0.025902404602941975,-0.0026121458435403332,At-Risk
MC,2021,0.40678795620698543,0.2370572454694923,0.6332558021194221,0.5418312875331887,At-Risk
MC,2022,0.372580044392706,0.15258850884555622,-0.3604504965886911,-0.2637107133763571,Distressed
MC,2023,0.16378979535488822,-0.02889740601908399,-0.13249710493384229,0.16368108559965783,Distressed
MC,2024,0.30504836569572513,0.11386762323729956,0.3975405616626187,0.14132499162104792,Distressed
MCD,2021,0.6508188038530933,0.32490343583273407,0.20903487125022127,-0.1173614500412326,At-Risk
MCD,2022,0.6676731947200414,0.2664567336726771,-0.0017611926159092964,0.3167001935342403,At-Risk
MCD,2023,0.6705236320847225,0.3322220043145715,0.09977568803381934,0.0026066179132575485,At-Risk
MCD,2024,0.6724537037037037,0.3172839506172839,0.016669935281427732,0.02607062901711562,At-Risk
MCFT,2022,0.26213784407637675,0.09073127091421723,0.376955631575107,0.35370069632525125,Healthy
MCFT,2023,0.27666530579452797,0.11302944894516014,-0.04941638910925501,-0.06835598515393447,Healthy
MCFT,2024,0.22214914797844584,0.024197226005193098,-0.47147169303971287,-0.39633429824309996,At-Risk
MCFT,2025,0.20008585412539628,0.02478158217893548,-0.11834304841616747,-0.07428232301822807,At-Risk
MCHP,2021,0.6523479306249909,0.18846486534035098,0.2542107972933216,0.11336908034064795,At-Risk
MCHP,2022,0.6752106367094458,0.26517117565501797,0.2371827764664487,0.07788660002428265,At-Risk
MCHP,2023,0.6543670753431835,0.2497773236927591,-0.09531088911799211,-0.047121106876677865,At-Risk
MCHP,2024,0.5606824790985097,-0.00011359505634314795,-0.42345174473436026,-0.20678921134030773,Distressed
MCHX,2021,0.5943226868127758,-0.08209290148851821,0.044086063493303136,-0.15053735392320533,Distressed
MCHX,2022,0.6077822503354419,-0.1580410197431474,-0.024422170693395168,-0.07500383847689238,Distressed
MCHX,2023,0.5876177118813865,-0.1985574033259868,-0.04331991566034119,-0.011685617063656735,Distressed
MCHX,2024,0.6431569760192843,-0.10280121358214538,-0.03582448407132839,-0.11709578273794528,Distressed
MCK,2021,0.049741254555510934,0.0042202404855170746,0.10803935725439495,0.1125616675676481,Healthy
MCK,2022,0.0446603134678419,0.01286540831408943,0.048282733382329544,0.041151916992191236,Healthy
MCK,2023,0.041521147366410854,0.009716751200028484,0.11651145057478741,0.11998353721948046,Healthy
MCK,2024,0.0371061492657032,0.00917696928848548,0.1621616372822875,0.16226458429030777,Healthy
MCMJ,2022,0.8762747292190106,0.10704558410573654,0.10054373083000279,0.40452097426436334,Distressed
MCMJ,2023,0.8863722427340718,-0.22479409258733316,-0.10791123873065472,-0.3458364292537947,Distressed
MCMJ,2024,0.8938571676000231,-0.16589688817042897,-0.18010981728675565,-0.23375859481167474,Distressed
MCO,2021,0.7367320681891283,0.3560630427790286,0.15769875256004467,0.1538987688098495,At-Risk
MCO,2022,0.7050109729334308,0.2512801755669349,-0.12061756191701511,0.02874925903971547,At-Risk
MCO,2023,0.714841108857336,0.2716362407031778,0.08193123628383321,0.06367041198501873,At-Risk
MCO,2024,0.7255925507900677,0.2903498871331828,0.19810682893847195,0.11348862405200433,At-Risk
MCRI,2021,0.569909225878086,0.17322201342010285,1.1439757500826948,0.8061746934528384,At-Risk
MCRI,2022,0.5625923368280076,0.18306024651055727,0.2086439018961649,0.19943698854337152,Healthy
MCRI,2023,0.5596337227156525,0.16441000402809297,0.04940255718082324,0.06794786424618206,Healthy
MCRI,2024,0.56086720057604,0.1393545594864665,0.04129393512776233,0.09801802078062792,Healthy
MCW,2021,0.6503348686700328,-0.029069422448793906,0.31901708175273635,0.6734152099818832,Distressed
MCW,2022,0.6937077441569139,0.1288068763933162,0.15579601691551603,-0.12253468268759819,Distressed
MCW,2023,0.6986473513326933,0.0864336026405773,0.057688139042972895,0.08563276384007794,Distressed
MCW,2024,0.7077539867722501,0.07061133356187176,0.07297938666983075,0.07286324786324787,Distressed
MD,2024,0.2842101445711427,-0.049216585466181205,0.009164059679942245,-0.0041104362615609425,At-Risk
MDB,2021,0.703024324144924,-0.3511928604617628,0.48003319895660423,0.4545070302769594,Distressed
MDB,2022,0.7279648609077599,-0.2689931777826236,0.4695198573557249,0.4019693142563358,Distressed
MDB,2023,0.7477823971441661,-0.10493098381412837,0.3107153982741971,0.1754147771349026,Distressed
MDB,2024,0.7332114592839168,-0.06432876488392643,0.19217462036790015,0.1595226903137249,At-Risk
MDC,2021,0.2309403549976717,0.11242762308974345,0.3550975877859838,0.30172350706826656,At-Risk
MDC,2022,0.24558184145969472,0.10062879233777709,0.0948186520373718,0.0757463977639578,Healthy
MDC,2023,0.18490138698881667,0.0887121108883135,-0.19081948149962122,-0.13371308481510447,At-Risk
MDC,2024,0.17747569420925627,0.06115565128318455,0.1692521905645117,0.2069081083746696,At-Risk
MDLZ,2021,0.3918523676880223,0.14972144846796656,0.0804710131296791,0.06402996388281981,At-Risk
MDLZ,2022,0.35915671831343665,0.08626492252984506,0.09665738161559889,0.16079285923815112,Distressed
MDLZ,2023,0.38216348289649044,0.1376888049755664,0.14351028702057403,0.09765342960288809,At-Risk
MDLZ,2024,0.3912351472242803,0.12653330040339178,0.011800310972900933,-0.020687386942937015,At-Risk
MDT,2022,0.679827052957142,0.15906078394243514,0.05209682239266859,0.02204424708587741,At-Risk
MDT,2023,0.6567393601690844,0.12034457360617415,-0.014485892823328916,-0.014780044999612073,At-Risk
MDT,2024,0.653442096156223,0.11361389197874182,0.036410798347583824,0.05697523329527109,At-Risk
MDT,2025,0.6531591973044697,0.13907028058562185,0.03624397478680015,0.005699597675458203,At-Risk
MDVL,2021,0.014325093768358263,-1.9799810203804962,0.5842640320733105,0.8872883061617642,Distressed
MDVL,2022,0.05996427660117377,-1.1045489340972883,0.9480771837859822,0.36401170053932175,Distressed
MDXG,2021,0.8362607894421512,-0.04249666348509828,-0.025036860381736588,0.05184009607960882,At-Risk
MDXG,2022,0.8196093951262129,-0.11274226126694568,0.10669410252914027,0.10261962434652117,At-Risk
MDXG,2023,0.8300531608793164,0.1811264880535777,0.20025313525561808,0.03252327185446261,At-Risk
MDXG,2024,0.8278113615322218,0.12158656726257527,0.08523782416782538,0.06834536239411143,Healthy
MDXH,2021,0.4750213588740501,-1.3041054004226809,0.20471289274106175,0.0767171972007108,Distressed
MDXH,2022,0.5186754466454364,-1.1886436012306363,0.6661720401097172,0.5271801140994296,Distressed
MDXH,2023,0.6258316356331828,-0.6140213411593749,0.894343390727047,0.30106465298716545,Distressed
MDXH,2024,0.6123443902764051,-0.4227587202523071,0.282877209978203,0.17689704675963905,Distressed
ME,2021,0.48896073087574893,-0.7999102588150485,0.11468104296490653,0.22588297802925084,Distressed
ME,2022,0.4417023663640401,-1.0406258660585197,0.10149580901310443,-0.006626796896088936,Distressed
ME,2023,0.445728881158998,-3.035467450987534,-0.26662414980182914,-0.1485054347826087,Distressed
ME,2024,0.5266251000547668,-1.479151746218983,-0.1354137262222384,-0.17048388945448661,Distressed
MEC,2021,0.11295528399871599,-0.016382088974684825,0.27186344748130625,0.22510601366642496,At-Risk
MEC,2022,0.11321821606549597,0.034718720336972,0.18593044373012976,0.1611824259190344,At-Risk
MEC,2023,0.11845689765050771,0.01333050091345541,0.09090420325106786,0.09705307704782572,At-Risk
MEC,2024,0.12224296944312625,0.04464893638970846,-0.011591961592386455,-0.010001161493328452,At-Risk
MED,2021,0.7388812040204785,0.10748469779245876,0.6324544682416922,0.6359108411193943,Healthy
MED,2022,0.7133932240986828,0.08980987465727332,0.04750056844727725,0.07934138822426454,Healthy
MED,2023,0.7237042163920847,0.09273320187229375,-0.32936980827323303,-0.33111373765623997,Healthy
MED,2024,0.7380088071798601,0.00347075256073817,-0.4380292410643494,-0.3659559753482253,Healthy
MEDP,2021,0.28725630855663237,0.15918387712637772,0.23376839376839376,0.24361989924665595,At-Risk
MEDP,2022,0.2961912224417053,0.168060734412971,0.2780334337963737,0.25169163411961915,At-Risk
MEDP,2023,0.27812775407483764,0.149964843290159,0.2916761415784701,0.3112827489060771,At-Risk
MEDP,2024,0.311184540557046,0.1917380967960043,0.11836198366565173,0.07305730021039149,At-Risk
MEDS,2021,0.47990263951431794,-0.5375316259284025,-0.4224312192364208,-0.31857458699208163,Distressed
MEDS,2022,0.4761608855140932,-0.3032860437804331,0.1576260236557546,0.03829851223421677,Distressed
MEG,2021,0.3246353948387026,-0.046347725987485655,0.6646600232145088,0.5710231975218142,Distressed
MEG,2022,0.35365235408217244,-0.058446114735790276,-0.003654744671155335,0.08308623206947936,Distressed
MEI,2022,0.22765555173599175,0.08783086971467859,0.06948529411764706,0.09561504009998958,At-Risk
MEI,2023,0.2238894540522211,0.06536113936927772,0.013750429700928154,0.03545964445289476,At-Risk
MEI,2024,0.1604306864064603,-0.11063257065948856,-0.055188199389623604,0.02882849798016893,At-Risk
MEI,2025,0.1559011544699933,-0.05972712527430589,-0.05957828622700763,-0.043369623416027125,At-Risk
MELI,2021,0.42509548733908614,0.011741406139482246,0.7788122798188224,0.7233489339573583,Distressed
MELI,2022,0.48218923933209645,0.04471243042671614,0.5249681708869712,0.3032589016294508,At-Risk
MELI,2023,0.5024160984973853,0.06533395114847422,0.40139146567718,0.49340125028941884,At-Risk
MELI,2024,0.46094238821774075,0.09197670501034798,0.37532269808697954,0.4066666666666667,At-Risk
MERC,2021,0.23597106343806062,0.09482186379630168,0.26709599898815295,0.0715464270923216,At-Risk
MERC,2022,0.21841944779711145,0.10830592866001998,0.2648998616390915,0.296495710770853,At-Risk
MERC,2023,-0.015979685471882454,-0.12140167435366057,-0.12586625584134942,0.1378371666589889,Distressed
MERC,2024,0.09267187377652494,-0.04166715605669094,0.024834440407574515,-0.08304450123878256,At-Risk
MESA,2021,0.5999094503277461,0.032939429020772806,-0.07609848276368172,0.012080468421119771,Distressed
MESA,2022,0.5969367289327139,-0.34402571746569216,0.05442909027365461,-0.011639171285242524,Distressed
MESA,2023,0.5523716783953901,-0.24116530974872757,-0.062026248538138345,-0.024907907058090515,Distressed
MESA,2024,0.5964203027230803,-0.19104382998641922,-0.04348026863963539,-0.1259122246510846,Distressed
META,2021,0.8079437627725157,0.3338449405998525,0.3718257430349561,0.3355349570308102,Healthy
META,2022,0.7834729737841848,0.19895548371051977,-0.011193175554782962,0.2316651680341688,At-Risk
META,2023,0.8075714222176098,0.28982520644616094,0.15687468377226457,0.005543831631780072,At-Risk
META,2024,0.8166515705071702,0.3790858414234564,0.21941112807816043,0.07906887046091365,At-Risk
METC,2021,0.31045823129635775,0.14029584253724497,0.6777314033685582,0.29774111973025746,At-Risk
METC,2022,0.41140699466843916,0.20513427896649744,0.9961184781611466,0.7027453688858193,At-Risk
METC,2023,0.28799435924351574,0.11868803386760948,0.22598322750350017,0.4410820259496941,At-Risk
METC,2024,0.19961428496386735,0.01679736453072588,-0.03926179915907741,0.08597765700078408,At-Risk
MFON,2021,0.4737087400873211,-1.0103854684665863,-0.38330162289403946,0.11524490402145082,Distressed
MFON,2022,0.29273357586337617,-1.3354445870883547,-0.07840747342714588,-0.06853911815251999,Distressed
MG,2021,0.32507446860356415,0.005700521760191159,0.14270019963852432,0.11602443121191132,At-Risk
MG,2022,0.3212317038929373,0.009454837475431825,0.015125581312921724,0.019013824631815866,At-Risk
MG,2023,0.29525722458549086,-0.024739430141196048,0.02633213699112418,0.01793776327898781,At-Risk
MG,2024,0.2957294008003947,0.025982676388355903,0.03425644921917635,0.007148926411482973,At-Risk
MGEE,2021,0.6806410983474671,0.1743550769555412,0.12615454307478377,0.14150467996155247,Distressed
MGEE,2022,0.6351111726909991,0.1552820848710811,0.1779390818089498,0.17880193750127737,Distressed
MGEE,2023,0.7023627270502049,0.1704717777735936,-0.03371218959887701,-0.05674646656587653,Distressed
MGEE,2024,0.7495524001985393,0.1781077903046633,-0.019534175029800226,-0.024564099359245358,Distressed
MGM,2021,0.4366418254281446,0.12958180356895665,0.8752394867032333,0.23287928616498435,Distressed
MGM,2022,0.49320201089546095,0.1122144112143339,0.3561255312423167,0.5257230599276594,Distressed
MGM,2023,0.47083455593885,0.07066087635744785,0.23132869700479566,0.029335894217779147,Distressed
MGM,2024,0.45514825662413805,0.04330245940601066,0.06658496785096542,0.10195087514658023,Distressed
MGNI,2021,0.569478216872717,0.00013876643047908577,1.1135100258090134,0.9794278192869034,Distressed
MGNI,2022,0.46771529921031973,-0.22583607852787102,0.2319662349251622,0.33459220114764937,Distressed
MGNI,2023,0.33855190330961255,-0.2568685352826322,0.07389237682148929,0.12437113945939608,Distressed
MGNI,2024,0.6126165496804705,0.034102099765029856,0.07819786674412225,-0.19572527481120985,Distressed
MGNX,2022,0.9514021890075753,-0.7881875201558499,0.9618706986713494,-0.024560915208997936,Distressed
MGNX,2023,0.8600486816796882,-0.15418134776762157,-0.6133433372164195,-0.16961577998163588,Distressed
MGNX,2024,0.9179858897587388,-0.44655312679212067,1.5525881291596453,0.14778869832990443,Distressed
MGPI,2021,0.3174703216747511,0.14569026040336994,0.5845429193393018,0.5139533520862635,At-Risk
MGPI,2022,0.32377249289967,0.13991292988631804,0.248337375542507,0.22588555436419305,At-Risk
MGPI,2023,0.36426015781992843,0.12847823670120248,0.06923301097451551,0.04424741037554883,At-Risk
MGPI,2024,0.4069170367738497,0.04926345709717534,-0.15886951105946878,-0.1847724362317986,At-Risk
MGRC,2021,0.462637792256136,0.16780117884513582,-0.0663046629662879,-0.0497312419378371,Distressed
MGRC,2022,0.45654236114934754,0.1328844595816979,0.18906790424829448,0.1901995237944371,At-Risk
MGY,2021,0.9577734893369598,0.3869630574831386,0.9921393378569858,-0.47722532627691366,At-Risk
MGY,2022,0.9617856196514237,0.5274952448903595,0.5713742556922561,0.3114385720475418,Healthy
MGY,2023,0.9638730573220895,0.3164691490237404,-0.27590199546412997,0.08949214688515245,At-Risk
MGY,2024,0.9650998495600192,0.2781601141740242,0.07246008285390378,0.18499375668926152,At-Risk
MHH,2021,0.26775129272291587,0.05504657405905987,0.1437962710135445,0.14712946463159526,Healthy
MHH,2022,0.2608302578455899,0.03596462982686449,0.09110318361169667,0.10977692441288281,Healthy
MHH,2023,0.2537867109568469,-0.035495131726819756,-0.16983297418241564,-0.12200539908450306,Healthy
MHH,2024,0.2794619564397843,0.01710037548443524,-0.01071616823638226,-0.03377184079060072,Healthy
MHK,2021,0.2918352772299159,0.09224129072221315,0.17256930526035005,0.10648118395795515,At-Risk
MHK,2022,0.25077744928474666,0.002147038024725017,0.04789800343963317,0.09441876937666854,At-Risk
MHK,2023,0.24297042684843423,-0.040322942766566984,-0.05129035281287541,-0.022950607107464042,At-Risk
MHK,2024,0.24790299808985963,0.04749513237180374,-0.02678018158795161,-0.039253789350952195,At-Risk
MHUA,2021,0.3826039711946755,0.20136524535190173,0.16816225192146372,0.18571555933471784,Healthy
MHUA,2022,0.3686485329945063,0.060408224805946445,-0.006645369260818986,0.18987193294613625,Healthy
MHUA,2023,0.34190204905997146,0.11972756853153302,-0.06045135163517787,-0.13025170334764472,Healthy
MHUA,2024,0.34361701594150973,0.11189380928679935,-0.001949280277745637,0.012399802232109512,Healthy
MIDD,2021,0.3675596593076395,0.15026861146452927,0.29345785170398414,0.25925775250958577,At-Risk
MIDD,2022,0.3586924690783423,0.10825313989872679,0.24057552744069752,0.24216126242149147,At-Risk
MIND,2021,0.2606136668542,-0.6528324750075735,0.0891821824181004,0.14052465770023023,Distressed
MIND,2022,0.3978090516552055,-0.3531105069566608,0.08244254987666075,-0.1856258797907094,Distressed
MIR,2021,0.34977287475665153,-0.14406229720960415,-0.6509892588799009,-0.47722532627691366,Distressed
MIR,2022,0.4320144887155196,-0.38576205071050435,3.6580142764438675,1.8793949013163034,Distressed
MIR,2023,0.4449993757023349,-0.12098888750156074,0.11577040958484257,0.019992502811445708,Distressed
MIR,2024,0.46433550185873607,-0.041937732342007435,0.07479086028218254,0.02560333210829352,Distressed
MIRM,2022,0.8394279930445615,-1.760465599127975,3.0266485526178286,0.08169783589802182,Distressed
MIRM,2023,0.7476096451221736,-0.8768122162962645,1.4184941994757467,0.41888401302080835,Distressed
MIRM,2024,0.7576553632067631,-0.2610422454940514,0.807591187612006,0.43639181397363364,Distressed
MITK,2021,0.8786280123876224,0.0665959915523761,0.1824795183101372,0.1347739616892104,Distressed
MITK,2022,0.8618270213530013,0.025510345018093423,0.2087447932752907,0.18513052301448205,Distressed
MITK,2023,0.8669908201585609,0.046519310121007004,0.19162454075854257,0.17465753424657535,At-Risk
MITK,2024,0.8582370135341667,0.01904894731030956,-0.0027180212341786822,0.12494478310804841,Distressed
MIXT,2021,0.6380937094365431,0.06243806439906765,0.129241729317383,0.1853702068153382,At-Risk
MIXT,2022,0.6266923230776659,0.031187712510259116,0.011856742082711069,0.03556987077496216,At-Risk
MKC,2021,0.39484638883173206,0.11954921730321784,0.1279345866138218,0.14073104200763775,Distressed
MKC,2022,0.3581607747421463,0.10641681757341942,0.005159942385919372,0.03935034625243907,Distressed
MKC,2023,0.3756266698688121,0.10133289303833569,0.049082749389811824,0.037713276030258966,Distressed
MKC,2024,0.385353302497137,0.11615628299894404,0.0092311848938789,0.0028201489890031925,At-Risk
MKSI,2021,0.46779661016949153,0.18677966101694915,0.26609442060085836,0.18689581095596133,At-Risk
MKSI,2022,0.43614321962221597,0.09388215393290104,0.2023728813559322,0.3009049773755656,Distressed
MKSI,2023,0.4533406957482054,-0.5082827167310878,0.021144629264166902,0.1262608695652174,Distressed
MKSI,2024,0.4762967094255438,0.05298382598996096,-0.009939260077305357,-0.05250154416306362,Distressed
ML,2024,0.545234060871397,0.016753830794735348,0.2892419307986425,0.1682578332294685,At-Risk
MLAB,2021,0.5918029674234411,0.010149998643773564,0.37628138602477285,0.4775002261903783,Distressed
MLAB,2022,0.6102473982106993,0.004245024648530217,0.18848835001491848,0.20111560793395422,Distressed
MLAB,2023,0.6163645362579618,-1.1760466633053792,-0.013205221836771955,-0.009413236929922136,Distressed
MLAB,2024,0.6260737494709061,-0.00819161915195578,0.1146738703067252,0.05105998718002704,Distressed
MLI,2021,0.22029185442033034,0.12429745751582835,0.5718421229310734,0.46239300212348655,Healthy
MLI,2022,0.28062915965152146,0.16530406495490846,0.0565376743174212,-0.01966727628733139,Healthy
MLKN,2022,0.3428028383172833,-0.006867714140902179,0.6007464200235284,0.7517377460872685,At-Risk
MLKN,2023,0.3498813339531697,0.01030070220939052,0.03575772934617334,-0.004352055706313041,At-Risk
MLKN,2024,0.3912192702017418,0.022682173960974533,-0.1122311663526706,-0.12228735986835339,At-Risk
MLKN,2025,0.3876399901904684,-0.010054769884738003,0.011437548230625068,0.01786969767986876,At-Risk
MLM,2021,0.2490579977835242,0.12975618766161803,0.14463307892344446,0.17702513966480446,Distressed
MLM,2022,0.2309689985391982,0.1407239084564194,0.1379756187661618,0.1284028934577733,At-Risk
MLM,2023,0.2985096650435296,0.17249520436771432,0.09998376886869015,0.04529828109201214,At-Risk
MLM,2024,0.28733170134638925,0.30523255813953487,-0.03556145787221485,0.07119365447862255,At-Risk
MLNK,2021,0.6651847756242621,-0.037343654268593374,0.34281127721480886,0.6251701451905626,Distressed
MLNK,2022,0.6308540996924102,0.004492338029342536,0.07609946353053691,0.11337462920956203,Distressed
MLNK,2023,0.642671523663036,-0.1401074379893089,0.05405733806405921,0.11453590878815187,Distressed
MLNK,2024,0.6568805367090529,-0.09412642508014595,0.0417664360032541,0.0814130484456678,Distressed
MLP,2021,0.8308285783171261,-0.2748533311902274,0.6502652519893899,0.07074910820451843,Distressed
MLP,2022,0.262774580054035,0.20991424879595913,-0.31584023145543677,0.0603368498982047,At-Risk
MLR,2023,0.13166295864062552,0.05054042384211612,0.3593562895424159,0.31228995291037337,Healthy
MLR,2024,0.13582902584493042,0.05049224652087475,0.09029838193650865,0.0915979813640031,Healthy
MLSS,2023,0.691188064770453,-0.7050769253938257,0.11600600778613808,-0.03966687269637884,Distressed
MMI,2021,0.3519106167659128,0.1098932461201444,0.8083821309906738,0.6690748569257582,Healthy
MMI,2022,0.3463259865868742,0.08006775702729486,0.004064977939588411,0.05168984467303294,Healthy
MMI,2023,0.3704474344624083,-0.052691712840615114,-0.5037857894615544,-0.39423726862886055,At-Risk
MMI,2024,0.3801238398988593,-0.01775996322156136,0.07761403378400346,0.03356609645609284,At-Risk
MMM,2021,0.4683920237590157,0.16747277612784614,0.09852721849366144,0.10129072878954824,At-Risk
MMM,2022,0.394021635258591,0.22082489201483124,-0.2600480837222458,-0.1336739798470664,At-Risk
MMM,2023,0.3911824461600975,-0.2842340511986997,-0.05928672451358893,0.4574138997731491,Distressed
MMM,2024,0.4121261444557477,0.16980671414038656,-0.0014221861032100772,-0.4409791990943823,At-Risk
MMMB,2021,0.25176149982987756,-0.0053505944939802996,0.1551852670129412,0.26073011339335195,At-Risk
MMMB,2022,0.20837446881572735,0.024724213418036656,0.9791970646342028,0.9226197721481213,Healthy
MMMB,2023,0.2936853723713257,0.06352387591495294,0.10834012963042451,0.04458584629004592,Healthy
MMMB,2024,0.24757557083549558,0.030090490399584845,0.19406684481623485,0.25485730025213466,Healthy
MMS,2021,0.22258275678489875,0.06844541701286995,0.22907396338678454,0.211988999322148,At-Risk
MMS,2022,0.20293810129867773,0.044013648834878204,0.08850260372289478,0.12226118090305269,At-Risk
MMS,2023,0.20971764387342173,0.0329869464728727,0.0591036355289485,0.06806225710503257,At-Risk
MMS,2024,0.2358849473549512,0.05784067195394366,0.08185346873465767,0.045068758034279885,At-Risk
MNDT,2021,0.47380418032702115,0.5635498732008526,0.2095174239259061,0.1869414064688485,Distressed
MNDY,2021,0.8733960733409054,-0.4195813727080967,0.9125140420672405,0.3934255278187769,At-Risk
MNDY,2022,0.8718221910529084,-0.26369817486113495,0.6843387960408892,0.5452052271026423,Distressed
MNDY,2023,0.8894812216062875,-0.002572307607973194,0.4058848349514189,0.1449025697271714,At-Risk
MNDY,2024,0.8933214677030231,0.033304698069434514,0.33205654417256525,0.29253527359816733,At-Risk
MNKD,2021,0.48494207470639694,-1.0726916041462315,0.15808055999017562,0.4298613350532086,Distressed
MNKD,2022,0.4237045203969129,-0.8760148341184725,0.3224728930834283,0.311892429969048,Distressed
MNKD,2023,0.684507594415014,-0.06000140730390728,0.9942066753533126,0.11664522707198369,Distressed
MNKD,2024,0.7316955279085406,0.09662911903160726,0.4349674812275711,0.15106599847107788,Distressed
MNRO,2021,0.35446632453682997,0.04529296829021399,0.2075176708971406,0.19416260157971224,At-Risk
MNRO,2022,0.34418379003185495,0.029461694817041428,-0.02497263353657101,-0.009855090896083558,At-Risk
MNRO,2023,0.3540937461084016,0.029426162036170423,-0.036663392139021055,-0.03232736474335919,At-Risk
MNRO,2024,0.3493960683792145,-0.004335189997105412,-0.06379675890064843,-0.01874537484112683,Distressed
MNST,2021,0.5609665294678988,0.24858103221018987,0.20499852347586395,0.26248657470869013,Healthy
MNST,2022,0.5030172475261644,0.18881549029083908,0.13890075923709594,0.2624129747575046,Healthy
MNST,2023,0.5313993910667285,0.228428828070258,0.13135326134319963,0.09739969435052025,Healthy
MNST,2024,0.54037571724726,0.2014021897820935,0.04939505130722895,0.07244394864375461,Healthy
MNTK,2022,0.7851565730520191,0.17121118510987113,0.387721347222316,0.088368238137358,At-Risk
MNTK,2023,0.8006849471710196,0.08546402597996615,-0.14912993349841164,-0.03893926498537778,At-Risk
MNTK,2024,0.8207424773523923,0.05538990303637274,0.004756895211087225,0.05181643850210409,At-Risk
MNTV,2021,0.805264248984871,-0.27772169469068425,0.18150741460557493,0.21690496969537895,Distressed
MNTV,2022,0.8206530440803714,-0.18691582955062933,0.08366870518673415,-0.00119886835454869,Distressed
MO,2021,0.5378849037019952,0.09514473532464537,-0.005353114365464765,-0.05412303664921466,At-Risk
MO,2022,0.7433057060886197,0.22967803634045267,-0.035251604966747396,-0.08828616896146128,At-Risk
MO,2023,0.746027856063391,0.33206714863374587,-0.024426203379024545,-0.01828944372770737,At-Risk
MOD,2021,0.15087068923467148,0.04155894834398322,0.13365405883654058,0.13326380439191146,At-Risk
MOD,2022,0.1694590713259933,0.06662604987162192,0.12087215257792303,0.09540365049337901,At-Risk
MOD,2023,0.21829055569399453,0.0670736772157156,0.04782627616519431,0.006347724620770129,At-Risk
MOD,2024,0.2491968260112251,0.07122121153473969,0.07297117700805715,0.05366170400259728,At-Risk
MODG,2021,0.5946575604774367,0.1027637709835961,0.9713117332494495,0.9258893930426777,Distressed
MODG,2022,0.6034236804564908,0.03951748129238932,0.27519627241973577,0.2766415132994161,Distressed
MODG,2023,0.4347071786936747,0.044544474140760536,-0.46625122006156616,-0.47722532627691366,Distressed
MODG,2024,0.42691437647398567,-0.6967800933724791,-0.025788906081492945,-0.007118539151965335,Distressed
MODN,2021,0.5520794024141229,-0.15372328051901057,0.2011039638386648,0.2397502117355155,Distressed
MODN,2022,0.5568615283531967,-0.13065558212115128,0.13295251880379436,0.11671373382918228,Distressed
MODN,2023,0.5661961894148632,-0.13598008522305913,0.13824806993849356,0.09245688633847293,Distressed
MODV,2021,0.20877396516962962,-0.0032886637737079695,0.46297185233894095,0.5345093543970038,At-Risk
MODV,2022,0.19097089512306986,-0.012662914691943129,0.2544087322138725,0.2831670125511639,At-Risk
MODV,2023,0.16398949716040923,-0.07418165616733431,0.09732799202466494,0.10526630979443181,At-Risk
MODV,2024,0.1508010873924607,-0.07220512658622909,0.011384848815781978,0.022859118491234783,At-Risk
MOG-A,2021,0.2719933043313921,0.05512636251210995,-0.011288053543112731,-0.01373963286196273,At-Risk
MOG-A,2022,0.2715605825581077,0.05111597238669562,0.06444265466289714,0.060564295591720725,At-Risk
MOG-A,2023,0.2699138507111218,0.05151904630200396,0.09333308737811628,0.0831178266235581,At-Risk
MOG-A,2024,0.27816611067395186,0.05741502177792063,0.08738395274412931,0.07108938696480102,At-Risk
MOH,2021,0.11810881855172663,0.02372979006877678,0.42979972197909694,0.45702614379084966,Healthy
MOH,2022,0.12278726465253018,0.024770125727153314,0.15134492816247164,0.14362079922245896,Healthy
MOH,2023,0.15857595679737027,0.03202042733035924,0.06561581284793895,0.06230183375281927,Healthy
MOH,2024,0.15306273062730627,0.02900369003690037,0.1930617515848791,0.19828302409304902,Healthy
MORN,2021,0.5890072382745837,0.11375272170893898,0.22295789852464915,0.22822106787022056,At-Risk
MORN,2022,0.5833957019138244,0.03768844221105527,0.10080621432354499,0.18061429660958192,At-Risk
MORN,2023,0.5862356519179829,0.06921416658491121,0.08981075590719555,0.061780596664317594,At-Risk
MORN,2024,0.606303019647488,0.1625862599446178,0.11601098793289512,0.02560840707964602,At-Risk
MOS,2021,0.25897842588246717,0.1319533235146552,0.4233848209452066,0.1768092105263158,At-Risk
MOS,2022,0.30095371551670047,0.18733398866417084,0.5476718403547672,0.473660952850742,At-Risk
MOS,2023,0.1614036112469973,0.08505340936470966,-0.2838715412126409,-0.13426871874978208,At-Risk
MOS,2024,0.13592800374006545,0.015724457870320424,-0.18788560247077635,-0.1541101131741109,At-Risk
MOV,2021,0.5721859711930617,0.12506809868472255,0.44628226470535964,0.24826585195034562,Healthy
MOV,2022,0.5770663042061556,0.12571917999515891,0.026631876601769813,0.027064475314765604,Healthy
MP,2021,0.7702890779389792,0.4067967657974647,1.471535998808726,0.665370544371364,At-Risk
MP,2022,0.8251824609960001,0.5478644954598018,0.5891152937774136,0.20102396658003566,At-Risk
MP,2023,0.6341849316419736,0.09590640967468286,-0.5195446531819302,0.355149201145433,Distressed
MP,2024,0.055279487871281056,-0.3209339972038949,-0.19566375347708576,0.37658760012391024,Distressed
MPAA,2022,0.16683697520327226,-0.006158922752146912,0.05038535586214532,0.05237157796613705,Distressed
MPAA,2023,0.18469270598201995,-0.06861515653128675,0.05066800961535646,0.029666772878968288,Distressed
MPAA,2024,0.20311241506613817,-0.025707925223871532,0.055275023547968184,0.038735345243700564,At-Risk
MPC,2021,0.09015871440504843,0.08053991018038359,0.7298167303317739,0.609000358689954,At-Risk
MPC,2022,0.15215969500981044,0.08114438401037503,0.4795507365043132,0.35885278230300954,Healthy
MPC,2023,0.14340728895995736,0.06450129922046773,-0.16099747891173954,-0.14316992989784394,Healthy
MPC,2024,0.10075222247549578,0.02453983359927057,-0.0646678659470984,-0.01603175421413475,At-Risk
MPLN,2021,0.843153466081843,0.0913384192225855,0.19177446753604055,-0.316106074885189,Distressed
MPLN,2022,0.8109706626557354,-0.5306136058000437,-0.03389936667973035,0.06663868693966496,Distressed
MPLN,2023,0.7551095968483366,-0.0953663143093672,-0.10946582249406325,0.023634147498099913,Distressed
MPLN,2024,0.7427489512413177,-1.7685241300460766,-0.032136483332709326,0.029675697130343435,Distressed
MPTI,2023,0.40725806451612906,0.08475029148853479,0.2927618150416078,0.2726613738350017,Healthy
MPTI,2024,0.4619276911776708,0.15579857993960664,0.19053633890400312,0.07456128454799425,Healthy
MPWR,2023,0.5607241229341838,0.2346826484620048,0.015006565790559085,0.056789570154722836,Healthy
MPWR,2024,0.5531557247066287,0.5635498732008526,0.21197843907324918,0.2452006068678808,Healthy
MPX,2021,0.2290899085277873,0.0973981088136799,0.24263108516626708,0.21422604240151488,Healthy
MPX,2022,0.2459796060315752,0.10589902754629325,0.27844665015737513,0.25830014295433873,Healthy
MPX,2023,0.23552819828576937,0.10865741187139882,0.007175947190908017,0.02236944826685379,Healthy
MPX,2024,0.19233582042231193,0.07547082073936294,-0.3835362977517988,-0.35098926501130545,Healthy
MQ,2021,-0.1670827089476483,-0.31697007782665443,0.7815682140741047,1.0131098853218488,Healthy
MQ,2022,0.4276910369604093,-0.24696407139210325,0.44671726204862955,0.41054299222151386,At-Risk
MQ,2023,-0.17283645705006573,-0.3297420327106605,-0.09627696115775602,0.0012233641679557919,At-Risk
MQ,2024,-0.09022968668330063,0.053821043600035506,-0.25019706553519744,-0.40155402601789436,At-Risk
MRAI,2024,0.3232527597344976,-0.7840130621517055,-0.24174404521598708,-0.3396351157775434,Distressed
MRAM,2021,0.5997171145685997,0.07875457875457875,0.31203159572696343,0.010424648142920514,Distressed
MRAM,2022,0.5658914728682171,0.1021755438859715,0.08774888477858775,0.07277843188122368,Distressed
MRAM,2023,0.5840978593272171,0.1419587548027915,0.06301575393848462,0.07667695970832249,At-Risk
MRAM,2024,0.5183524463314948,0.015495416848537757,-0.2095663765388536,-0.006686247408431237,Distressed
MRC,2021,0.15641410352588148,-0.005251312828207052,0.04140625,0.031419705197827774,At-Risk
MRCY,2022,0.39967334448495595,0.011409668315123401,0.06948190251905853,0.1086304975736805,At-Risk
MRCY,2023,0.32522215217038614,-0.029094900614242792,-0.014485977998314102,0.06801740398225604,At-Risk
MRCY,2024,0.23453473406961778,-0.1647840531561462,-0.1423242240846427,-0.025499366418335303,Distressed
MRCY,2025,0.27904431920352624,-0.041560492094471616,0.09187991978689652,-0.03425120059802188,At-Risk
MRIN,2021,0.47235872235872234,-0.53005733005733,-0.18553847180068705,-0.16846017546134232,Distressed
MRIN,2022,0.3608571856736101,-0.9104850392127479,-0.18022113022113023,0.09193908840496856,Distressed
MRIN,2023,0.34380463594833904,-1.2360836952230556,-0.11429142314800939,-0.1132555925749643,Distressed
MRK,2021,0.7202283180026281,0.26792460578186594,0.17308155498819788,-0.01292743953294412,At-Risk
MRK,2022,0.7063070357438052,0.24491000792807383,0.21721008541392903,0.1547950992817913,At-Risk
MRK,2023,0.731747483989021,0.006071695916160692,0.014034377477523067,0.3941367283724787,At-Risk
MRK,2024,0.7632308939035033,0.2667528986410672,0.06742077684438161,-0.2311716030160424,At-Risk
MRMD,2021,0.5455361259303168,0.059482645063557923,1.3865534852229833,1.5502623520624266,At-Risk
MRMD,2022,0.4772554286993508,0.10049996268935155,0.10328986366330764,0.17456517754127174,At-Risk
MRMD,2023,0.44360623965329277,-0.10788166731719134,0.10885754794418327,0.22466216216216217,Distressed
MRMD,2024,0.39701602318193635,-0.07905065658903423,0.061313072854277985,0.15805847076461768,Distressed
MRNA,2021,0.858318445130204,0.5635498732008526,4.509057831645275,1.8793949013163034,Healthy
MRNA,2022,0.7188392254581322,0.4340964543425219,0.042878025012181256,0.9020289855072464,Healthy
MRNA,2023,0.31469042056074764,-0.688376168224299,-0.6444998183045216,0.12638423244945646,At-Risk
MRNA,2024,0.5475896168108776,-1.1004326328800988,-0.5274532710280374,-0.35230450076666364,At-Risk
MRNS,2022,0.9650998495600192,-0.77776905565586,0.6603453893776474,0.2314831308561046,Distressed
MRNS,2023,0.9375907580109071,-4.563070767046371,0.21630426250098123,0.17508281139253323,Distressed
MRO,2021,0.9023230290835924,0.17303822937625754,0.771548930654569,-0.005579815623483746,At-Risk
MRO,2022,0.9141363862618218,0.44947735191637633,0.469910371318822,-0.005123200780678214,At-Risk
MRO,2023,0.8763625503956995,0.23204419889502761,-0.16662518666002987,0.09048553212358999,At-Risk
MRTN,2021,0.34013766838803505,0.08774048830989561,0.11353265307522868,0.08375200370079502,Healthy
MRTN,2022,0.3206092676666577,0.08731380718708609,0.2980904724930262,0.29064255792253174,Healthy
MRTN,2023,0.3295455851094387,0.06219690575409539,-0.10477514443640921,-0.08422664772038987,Healthy
MRTN,2024,0.3172029286879428,0.027935847787919164,-0.1482577742817876,-0.11592007365670474,Healthy
MRVI,2021,0.8241316750913368,0.22776262449326862,1.8132545811656542,0.39654363038897805,At-Risk
MRVI,2022,0.8086559358369922,0.2493825035305736,0.10480081077023172,0.23741420553149575,At-Risk
MRVI,2023,0.4852203706587759,-0.4119434494453962,-0.6509892588799009,0.002615411342925281,Distressed
MRVI,2024,0.41788297933908214,-0.558851785404248,-0.10299537974354982,0.045540037742625536,Distressed
MSA,2021,0.43947715368430673,0.015240875828999374,0.03853887672884975,0.06733295016130453,At-Risk
MSA,2022,0.44100243921115373,0.11756251664809061,0.09125313709217801,0.06339234140004713,At-Risk
MSA,2023,0.47668135823235797,0.032771011279072434,0.1699620341725171,0.1201082234805273,At-Risk
MSA,2024,0.47587299656000087,0.1576022874334952,0.011463672637830623,0.006275077813536056,At-Risk
MSFT,2022,0.684016744842891,0.3668633681343622,0.17956070629670173,0.17026239661003137,At-Risk
MSFT,2023,0.6892008588349102,0.3414623787839464,0.06882029555656428,0.07402926353721483,At-Risk
MSFT,2024,0.6976444382797138,0.35955972944084985,0.15669962013071279,0.0996580005186722,At-Risk
MSFT,2025,0.6882374238616519,0.3614601524896707,0.1493215623240672,0.12902298638799017,At-Risk
MSGE,2022,0.47500143429690767,-0.3186515969871569,-0.05784466649163719,0.32646359514172857,Distressed
MSGE,2023,0.40363800491782426,0.5635498732008526,-0.05937825278048701,0.08186899858778732,Distressed
MSGE,2024,0.46652072424575586,-0.19539502322062072,0.7895321096280961,0.49947580141782083,Distressed
MSGM,2021,0.5005711241992818,-2.199723061146109,-0.20844781995816447,1.5879062392258252,Distressed
MSGM,2022,0.5195613681901571,-3.4859411428614044,-0.3151445421819332,-0.27494855186889744,Distressed
MSGM,2023,0.4760252075568254,-2.0729176224522314,-0.3307535944150254,-0.3755521983622699,Distressed
MSGM,2024,0.6286890233304042,-0.31688840768454585,0.25728970715550403,-0.35308704538716057,Distressed
MSGS,2022,0.3905624127964313,0.06225208618938972,0.9757337252628566,0.4879149432172315,Distressed
MSGS,2023,0.3815844777209231,0.053854483704378966,0.08046834860486465,0.09112113307420092,Distressed
MSGS,2024,0.3997813364954841,0.05721759939405091,0.1574201050879658,0.09826829520624526,Distressed
MSI,2021,0.49443152612899277,0.1523681311956921,0.10210412732667926,0.07842812137290665,At-Risk
MSI,2022,0.4641132572431958,0.14958296751536435,0.11516338269489658,0.14560270602706027,At-Risk
MSI,2023,0.49809581078372417,0.17127680897975547,0.0950395083406497,0.031270970339551736,At-Risk
MSI,2024,0.509568272164186,0.14578903577701766,0.08408498697133694,0.05791254554919313,At-Risk
MSM,2021,0.41116956460608334,0.06688005515499391,0.015920628968997923,0.028161918552164353,At-Risk
MSM,2022,0.4220729040630376,0.09203571176087715,0.13834042915321298,0.10788942960432508,At-Risk
MSM,2023,0.40979033153567146,0.0856095929395837,0.08596917624644052,0.09327252434882037,Healthy
MSM,2024,0.4116208242398293,0.0676779157858868,-0.04697374741911395,-0.02887583963211406,Healthy
MSTR,2021,0.8200551333106222,-1.0483943597996719,0.062460607195232304,0.0967894217560225,Distressed
MSTR,2022,0.7937183534162287,-2.9439274612229203,-0.022511463264690796,0.051761687914812296,Distressed
MSTR,2023,0.7784552886485135,0.5635498732008526,-0.006014853864889117,0.013784989359960713,Distressed
MTAC,2023,0.8592728647831019,-3.2069040030252283,0.4930633973221487,0.49448164301656533,Distressed
MTAC,2024,0.8605891746797595,-1.0208623560191634,0.5899195073199719,-0.10125229496067739,Distressed
MTBC,2021,0.3773737634223741,0.020315331771717564,0.32797130952607445,0.204090628581504,At-Risk
MTBC,2022,0.3950315652790473,-0.41580741335565824,-0.1614624746595606,-0.11356714013764826,At-Risk
MTBC,2023,0.3950315652790473,-0.41580741335565824,0.0,0.0,Distressed
MTBC,2024,0.4510677842236798,0.07083374685348755,-0.053152683689421575,-0.16477380667222824,At-Risk
MTCH,2021,0.7186623970888388,0.09309326623039027,0.2475706413623896,0.28388386286201284,Distressed
MTCH,2022,0.6989619746095997,0.11350386331343375,0.06890610560132364,0.09726020297293583,Distressed
MTCH,2023,0.7164473574708189,0.19365083233665348,0.05508612371320883,0.039996862515335324,Distressed
MTCH,2024,0.7151001056799602,0.15844119040988133,0.034141436598083996,0.07584097018305522,Distressed
MTD,2021,0.5840758163816963,0.20683148956543024,0.20509455373224939,0.18341391679059108,Healthy
MTD,2022,0.5888299360998482,0.22259356498148206,0.054271866334223616,0.025813438190595308,Healthy
MTD,2023,0.5916323087688993,0.208213743915821,-0.03352289672524159,-0.030378855975448624,Healthy
MTD,2024,0.6005594519725821,0.22289760691216548,0.022187208065656733,0.013542290445414022,Healthy
MTDR,2022,0.9650998495600192,0.3970556159612822,0.8388815025547496,0.4937528591198578,At-Risk
MTDR,2023,0.8516259706390051,0.3014388348234724,-0.08215760172006442,0.22925110349647546,At-Risk
MTDR,2024,0.8427557809871152,0.2525896716701175,0.2487529326257622,0.2954063959034088,At-Risk
MTEX,2021,0.7862507980621174,0.061604136152526884,0.055182389189403394,0.02584470037300226,Healthy
MTEX,2022,0.7590519503235963,-0.03272403941461139,-0.14117249408495136,-0.08692017277872513,Healthy
MTEX,2023,0.7795460573680422,-0.016967905725436702,-0.03828493965366451,-0.03411014947715695,Healthy
MTEX,2024,0.7759659274090916,0.021125685100028848,-0.10677124777386231,-0.1240003310286716,Healthy
MTH,2021,0.27501596645384574,0.14402893687830925,0.14234112428939877,0.05275900022849646,At-Risk
MTH,2022,0.28290719949999416,0.15827647303830586,0.22433443812730586,0.19925553681036648,Healthy
MTH,2023,0.2444666811603378,0.12084842613617867,-0.024839811974584312,0.04463904983508959,Healthy
MTH,2024,0.24657991235524537,0.12353893981525713,0.04103688312130205,0.03808360988978873,Healthy
MTN,2023,0.4263090424051798,0.09200121549240595,0.14388941499149613,0.19377869167010403,Distressed
MTN,2024,0.42935389719432787,0.0801004162289429,-0.0014442624743715225,0.007803152719521419,Distressed
MTOR,2021,0.13175058700756587,0.05191755804852596,0.2591984231274639,0.21430970775948943,At-Risk
MTRN,2021,0.18784174166779202,0.04797556538800671,0.2842620001802301,0.2454962575369962,At-Risk
MTRN,2022,0.19570783599651473,0.048938341332267946,0.1631522714815668,0.13710509344257898,At-Risk
MTRN,2023,0.2096112929058418,0.057472223840325444,-0.05231434134137381,-0.06822525478671386,At-Risk
MTRN,2024,0.19349287931246323,0.003494903364853547,0.011741624213977168,0.021160152264657072,At-Risk
MTRX,2022,-0.0017039192969566814,-0.09028229110740625,0.051057472698166614,0.09331084800018018,At-Risk
MTRX,2023,0.038766320344142284,-0.06586123619531584,0.12325863969029925,0.07180986666254655,At-Risk
MTRX,2024,0.05557851892234827,-0.034297657416168074,-0.0840318482553898,-0.08964393013866315,At-Risk
MTSI,2021,0.563262044421011,0.06256673037632637,0.14505213786962043,0.0007763886510247189,Distressed
MTSI,2022,0.6015981160300369,0.5635498732008526,0.1124530415870296,0.03152202434600071,At-Risk
MTSI,2023,0.5949920343241205,0.14123382381744798,-0.03963890575706859,-0.002744720698401463,At-Risk
MTSI,2024,0.5397270751036901,0.10534720071054775,0.12518526172604552,0.21239096721484196,At-Risk
MTTR,2021,0.5394336805368162,-3.0408188965045784,0.2944669554282521,1.6572871128625084,Distressed
MTTR,2022,0.38087052341597794,-0.8179173553719008,0.22443197150412866,0.5895837677935599,Healthy
MTTR,2023,0.44685194107056825,-1.261993812916804,0.15884664830119374,-0.09626345326887102,Healthy
MTTR,2024,0.48858861867188375,-1.512212800311139,0.07576007302786723,0.1923884436821717,Distressed
MTW,2021,0.1785838855946983,0.006394605278455994,0.19176943328252738,0.19680927171269139,At-Risk
MTW,2022,0.1793357933579336,-0.06081180811808118,0.18154865713289153,0.16689580967182738,At-Risk
MTW,2023,0.19086093904300205,0.017595834455516653,0.09608856088560885,0.09323292864095077,At-Risk
MTW,2024,0.1721763085399449,0.0256198347107438,-0.022353891731753298,-0.005857270043578089,At-Risk
MTX,2021,0.2402733681321638,0.08846795458214497,0.16522447955856534,0.15850164732846297,At-Risk
MTX,2022,0.21877205363443897,0.05749235474006116,0.14378733250820644,0.1781143740340031,At-Risk
MTX,2023,0.23369740541038758,0.038757546430711096,0.02088920254057869,0.007136859781696054,At-Risk
MTX,2024,0.2585319801746519,0.07887656360632524,-0.023687727545048158,-0.054658190912880364,At-Risk
MTZ,2021,0.14412444205895508,0.04135312579659827,0.25799912197089847,0.2833838958336988,At-Risk
MTZ,2022,0.12187567689959887,0.0034111137633132537,0.22966641058147855,0.2809870996483194,At-Risk
MTZ,2023,0.11522004039035226,-0.00416382751022138,0.22682423610953445,0.23442704061093236,At-Risk
MTZ,2024,0.13227795033983925,0.013231070534282052,0.025636186394489998,-0.004087841855321282,At-Risk
MU,2021,0.3762136798411839,0.2115502616856163,0.2925122463261022,0.16221788194444445,At-Risk
MU,2022,0.4518499252227063,0.28243058716431496,0.11019671539433315,-0.01708523947343852,Healthy
MU,2023,-0.09111969111969112,-0.37535392535392537,-0.49476558944014565,0.010875759878419452,At-Risk
MU,2024,0.22352753773246783,0.03098243797538927,0.615894465894466,0.118487197556965,At-Risk
MUR,2024,0.9293459346192174,0.13444756666228602,-0.12475568234528764,-0.025968156778562422,At-Risk
MUSA,2021,0.10650038881368624,0.022862244751015236,0.5411965235300906,0.564582437912283,Healthy
MUSA,2022,0.10235817470709414,0.02869986906137908,0.35054289911004866,0.34221951496258607,Healthy
MUSA,2023,0.10747164342712756,0.02586230921437662,-0.08174920349226523,-0.07901902507608251,Healthy
MUSA,2024,0.11394812366937854,0.02482180169232821,-0.05969046977621299,-0.05865330731028619,Healthy
MUX,2021,0.03931443490032393,-0.45697893668111716,0.1843036959986258,0.04754374685040054,Distressed
MUX,2022,-0.5044542404467389,-1.8557302753553526,-0.6479589370034327,-0.215356457597222,Distressed
MUX,2023,0.2827450956801078,0.3326635826049293,2.8048707912746917,0.9064918042029005,Distressed
MUX,2024,0.3505562337729328,-0.25041122898720175,0.04960566921933935,-0.30843328959284383,Distressed
MVIS,2021,0.9650998495600192,-17.28,-0.19093851132686085,1.7029437481783736,Distressed
MVIS,2022,0.8493975903614458,-24.696043881430608,-0.6509892588799009,0.17651879488451336,Distressed
MVIS,2023,0.6181292189006751,-11.412315745970519,4.509057831645275,0.7628038274003739,Distressed
MVIS,2024,-0.5044542404467389,-20.637776831345825,-0.35307893649262984,-0.10686506946177522,Distressed
MVST,2021,-0.2812483550034216,-1.4213165236616307,0.4134935545676073,1.522234556848702,Distressed
MVST,2022,0.04436783295435096,-0.7736130467737597,0.3455743012054535,0.03449499811169133,Distressed
MVST,2023,0.18664001017556103,-0.34680399325542943,0.4993862930634001,0.13856140976901857,Distressed
MVST,2024,0.3147753692065055,-0.51463002993673,0.2386821343891565,-0.022707602550657555,Distressed
MWA,2021,0.32268226822682267,0.06336633663366337,0.1523700860906545,0.16841092265126908,Distressed
MWA,2022,0.2920474587141254,0.06140772807439474,0.12277227722772277,0.1549469782765366,At-Risk
MWA,2023,0.2974837344203183,0.06702202712236419,0.02268718935385602,0.0145302192904261,At-Risk
MWA,2024,0.34912907887731043,0.08815699399102457,0.030571450968095947,-0.03268605570687989,At-Risk
MX,2021,0.3237732745714105,0.11957910718427767,-0.06474394498470593,-0.10555126956624383,Healthy
MX,2022,0.29990108334468607,-0.023799228805477732,-0.2879868418278051,-0.19968704267107196,Healthy
MX,2023,0.22447196491212817,-0.15919078812958865,-0.31868636312481863,-0.18009210727788835,Healthy
MX,2024,0.19715922107674685,-0.2764821178566883,-0.14616758892593382,-0.2069895562482941,At-Risk
MXC,2021,0.8055320608763499,0.4333881823618882,1.3536157861868008,0.36905107868081044,Healthy
MXC,2022,0.8200620489764409,0.4878686832636326,0.4507601953920744,0.3129049290949333,Healthy
MXC,2023,0.7688873869700058,0.20362991991986537,-0.3089165766568323,0.009650530402131706,Healthy
MXC,2024,0.7752104597490435,0.23981270619355477,0.081084694295918,0.13462767426458844,Healthy
MXCT,2021,0.8923883507749136,-0.5629947394974346,0.2952053773754342,0.3991097524284363,Healthy
MXCT,2022,0.8848195928695691,-0.5325455818892478,0.30586149211809727,0.37515912193492273,Healthy
MXCT,2023,0.8851482270877737,-0.9184993218368533,-0.06716974311470594,0.2508307503281115,At-Risk
MXCT,2024,0.8161907474046651,-1.0628575866621792,-0.06444971904669637,0.0026454731155189926,At-Risk
MXL,2021,0.5556175607744527,0.0470294644317894,0.8646165032720708,0.4326607805271128,At-Risk
MXL,2022,0.5800203882697822,0.11161774315064825,0.25532777975746246,0.1333221811287728,At-Risk
MXL,2023,0.5563011440102819,-0.1055111840672299,-0.3811544188271925,-0.24137879398844622,At-Risk
MXL,2024,0.540268716992855,-0.6801080637287534,-0.4799549377364723,-0.25377999605222346,Distressed
MYE,2021,0.27766125801939756,0.044045781977450474,0.49193034843417216,0.5619330321179643,At-Risk
MYE,2022,0.3150096659763192,0.06699705518444284,0.18138383447044068,0.14316987986253987,At-Risk
MYE,2023,0.3053094025461616,0.060102058009979496,-0.09613727798547492,-0.0917196905611338,At-Risk
MYE,2024,0.30946775067232185,0.008610742083103647,0.028551152611039434,0.038775364206587774,At-Risk
MYGN,2022,0.7228109313998885,-0.07863915225878416,-0.6509892588799009,-0.47722532627691366,At-Risk
MYGN,2023,0.6850136239782016,-0.6326975476839237,0.023424428332403793,0.11466260781329274,Distressed
MYO,2021,0.744226231191508,-0.7485601211399173,0.8272050780582936,0.3338694553489464,Distressed
MYO,2022,0.6591414372620293,-0.6892230259033795,0.12260458616373952,0.08717276285678602,Distressed
MYO,2023,0.6851138065598754,-0.42344462843660446,0.23695755298748736,0.04747982770559361,Distressed
MYO,2024,0.7122730870835203,-0.18996931572320885,0.6917484384255875,0.41077823164641186,Distressed
MYPS,2021,0.6811553863871213,0.03735661177583945,0.06498025062805227,0.19999081193279347,Healthy
MYPS,2022,0.7058306838575449,-0.061255420948024344,0.010055006801916367,0.0627960477087082,Healthy
MYPS,2023,0.7497474958666521,-0.062379779083007916,0.07087964892579975,0.024295117398565675,At-Risk
MYPS,2024,0.7487604904829854,-0.0991158453368529,-0.06901886865281807,-0.05181128492370256,At-Risk
MYRG,2021,0.13008142772913783,0.03402728827609616,0.11163917999174154,0.10129456568961852,Healthy
MYRG,2022,0.11432846874000761,0.02771475352512945,0.20424098252844247,0.21536855172448524,Healthy
MYRG,2023,0.10000178380062048,0.024970464378187687,0.21118634873636466,0.21512783264439767,Healthy
MYRG,2024,0.08634561563696172,0.00900071082506268,-0.07728384795981234,-0.05796035607580052,Healthy
NABL,2022,0.8423483399637948,0.044939196113715774,0.07306266885261044,0.0359184481646366,Distressed
NABL,2023,0.8383236939414052,0.055494453399070824,0.13479068991766394,0.08381708711884157,At-Risk
NABL,2024,0.8269236957440464,0.06641252652060402,0.10492794159476629,0.0916370132068119,Distressed
NANO,2021,0.5439048598109517,0.18044008168346012,0.4176184554785659,0.19378882222041868,Healthy
NANO,2022,0.5364406282239155,0.22218242847322328,0.2741593030286513,0.21498611840149756,Healthy
NANO,2023,0.5151004819407061,0.14850318924139688,-0.18833883979335106,-0.0940194074191672,Healthy
NANO,2024,0.5219254933299302,0.20425981013267214,0.2101479651120034,0.13643858676449044,Healthy
NANX,2022,0.22402658305865958,-0.0702896803065627,0.2660559796437659,0.47031505424282954,Distressed
NAPA,2022,0.49711417143163944,0.16157955491127754,0.10664175180400044,0.10079859194614811,At-Risk
NAPA,2023,0.5352137490198414,0.17195704175723828,0.08183941370701457,0.04145219428042469,At-Risk
NAPA,2024,0.5300519629773035,0.1381396415615035,0.00616631430584919,0.04585580671878472,At-Risk
NARI,2021,0.9106193859573116,0.03552551771943506,0.9831316675019689,1.1949509694765403,At-Risk
NARI,2022,0.8839390723157683,-0.07632128635542192,0.38445180949080093,0.5464417224017435,Healthy
NARI,2023,0.8803400103720991,-0.003314209775703358,0.28727335313491764,0.23348154627402387,At-Risk
NAT,2022,0.4975098721046738,0.04450109035185949,0.7334579763893359,0.08307283386504996,Distressed
NAT,2023,0.6693609948760106,0.25201500177437597,0.15426121294277126,-0.12985380849968994,At-Risk
NAT,2024,0.6436058580324925,0.13336402262239022,-0.10708805755616091,0.03272971261993123,At-Risk
NATH,2021,0.43277449905120036,0.11834752180498251,0.51481427761442,0.6894324775455051,At-Risk
NATH,2022,0.4252246052681882,0.1500401422181443,0.13842899670966732,0.13315847045954435,Healthy
NATH,2023,0.39988456821297164,0.1415193708967607,0.05983102037695454,0.1013493875856342,Healthy
NATH,2024,0.3946160802256684,0.16213845136386335,0.06905706658971214,0.0525993365000377,Healthy
NATI,2021,0.7135684546510433,0.060771691271779386,0.1422352722646271,0.08392347582835154,At-Risk
NATI,2022,0.6772890357428446,0.08427646765943964,0.1274385393837166,0.10878598551552479,At-Risk
NATR,2021,0.7399883805766476,0.06497194224516083,0.1528510792954401,0.12562032095853162,Healthy
NATR,2022,0.7104832784243085,-0.0009243677561565262,-0.049931994847821584,-0.009188742935024205,Healthy
NATR,2023,0.7211151531482979,0.03385430701518009,0.05548576710672892,0.05156883239821325,Healthy
NATR,2024,0.7145988678680529,0.016937961634284408,0.020308991287164287,0.018046233803985737,Healthy
NBIX,2021,0.9650998495600192,0.07904719894133215,0.08375561717181375,0.2885579064587973,At-Risk
NBIX,2022,0.9650998495600192,0.10378182306710552,0.3133656815174239,0.33920276547477585,At-Risk
NBIX,2023,0.9650998495600192,0.132319431932595,0.2676160408410022,0.20375897394530934,At-Risk
NBIX,2024,0.9650998495600192,0.14490723050142232,0.2481055587939166,0.18762983314346982,At-Risk
NBR,2021,0.36264037779115005,-0.28194274195745145,-0.05449638746493179,-0.09110522394845574,Distressed
NBR,2022,0.3722114157766736,-0.1319863921687142,0.314327882898611,0.17068590289140054,Distressed
NBR,2023,0.4129518614493208,-0.003863858658319018,0.14923508704233907,0.04854363723181089,Distressed
NBR,2024,0.4131002051643757,-0.05931072718998908,-0.0265466500929077,-0.019706386932142547,Distressed
NC,2021,0.22649416719660562,0.25085224607237055,0.4937554503550517,0.24282303093412808,At-Risk
NC,2022,0.28066473880828563,0.3067942528307663,0.25996372090113945,0.16292518972225434,At-Risk
NC,2023,0.06793020289207334,-0.18430216858943918,-0.11138967147803855,0.11308160840058466,At-Risk
NC,2024,0.12517879078533325,0.14194305618658185,0.10667895751277968,0.03504242663224424,At-Risk
NCLH,2021,-0.5044542404467389,-6.954759825057949,-0.49372454895195594,0.013968492950169283,Distressed
NCLH,2022,0.1190550316283218,-0.4686254067088378,4.509057831645275,0.9983904804935985,Distressed
NCLH,2023,0.3603934958954021,0.019436196158000938,0.7651419558359621,0.1913052533516837,Distressed
NCLH,2024,0.3999044901547536,0.09602220588078612,0.10874096658636966,0.05180881040628228,Distressed
NCMI,2021,0.774869109947644,-0.424956369982548,0.0,0.0,Distressed
NCMI,2022,0.5268860353130016,-0.1151685393258427,1.174520069808028,0.29093886462882096,Distressed
NCMI,2023,0.5151331719128329,0.5635498732008526,-0.33707865168539325,-0.18604651162790697,At-Risk
NCMI,2024,0.47840531561461797,-0.0926079734219269,0.4576271186440678,0.3522077922077922,At-Risk
NCNO,2021,0.5931827725339127,-0.1805488105453417,0.34055009226943656,0.3982203393262887,At-Risk
NCNO,2022,0.5846197176199748,-0.25157047867455273,0.4909353148449053,0.45508687163622247,At-Risk
NCNO,2023,0.5982104448077089,-0.08886081633766522,0.16709648188286005,0.0273267665748276,At-Risk
NCNO,2024,0.6007283730720216,-0.07005920574412243,0.13453980018592235,0.08280706513840579,Distressed
NCR,2021,0.25054171180931745,0.02600216684723727,-0.4051876913162558,-0.38757099899766123,Distressed
NCR,2022,0.21550094517958412,0.01921865154379332,-0.14030335861321777,-0.12056737588652482,Distressed
NCR,2023,0.20941250789639923,-0.1351863550221099,-0.002520478890989288,0.02357320099255583,Distressed
NCR,2024,0.20475514549325763,0.3403122782114975,-0.10991787744788377,-0.13454545454545455,Distressed
NCSM,2021,0.40906482591011123,-0.03994869284906584,0.10773343802873515,-0.03588279793796745,Distressed
NCSM,2022,0.38812069497275625,-0.007080806003906651,0.3133280450962853,0.27715940528384914,At-Risk
NCSM,2023,0.3902759158004085,-0.022130819605393377,-0.08456487097769097,-0.06259619343192831,Distressed
NCSM,2024,0.4149990464883087,0.04055808116537584,0.1409830772578279,0.06912068755827624,At-Risk
NDAQ,2021,0.581039755351682,0.2016649677200136,0.0464,0.00394431554524362,Distressed
NDAQ,2022,0.3917442981047221,0.1806938644394475,0.057764186204553175,0.05500346660503813,Distressed
NDAQ,2023,0.6893453145057766,0.27086007702182285,-0.37439768711853516,-0.47722532627691366,Distressed
NDAQ,2024,0.6825123682512368,0.23940632394063238,0.19358151476251603,0.292484442316898,Distressed
NDLS,2021,0.3486884197056942,0.007713321210896723,0.20702645717696969,0.1386831194859804,Distressed
NDLS,2022,0.33639200753709664,-0.00650467142969302,0.07224635485065832,0.08744456523614778,Distressed
NDLS,2023,0.349162205381353,-0.019578669262323576,-0.01192392243071367,-0.00816030213350048,Distressed
NDLS,2024,0.34251962916936124,-0.07341400568855659,-0.02013090851302629,0.0014938984149077863,Distressed
NDSN,2021,0.5605261854476044,0.19234877184872295,0.11367167978878884,0.03734627570384234,At-Risk
NDSN,2022,0.5507269876051915,0.19808800445357602,0.09654903524624621,0.08061212925323483,At-Risk
NDSN,2023,0.5422611457214247,0.1854550199495403,0.014806904895922368,0.03599361836689941,At-Risk
NDSN,2024,0.5524805375325149,0.17371662587860387,0.0233159301111757,0.03070192257055808,At-Risk
NE,2021,0.09742770908382825,0.1323882776750073,4.509057831645275,1.8793949013163034,At-Risk
NEE,2021,0.7347823539750424,0.20932684984474778,-0.051564149580485635,0.0754873809883633,Distressed
NEE,2022,0.6951231150983012,0.1978908188585608,0.22772277227722773,0.2223002880629523,Distressed
NEE,2023,0.8058974176566835,0.26001280500818097,0.341572819240313,0.05087083979996551,Distressed
NEE,2024,0.7968327071466085,0.28061245101603843,-0.11954897915629224,-0.03588228858986982,Distressed
NEM,2021,0.55531009654721,0.0954017345769923,0.06305992867704618,0.2383143618309518,Distressed
NEM,2022,0.4571548468317247,-0.03600503566932438,-0.025118638520700377,0.008214355564247995,Distressed
NEM,2023,0.432864883169658,-0.21114121232644767,-0.008644565673520772,0.07701260911736178,Distressed
NEM,2024,0.5202333797237984,0.17920993469649932,0.5816119200812733,0.15021613832853026,Distressed
NEO,2021,0.3862250660191729,-0.017234152817609517,0.08973153214774282,0.3155112991885525,Distressed
NEO,2022,0.3686201268127315,-0.28299406742419486,0.05244162542404027,0.0990775730703734,Distressed
NEO,2023,0.41343174853754716,-0.14868425722944412,0.16070335551509826,0.03840473119252906,Distressed
NEO,2024,0.4391688339999334,-0.11917961263522495,0.1164942372342781,0.08386423765529405,Distressed
NEOG,2022,0.46098615408254434,0.09163648918068362,0.1253044556727483,0.18831570671333284,Healthy
NEOG,2023,0.4935941160950189,-0.027807262960409605,0.5601497840310039,0.6752685464025561,At-Risk
NEOG,2024,0.5019356821196639,-0.010193438373031587,0.1237465757671923,0.10271845204425352,At-Risk
NEOG,2025,0.470989570351228,-1.2206232304750066,-0.031984739597196346,0.03555852345131874,Distressed
NEON,2023,0.9650998495600192,-2.6437712196395924,-0.32469135802469135,-0.12687112084702445,Distressed
NEON,2024,0.9626769626769627,-2.0804504504504506,-0.1882998171846435,0.00930378423583525,Distressed
NEPH,2021,0.5513360086130958,-0.3784868356660468,0.19343534633804463,0.030922311519326444,Distressed
NEPH,2022,0.4742857142857143,-0.7123809523809523,-0.023686013506900264,0.062439676293711485,Distressed
NEPH,2023,0.5903216743924709,-0.110338530692513,0.42736842105263156,0.10628930817610063,Distressed
NEPH,2024,0.6159440756955232,0.00536647366191216,-0.0053378283466779045,-0.10580506600972775,Distressed
NESR,2023,0.12972166347416694,0.010978126649882408,0.2599159773814013,0.1700046351520264,Distressed
NESR,2024,0.1603075660826117,0.05862315856753916,0.13595161944821388,0.09274022448113615,At-Risk
NET,2021,0.7758559228306009,-0.39655498106412607,0.5228217019015958,0.4579223430582697,Distressed
NET,2022,0.7614845971406042,-0.19829047384185036,0.4856830777574319,0.5003558174235758,Distressed
NET,2023,0.7632495209158315,-0.14185441239410987,0.3296662055840556,0.2599239742818188,Distressed
NET,2024,0.773181538859601,-0.047196198430067574,0.2875515232370281,0.23083934342173618,Distressed
NEU,2021,0.23246240625437692,0.0810267771878223,0.17165133960339762,0.234943315074959,At-Risk
NEU,2022,0.2316613251089862,0.10110608402274451,0.17345921879708504,0.14837146528092843,At-Risk
NEU,2023,0.28628356085544904,0.1441080869946439,-0.024008978591210428,-0.08062797241104554,At-Risk
NEU,2024,0.3180791499764225,0.16594415045371386,0.03266320019240896,-0.00850962410861552,At-Risk
NEWR,2021,0.6737464689040776,-0.31877187242607136,0.17654961896088958,0.20860069984077192,Distressed
NEWR,2022,0.7338201390194312,-0.19472875653881805,0.178359330940866,0.09545161398477824,Distressed
NEX,2021,0.11810816184162182,-0.08389740073526054,0.18365498872841,0.04741569356195546,Distressed
NEX,2022,0.2325942686532574,0.09706819048933964,1.2795619909782001,0.8499388916830063,At-Risk
NFG,2021,0.7313955283276877,0.20867364183124754,0.12699291401165758,0.009985051476342438,Distressed
NFG,2022,0.5822164766889626,0.25892456059936525,0.2544313029686244,0.2845239962176924,Distressed
NFLX,2021,0.4163656122646479,0.17227607499049427,0.18810119484449866,0.15151650107024395,At-Risk
NFLX,2022,0.39370705238403253,0.14207957792921522,0.06457391317699696,0.10549073142173228,At-Risk
NFLX,2023,0.4153783955346952,0.16036362043723068,0.06666804784354534,0.03027300568504782,At-Risk
NFLX,2024,0.46056556650417324,0.22336962115246067,0.15649919994477407,0.06776637441390872,At-Risk
NGS,2021,0.32796188898094447,-0.1268019884009942,0.06413929909631916,0.18385575124905798,At-Risk
NGVC,2021,0.27682005767795087,0.019498520155071076,0.01801045868126484,0.0179329358146375,At-Risk
NGVC,2022,0.2798036021567053,0.01960766318687622,0.032315000435805805,0.03142654370325228,At-Risk
NGVC,2023,0.28663876244116965,0.020378443021371807,0.046752781920385456,0.04665445930512426,At-Risk
NGVC,2024,0.29382603688027803,0.027331999017385037,0.08856727525233042,0.07729198060418487,At-Risk
NGVT,2021,0.3685231764283148,0.08487243981315128,0.14423155990461312,0.17526555386949924,At-Risk
NGVT,2022,0.34172510939279505,0.12683570101300726,0.1989220265900108,0.22410771926588582,At-Risk
NGVT,2023,0.3661044837515426,-0.00444261620732209,-0.2714140142660193,-0.2784600316431854,At-Risk
NGVT,2024,0.3873010582451462,-0.3585534538788434,-0.012669683257918552,-0.041871149629320245,At-Risk
NHHS,2023,0.314014186888349,-0.7653748207124667,0.10717526575058335,0.014923488845520586,Distressed
NHHS,2024,0.33340591596866365,0.4741726789282932,0.008210637239118345,-0.03500570125427594,Distressed
NHI,2024,0.8739457188802467,0.41132104743407294,0.04798099019807088,0.03779458480434121,At-Risk
NHIQ,2021,0.5561461475841594,-0.9299270539034941,-0.143811840594763,0.08958898920386388,Distressed
NHIQ,2022,0.5695800125369392,-1.0115966687561566,0.06948235406790212,0.14274539344072315,Distressed
NHTC,2021,0.7498541788184317,0.01808182651445713,-0.033284464564772596,-0.04833718771375525,At-Risk
NHTC,2022,0.7423169292139863,0.0063703341881385595,-0.18116823598033496,-0.15453331964267378,At-Risk
NHTC,2023,0.7455832802112741,0.012931427010290502,-0.10603655309968657,-0.07709902032224111,At-Risk
NHTC,2024,0.7398226380839327,0.013313781626050323,-0.02187869957198798,-0.02923566180502248,At-Risk
NI,2021,0.7158339456282146,0.11937709200751082,0.04654292244270244,0.04427062333682767,Distressed
NI,2022,0.6392677674084709,0.13743889515605237,0.1940974773450894,0.20694980694980694,Distressed
NI,2023,0.7214916264031678,0.12974534093798815,-0.05900249547055003,-0.10279377265941565,Distressed
NI,2024,0.7924511008047516,0.13939249509633186,-0.009136484179169542,-0.05143807939149037,Distressed
NINE,2021,0.11855966618873044,-0.1848067792535609,0.12407230473763958,-0.005212274694618645,Distressed
NINE,2022,0.2296817227351015,0.024255875641660853,0.6981961484635925,0.3782920007833016,Distressed
NINE,2023,0.19486617469968467,-0.052849263197960385,0.02720675719856686,0.07692447808988458,Distressed
NINE,2024,0.17573415820856733,-0.07414131643157242,-0.09092639198327881,-0.07851508057859627,Distressed
NIO,2021,0.18876890495407853,-0.11029674955093519,-0.6509892588799009,-0.47722532627691366,Distressed
NIO,2022,0.10440721010545656,-0.29551187822774344,0.30725121970550595,0.5316684610713693,Distressed
NIO,2023,0.05487071946895815,-0.37476768511297853,0.07376751856417656,0.15594541104668444,Distressed
NIO,2024,0.09877693603908938,-0.3394134619557657,0.16317350042682136,0.09818202988680569,Distressed
NJR,2021,0.37324545479416105,0.05466442055204156,0.10387895998706023,0.08320234884989729,Distressed
NJR,2022,0.3293303220704623,0.09460563892581468,0.34747356155230447,0.3378758772185715,At-Risk
NJR,2023,0.501301073767928,0.1348572639549586,-0.3244982155755427,-0.3774788918121355,Distressed
NJR,2024,0.6009521641333698,0.16129624795231276,-0.08479648944418577,-0.13981994789182992,Distressed
NKE,2022,0.4598372939413402,0.12943695140226932,0.048767344739323724,0.06473232094891093,At-Risk
NKE,2023,0.43524610969014194,0.09899056953745826,0.09648897452365661,0.13155988510053704,At-Risk
NKE,2024,0.445601806783225,0.11097698687745804,0.0028310912392369722,-0.005540594234250144,At-Risk
NKE,2025,0.42734673605562634,0.06951132609212032,-0.09838012538452552,-0.05424962819915207,At-Risk
NKTR,2021,0.7556890105684595,-5.140343646658228,-0.3335709381028676,0.028475875361508304,Distressed
NKTR,2022,0.7649774591276954,-3.999761012438216,-0.09667638140657658,-0.3936406269958577,Distressed
NKTR,2023,0.6253079159361754,-3.0631366370031734,-0.020998316223996522,-0.3218383886412813,Distressed
NKTR,2024,0.6882359515173682,-1.2086216180519573,0.09215285945718027,0.01330392683284002,Distressed
NL,2021,0.30358271490963323,0.36351240989951356,0.22942804508586745,0.16174006061686574,At-Risk
NLS,2021,0.38379716122770835,0.14753851753002548,-0.6270540755755031,-0.47722532627691366,At-Risk
NLS,2022,0.2518209297512951,-0.037327787710293214,1.8607739900521654,1.8793949013163034,Healthy
NLS,2023,0.18116768315008736,-0.3746552151004453,-0.5135598625354941,-0.4297470927868586,Distressed
NLSN,2021,0.6537142857142857,0.27514285714285713,0.04135673906575424,0.046418567426970786,Distressed
NLST,2021,0.34348635453619475,0.03393628604544976,2.013824787229538,1.1561224687155485,At-Risk
NLST,2022,0.07357226377623935,-0.20645025582014018,0.1354501071265498,0.5672688781643015,Distressed
NLST,2023,0.03457842641427643,-0.8727404089299906,-0.5718492671851123,-0.47722532627691366,Distressed
NLST,2024,0.019605310564706362,-0.36617200193062005,1.1256123112491871,0.8596334426971377,Distressed
NMRD,2022,-0.5044542404467389,-24.696043881430608,-0.6509892588799009,0.07652665475815537,Distressed
NMRK,2023,0.34063062669205557,0.017234274407699583,-0.08691800155755237,-0.02611201041012576,Distressed
NMRK,2024,0.34862271417000973,0.02236039995588829,0.10854010414642677,0.09458640860328096,Distressed
NMTC,2023,0.49666611786071485,-3.4671441582494884,0.18848406204333668,0.27256358866618186,Distressed
NMTC,2024,0.617502932507605,-1.0828214167121577,1.2181421565519905,0.008725810847020803,Distressed
NN,2021,-0.5044542404467389,-24.696043881430608,0.3409490333919156,0.4379119781609961,Distressed
NN,2022,-0.5044542404467389,-10.218033622007132,4.145478374836173,0.608214484163734,Distressed
NN,2023,-0.5044542404467389,-18.574572760227863,-0.0163015792154865,-0.029814862802683483,Distressed
NN,2024,-0.5044542404467389,-17.97124713353325,0.46789228379078196,-0.024098173346589306,Distressed
NNBR,2021,0.1834001976615632,-0.027691463700626487,0.11706671282283983,0.07640543392419848,Distressed
NNBR,2022,0.15565888302074435,-0.0523280760639855,0.04429377868605314,0.06831652239677098,Distressed
NNBR,2023,0.14326445520878042,-0.10249964232427902,-0.01898391540247585,-0.01684396822037974,Distressed
NNBR,2024,0.1496435417519223,-0.08243339292252687,-0.05105565434218325,-0.03763838504795783,Distressed
NNDM,2021,0.10692842847612694,-19.134373391785,2.0870844365989996,1.3893492940454266,Healthy
NNDM,2022,0.32202690624068936,-5.212178855453441,3.1582960068617174,0.8694735264521378,Healthy
NNDM,2023,0.4627268530028057,-0.9938026068118052,0.2906286526253065,0.06297706645288745,Healthy
NNDM,2024,0.4307918649935093,-1.71058416270013,0.02594381503711333,-0.21302785603852764,Healthy
NNN,2021,0.9609241100374859,0.3993807879054029,0.09948220094115012,0.05737879352146717,Distressed
NNN,2022,0.9650998495600192,0.43286294730115527,0.06421468956108628,0.048751999137450805,Distressed
NNN,2023,0.9650998495600192,0.47377706611794795,0.07122150745162363,0.06490181967718721,Distressed
NNN,2024,0.9628226572763688,0.4565173376158736,0.04969744394169381,0.0499953338546544,Distressed
NNOX,2022,-0.5044542404467389,-13.201562135695966,4.509057831645275,0.42015239948119326,Distressed
NNOX,2023,-0.5044542404467389,-6.135890964159516,0.15469806481697365,-0.18961127918260173,At-Risk
NNOX,2024,-0.5044542404467389,-4.743064787733759,0.13912165572942958,-0.04292395683655932,At-Risk
NOC,2021,0.2037737965065747,0.1964000336445454,-0.030761705481127204,-0.022545365674833506,At-Risk
NOC,2022,0.20419649199497295,0.13376318233976286,0.02621470827375445,0.031410176272034004,At-Risk
NOC,2023,0.1667345380503945,0.05232883685416136,0.07343860991202666,0.11369352443865337,At-Risk
NOC,2024,0.2037871956717764,0.10172300343625862,0.04436243318910664,-0.0024487796914537587,At-Risk
NOTE,2023,0.5618379886162312,-0.8704512043424177,0.16595613765217773,-0.002365215299735918,Distressed
NOTE,2024,0.6327557248100045,0.07913292202284936,-0.09332428662972596,-0.2354548513966256,Distressed
NOTV,2021,0.3365437196585012,0.12158919703141566,0.48183366683755313,0.49881949253919283,Distressed
NOTV,2022,0.28706341206888997,-0.6153826489621222,4.509057831645275,1.8793949013163034,Distressed
NOTV,2023,0.31784425907324104,-0.18367471721186182,0.045227295966811284,0.021587437380782226,Distressed
NOTV,2024,0.22653793564399813,-0.22098304801534013,-0.1427016639734463,-0.017655629274337125,Distressed
NOV,2021,0.1401158580738595,-0.04525706010137581,-0.09293924466338259,-0.14583333333333334,Distressed
NOVA,2021,0.593351864720871,-0.5713623879016513,0.5032458649421714,0.6385059868360817,Distressed
NOVT,2021,0.4249164889861671,0.07121038267215436,0.19669061313223493,0.1766614870273579,At-Risk
NOVT,2022,0.43962211770664056,0.0860154976809234,0.21804120867071405,0.20604623838877958,At-Risk
NOVT,2023,0.45357177693946205,0.08265979479664542,0.02411305338696694,0.006519430877043958,At-Risk
NOVT,2024,0.44408450926789184,0.06751365558944214,0.07665409193092138,0.08782201405152225,At-Risk
NOW,2021,0.7705223880597015,0.03900949796472185,0.30471343217526003,0.3053240740740741,Distressed
NOW,2022,0.7828847481021394,0.04485852311939269,0.22879918588873813,0.22184784536265295,Distressed
NOW,2023,0.7858655668264407,0.19295507747185375,0.23823326432022085,0.19143686502177068,Distressed
NOW,2024,0.791788055353241,0.12973415877640204,0.22438970014491139,0.17188451699354368,At-Risk
NPCE,2021,0.7399907044684948,-0.7985304207334617,0.09832758033934562,0.2718448393585414,Distressed
NPCE,2022,0.7138181019332162,-1.0343145869947277,0.007458557422039262,0.2523795705165409,Distressed
NPCE,2023,0.7355742040017731,-0.5037526176609957,0.43719244288224957,0.07276919155641032,Distressed
NPCE,2024,0.7394313318148825,-0.3396616023827998,0.22141208480457344,0.09700307791997408,Distressed
NPTN,2021,0.23283004178594435,-0.1402705579612042,-0.21789348615028978,-0.1247073943177124,Distressed
NR,2021,0.138633106748582,-0.04152047639728619,0.24796955087541234,0.12052137163721044,At-Risk
NR,2022,0.3108454710792619,0.19296036643816097,-0.6509892588799009,-0.47722532627691366,Distressed
NR,2023,0.3494086145785175,0.015550354445985515,0.07593539662060282,0.03445417684087905,At-Risk
NR,2024,0.35463862540174446,0.5635498732008526,0.04739270303590692,0.0023279987872750502,At-Risk
NRC,2021,0.6461738107790259,0.2532273544480041,0.10570211493909275,0.07188394983156486,At-Risk
NRC,2022,0.6236078855695133,0.20980681938139978,0.024426510942590265,0.07515048523811474,At-Risk
NRC,2023,0.6229977116704806,0.2084466280791493,-0.019713923783384355,0.0334206141394906,At-Risk
NRC,2024,0.6020341115615826,0.1732350062910667,-0.03715170278637771,-0.006163910259363339,At-Risk
NRDS,2021,0.9249209694415174,-0.11195995785036882,0.5474928658785161,0.64004914004914,At-Risk
NRDS,2022,0.9261458526628317,-0.01892744479495268,0.4196522655426765,0.3762796504369538,Healthy
NRDS,2023,0.9099099099099099,-0.019686353019686353,0.11226572647986639,0.08091436865021771,Healthy
NRDS,2024,0.9076497963932519,0.04421175101803374,0.14714714714714713,0.1383014434373951,Healthy
NRDY,2021,0.6680031848945004,-0.02686543820735938,0.35295475530932596,0.5972940518264809,Distressed
NRDY,2022,0.6942673592967141,-0.2176190329818953,0.15640817835409201,0.08271787927845577,Distressed
NRDY,2023,0.7055207110688266,-0.2077259965149768,0.18894046045553745,-0.009878725234146303,Distressed
NRDY,2024,0.6749373130562316,-0.2238594130294221,-0.016380643126386384,0.03733115511814161,Distressed
NRG,2021,0.24109822520286042,0.08103301344992404,1.968107335312878,1.8793949013163034,At-Risk
NRG,2022,0.12998129537456804,0.03870906381764575,0.1687354107228871,0.26059850374064836,At-Risk
NRG,2023,0.08118516462547272,-0.007008291989036533,-0.0862314935167866,0.01886148913673727,Distressed
NSC,2021,0.7242864835756596,0.26970023335128346,0.13821636530799877,0.0457669478288035,Distressed
NSC,2022,0.678775990584543,0.2565712043938799,0.14387004128522707,0.18536221060492905,Distressed
NSC,2023,0.6650213886146759,0.15029615004935834,-0.04621420164770498,0.03188004032258065,Distressed
NSC,2024,0.7221809783056999,0.21628309824300915,-0.0027147087857847976,-0.0787641958725119,Distressed
NSIT,2021,0.1534060687912491,0.0232452705897015,0.1313498739116313,0.1305229115705921,At-Risk
NSIT,2022,0.15689167229322135,0.02690085916363721,0.10545422675629255,0.09945412130398522,At-Risk
NSIT,2023,0.18194791975448568,0.03065757467436224,-0.1203458933883964,-0.1267295983212543,At-Risk
NSIT,2024,0.2029507344428639,0.02869451456485849,-0.051672871366545185,-0.053042256053663014,At-Risk
NSP,2021,0.16490859770725125,0.02495038276155373,0.16003390712954782,0.17286694694812105,Healthy
NSP,2022,0.17023067856541504,0.030139754167368246,0.19423213427520625,0.1852722886505751,Healthy
NSP,2023,0.15988282454517422,0.026364477335800184,0.09210304765111972,0.10159957813323958,Healthy
NSP,2024,0.15985412551284,0.013827685762042243,0.014646931853222325,0.03143449816499123,Healthy
NSTG,2021,0.5292139090877761,-0.7943894958127994,0.2367025810631116,0.23347925380910875,Distressed
NSTG,2022,0.48551020728890004,-1.2536578083009853,-0.12284522865906193,0.10316962153242457,Distressed
NSYS,2021,0.13774659627674354,0.062117949430397335,0.10625708412579486,0.0517952678773265,At-Risk
NSYS,2022,0.1526956599539229,0.014986243970087158,0.16458564879133092,0.16641442861364594,At-Risk
NSYS,2023,0.16581976861022593,0.049335400338759224,0.038837484995116425,0.02402303262955854,Healthy
NSYS,2024,0.1305050221254478,-0.010106686021555728,-0.080376367237964,-0.04215056343202453,At-Risk
NTAP,2022,0.6679328901551124,0.14830642608420386,0.09993036211699165,0.0631885262939098,Distressed
NTAP,2023,0.6615844074190507,0.20025149324111916,0.006964229186451409,0.017204301075268817,Distressed
NTAP,2024,0.7072431397574984,0.15730695596681557,-0.014775227915749764,-0.039015952335191235,Distressed
NTCT,2021,0.7496584168541625,0.04192969640300383,0.029223536657836932,0.016183304159478145,At-Risk
NTCT,2022,0.7560517424250708,0.06522257334368474,0.06890687549308944,0.03487615575364246,At-Risk
NTCT,2023,0.7740540475372383,-0.17810972264920943,-0.09302592588542749,-0.08293417189168993,At-Risk
NTCT,2024,0.7827402911706753,-0.4460087105663327,-0.008169219547775346,-0.030049867659406107,At-Risk
NTES,2021,0.5361594760690575,0.19241646682717164,0.27209231340814444,0.2878714151011525,At-Risk
NTES,2022,0.5468229817592486,0.21076148493922142,0.05610916219794678,0.035292021279598754,At-Risk
NTES,2023,0.6094956613948674,0.28430535812689073,0.01991403007186168,-0.06252765903875133,At-Risk
NTES,2024,0.6249768413465533,0.2820413356572463,0.001584077285550528,-0.016415932397186913,Healthy
NTGR,2021,0.3131970347743677,0.04228074786421739,-0.06941432534364987,-0.06627514076113586,At-Risk
NTGR,2022,0.2686718743297386,-0.07398291852195026,-0.20170057864534152,-0.12265269511092389,At-Risk
NTGR,2023,0.33620484855029426,-0.14141650018897467,-0.20550965605401555,-0.20415945329824695,At-Risk
NTGR,2024,0.422909378576019,0.01834929106698389,-0.09054721667296582,-0.1456515690134472,At-Risk
NTIC,2021,0.34646276967043066,0.1111845173717146,0.18588101003866794,0.12135919705575411,Healthy
NTIC,2022,0.31106981239875625,0.08528579648373917,0.312690331662655,0.29064686875613227,At-Risk
NTIC,2023,0.41291360549482575,0.03644766466200147,0.07745614854807023,0.01044734433930493,Healthy
NTIC,2024,0.4589509249153155,0.06359173189285804,0.06453535033348956,0.01343504903371848,Healthy
NTIP,2021,0.6628549224236032,0.39637514224652365,4.509057831645275,1.412411971830986,Healthy
NTIP,2024,0.72,-24.696043881430608,-0.6509892588799009,-0.2305624483043838,Healthy
NTNX,2022,0.796839060827583,-0.5054074023466658,0.13370396826079847,-0.008182448121178229,Distressed
NTNX,2023,0.8216823814546713,-0.13664752978562936,0.1784537663303804,0.014903061704764744,Distressed
NTNX,2024,0.84916716926903,-0.05806686100624716,0.1534820803104845,0.03439925219016978,Distressed
NTST,2021,0.90187690226581,0.0515049036185323,0.7534912681234619,0.7508853173522201,Distressed
NTST,2022,0.878530105215052,0.08430706592299463,0.627984443692932,0.5718203033838973,Distressed
NTST,2023,0.8755695386831431,0.05183275842462378,0.3700287705522492,0.24056271110946142,Distressed
NTST,2024,0.8929747395321408,-0.07333030273245528,0.23410029945794322,0.13712524684339655,Distressed
NTUS,2021,0.5780693564944089,0.02783257786658443,0.1389372696567585,0.022894544377273948,At-Risk
NTZ,2021,0.3693362447061514,0.008264385954778939,0.3539903331347835,0.30386022892891246,At-Risk
NTZ,2022,0.35969061813442843,-0.0011368142856918956,-0.02602230433263695,-0.0328978317253463,At-Risk
NTZ,2023,0.357339443075699,-0.04786229510432923,-0.2727540409620928,-0.23816621197457458,Distressed
NTZ,2024,0.3723848735790629,-0.04681734672053238,-0.036141822808621556,-0.0452491382016103,Distressed
NUAN,2021,0.6117152422343562,-0.01961715499137905,0.06121474506773683,0.0290438899836805,Distressed
NUE,2021,0.3021991128753943,0.1871360710256642,0.8115470977709751,0.46626556013685944,Healthy
NUE,2022,0.30119001734438233,0.18324821738292543,0.13781573859116472,0.14138954735139536,Healthy
NUE,2023,0.22512530967333064,0.1303508670853258,-0.16375987666216998,-0.08133909565890472,Healthy
NUE,2024,0.13346782065464957,0.06595301620355307,-0.11465114939217606,-0.025593315545569442,At-Risk
NURO,2021,0.7174731958941505,-0.2764232065138966,0.11866643625113937,0.1124495520316474,Distressed
NURO,2022,0.6964860896942167,-0.5349527553838247,0.00031259492193184144,0.2334138981410311,Distressed
NURO,2023,0.6688914965453259,-1.1064254819810468,-0.2852019355933505,0.004239704769385126,Distressed
NUS,2021,0.749515611894487,0.054630594483224756,0.04405031267259349,0.03675705675086152,Healthy
NUS,2022,0.7165266557006262,0.047077292613109195,-0.17435746005907996,-0.1425379708831454,Healthy
NUS,2023,0.68927917949593,0.004364869579525182,-0.11525934565897111,-0.0799707499039354,At-Risk
NUS,2024,0.6823289170733059,-0.08463446345558298,-0.12038152870479414,-0.11559997959047338,At-Risk
NUTX,2021,0.962252835298564,0.3999420977767014,0.20983997022126058,0.30497265263959655,Healthy
NUTX,2022,0.9447368551374973,-1.9370336318718644,-0.33854119136276695,0.4194973534692644,Distressed
NUTX,2023,0.5052252004877931,-0.1848889140143592,0.12928604721729528,0.11196201113457503,Distressed
NUTX,2024,0.7232789317198286,0.10854903333479182,0.938044628219313,0.3745028882693683,At-Risk
NUVA_delisted,2021,0.717048818775966,-0.05626573765483043,0.08414954758410101,0.08187606833335,Distressed
NUVA_delisted,2022,0.7200305838384881,0.03361809471671678,0.055271872925790264,0.033451045830261164,Distressed
NUZE,2021,-0.04157090508963699,-9.62911463361465,0.373114841023397,0.7778652180619317,Distressed
NUZE,2022,-0.03551214121361319,-3.794498967889097,0.6137574870501282,-0.2751008052633275,Distressed
NVAX,2023,0.6505375087043371,-0.554090911401284,-0.5036485706443201,-0.40980306159122337,Distressed
NVAX,2024,0.7027993350553094,-0.2748599306323131,-0.3065380373180984,-0.3993785382166098,Distressed
NVDA,2021,0.6492903321691313,0.3623393029649996,0.6140329835082459,0.3895248291196574,At-Risk
NVDA,2022,0.5692889449099132,0.16193371394676356,0.0022293230289068887,0.26812066615302554,At-Risk
NVDA,2023,0.7271757329043695,0.4884934834706674,1.2585452658115222,0.30625788661961956,Healthy
NVDA,2024,0.7498869705816992,0.5584802715771244,1.1420340763599357,0.7547048300536673,Healthy
NVEC,2021,0.7679217044373636,0.5375742812179359,0.26306558484817594,0.23608112223608496,Healthy
NVEC,2022,0.7892404195663508,0.5635498732008526,0.41748377087164656,0.18306181529204746,Healthy
NVEC,2023,0.7727656581313648,0.5635498732008526,-0.2208789438649317,-0.10576307694015818,Healthy
NVEC,2024,0.8362964215151685,0.5635498732008526,-0.13184342370242777,-0.12373889214069068,Healthy
NVEE,2021,0.5084349078683357,0.0667137395182721,0.07191003737319808,0.0409216204975188,At-Risk
NVEE,2022,0.49057548635066056,0.06351601086964812,0.11330312746743341,0.13131522285976813,At-Risk
NVEE,2023,0.49941107458290734,0.05177089582808716,0.09527592281431357,0.11199638518382941,At-Risk
NVGS,2021,0.7597230866879386,-0.07617576221274795,0.22251763184408788,0.18999793771911735,Distressed
NVGS,2022,0.7777716803998379,0.11286176212346347,0.16559445582942375,0.19431687549463056,Distressed
NVR,2021,0.2233671005386615,0.14201690534449393,0.1854692466893108,0.13640275874477578,Healthy
NVR,2022,0.2606703057409014,0.1665000934019619,0.19011346938513032,0.13117074876524287,Healthy
NVR,2023,0.25483621599314776,0.16819991091257544,-0.08695577918849906,-0.06712884476390546,Healthy
NVR,2024,0.2477661895027124,0.16116109948770233,0.10289967413870267,0.10585850772871346,Healthy
NVRO,2021,0.6876158230056474,-0.33951486799085046,0.06865664221318721,0.12459166862791245,Distressed
NVRO,2022,0.6800954806639351,0.007384986403848757,0.05029658443287112,0.05726196480404488,Distressed
NVRO,2023,0.682214810877429,-0.21688297026629097,0.04628597443185314,0.038165007591038025,Distressed
NVRO,2024,0.659770193724634,-0.2776842146490485,-0.039174549713764245,-0.040542859430828894,Distressed
NVST,2021,0.5685758699031448,0.13571684802104508,0.30055466279612253,0.1681692829868477,At-Risk
NVST,2022,0.574053170370947,0.09462457670001168,0.023994579297700186,0.0214282471512235,At-Risk
NVST,2023,0.5612702123514514,-0.03904149620105202,-0.001012027558288895,0.011911640517356327,At-Risk
NVST,2024,0.546761730263682,-0.4455508643352187,-0.021780635106175724,0.0519611718715685,Distressed
NVT,2021,0.3825751421608448,0.11084484159220147,0.23186230361252877,0.2108984307639248,At-Risk
NVT,2022,0.3585464685634613,0.1741972027362642,-0.06779041429731925,-0.057201177252444696,At-Risk
NVT,2023,0.40286260257034734,0.21248454419423732,0.1628687203171975,0.11082020039272947,At-Risk
NVT,2024,0.4022154951598417,0.11037556967499418,0.12634418674360223,0.12365152751337141,At-Risk
NVTA,2021,0.2427630421610211,-0.8231226476765071,0.6468250845857266,0.41210588833436307,Distressed
NVTA,2022,0.19183890080049892,-6.01641477969332,0.12130333652586932,-0.006617229175546686,Distressed
NVTS,2021,0.45020222446916075,-6.432633973710819,1.003207021689594,1.8793949013163034,Distressed
NVTS,2022,0.31486703739820254,0.5635498732008526,0.5985422986181328,0.7516586444646807,Healthy
NVTS,2023,0.3909585179218687,-1.8303589407974226,1.0940885011728119,0.22284936254486942,Distressed
NVTS,2024,0.34019591366353746,-1.0155698542652036,0.04840414820781313,0.07675567342146285,At-Risk
NWE,2021,0.6899052404839702,0.13614939999242157,0.14486555932825548,0.1394012879416,Distressed
NWE,2022,0.6670735676532662,0.12383503728760344,0.07689263988760606,0.10771405253343182,Distressed
NWL,2021,0.31759372934176977,0.05874020209651525,0.1282898241875333,0.11896348645465253,Distressed
NWL,2022,0.299608838143567,0.020826725869542234,-0.10671451506280102,-0.08863157894736842,Distressed
NWL,2023,0.28931513586622404,-0.04770687323250953,-0.14018395179194418,-0.10129360129360129,Distressed
NWL,2024,0.33605908731205486,-0.02848852545502506,-0.0677486782245174,-0.08533607505462022,Distressed
NWPX,2021,0.13277009897603753,0.03457110883763909,0.16580916172041957,0.21870846809197134,At-Risk
NWPX,2022,0.18759354549725235,0.06806069941988135,0.37307875780422606,0.3011935791932073,At-Risk
NWPX,2023,0.1747296643449494,0.04742154358564661,-0.02908240743775469,-0.005684956060884983,At-Risk
NWPX,2024,0.1936968579712028,0.06944703866425202,0.10845607678545308,0.08235626569743507,At-Risk
NX,2021,0.22441656896569415,0.05314559823308141,0.2590218337124357,0.24451102570612027,At-Risk
NX,2022,0.2198097096852891,0.0723175238354092,0.13930246635495627,0.12116355630958152,Healthy
NX,2023,0.24546981513077767,0.07297208608302089,-0.07443213355360859,-0.08137028573590303,Healthy
NX,2024,0.2391682356936821,0.025870555662505026,0.13026818906705656,0.19919363220450995,Distressed
NXPI,2021,0.5484045918828527,0.16912229955708216,0.28460287970274034,0.020702936928261917,Distressed
NXPI,2022,0.5692540704278682,0.21105641802347597,0.193618367531411,0.1097877358490566,At-Risk
NXPI,2023,0.5689213618559807,0.21068092799035854,0.005376751230594471,0.020082881734140898,At-Risk
NXPI,2024,0.5643729189789123,0.19898525447915016,-0.049864416993070204,-0.04770833333333333,At-Risk
NXST,2021,0.5993975903614458,0.17943201376936316,0.03259058494212783,0.08641202254226675,Distressed
NXST,2022,0.6152369986566878,0.18633659566302052,0.12112736660929432,0.08530259365994236,Distressed
NXST,2023,0.5635515913237381,0.07013987431583216,-0.0533486854730378,-0.007700477960701009,Distressed
NXST,2024,0.5892361753282782,0.1335306084705012,0.09608757348469492,0.014450093658014451,At-Risk
NXTD,2021,0.48045657029479305,-1.1682054137275415,-0.12415559369500637,0.08477014611749838,Healthy
NXTD,2022,0.47578815626961046,-0.5811249494607553,0.18901868517772946,0.4425314465469054,Distressed
NXTD,2023,0.5283537783737943,-1.465372875461913,-0.16673150683230167,-0.07330818179953923,Distressed
NXTD,2024,0.5329470741579443,-0.9092866916508777,-0.0027837898072526172,0.0074311349315511425,Distressed
NXU,2023,0.05132882243231453,-0.2882301789232981,1.3413080883209827,1.1747181417732326,Distressed
NXU,2024,0.13392064763306566,-2.9383752895084307,-0.6509892588799009,-0.47722532627691366,Distressed
NYT,2021,0.4989736741021275,0.10601640482785245,0.16328304101895058,0.12170652545161918,At-Risk
NYT,2022,0.47627171437594684,0.07533830866677554,0.1125098017858408,0.13841948916590682,At-Risk
NYT,2023,0.4851678707681959,0.09578418829488013,0.051046193315401105,0.040272164257345866,At-Risk
NYT,2024,0.4935982140198514,0.11362498206633696,0.06585201586710149,0.04297256615865338,Healthy
OAS,2022,0.5923241071472641,0.5089837813707053,1.30820557418512,1.085427424850458,At-Risk
OAS,2023,0.7583703502580813,0.2627337237379579,0.06851141029627668,0.25158786407108985,At-Risk
OAS,2024,0.6800819335900677,0.16160993105801813,0.3475919388006234,0.6056077188327373,At-Risk
OB,2021,0.23656252769217137,0.010825792857635162,0.3239139559560029,0.29606256564041933,At-Risk
OB,2022,0.1941906011801444,-0.02477718575682252,-0.023185608932386793,0.02502971233566479,At-Risk
OB,2023,0.19747215804782553,0.010944435777042117,-0.056713053961265296,-0.06431987908077523,At-Risk
OB,2024,0.21587526337968815,-0.0007989886219974716,-0.04909394775479847,-0.04163566955878539,At-Risk
OC,2021,0.2608849140974347,0.11708637326429748,0.20453579021970233,0.1408225316050568,At-Risk
OC,2022,0.2680053273230202,0.12713861284704436,0.14862320546010827,0.1297517183335671,At-Risk
OC,2023,0.29025322503583373,0.14285714285714285,-0.14230099375064031,-0.15569903153712442,At-Risk
OC,2024,0.30869962440361387,0.0656786113084966,0.17666029622551363,0.16176470588235295,At-Risk
OCC,2021,0.27519612574978064,0.11178441449171637,0.06980961477927689,0.005532172883929976,At-Risk
OCC,2022,0.29691765819794574,-0.0050245324707647795,0.16813649161038058,0.12155606701620972,At-Risk
OCC,2023,0.3088945133405286,0.02863226509271681,0.04479620751020462,0.03754329345386588,At-Risk
OCUL,2021,0.8987638435733651,-0.15056752906575985,1.5008331896799403,0.5147538940809969,Distressed
OCUL,2022,0.9118343884724434,-1.3795393638093758,0.18317172924038416,0.07065704719518917,Distressed
OCUL,2023,0.9096384511404274,-1.381448590934757,0.134947760904183,0.0820373728370778,Distressed
OCUL,2024,0.9117116268851121,-3.0366743561979193,0.09034443817052512,0.6723167051304811,Distressed
OCX,2021,0.6460418562329391,-24.696043881430608,0.8075657894736842,-0.17975212525402867,Distressed
OCX,2022,-0.018789144050104383,-24.696043881430608,-0.5641492265696088,0.09187981993928185,Distressed
OCX,2023,0.27478376580172986,-18.483699268130405,0.5688935281837161,-0.22144455097475232,Distressed
OCX,2024,0.3934077618288145,-24.696043881430608,0.25149700598802394,0.031484750215508395,Distressed
ODFL,2021,0.5304735549227522,0.19678661605592346,0.30913054101126014,0.24337801982918347,Healthy
ODFL,2022,0.566006136985216,0.21999074452279102,0.19096011512219177,0.13955633594723144,Healthy
ODFL,2023,0.5517204463846147,0.21129728653468235,-0.06292654227735538,-0.041648946327638076,Healthy
ODFL,2024,0.5375061265974297,0.203974506475706,-0.008752245083318674,0.0061106730530477785,Healthy
ODP,2021,0.22008269344359127,-0.024571766095688126,-0.04587466185752931,-0.04917268701934281,At-Risk
ODP,2022,0.21746817538896746,0.019566242338519568,0.002244536326048435,-0.00428921568627451,At-Risk
ODP,2023,0.22510545826409306,0.017768119647194172,-0.0779113625648279,-0.08036923076923078,At-Risk
ODP,2024,0.2067238912732475,-0.00042918454935622315,-0.10648088968426435,-0.08766059957173447,At-Risk
OEG,2021,0.05205671022809471,-0.738450595553841,2.8603806953041375,1.8793949013163034,Distressed
OEG,2022,-0.018934444799622613,-0.8571459606414311,2.884566234267252,1.8793949013163034,Distressed
OESX,2021,0.2578226634714139,0.22367339952071208,-0.2254095371947945,-0.20131270374861143,At-Risk
OESX,2022,0.27264175972600757,0.048969714510825435,0.06455837042108867,0.0497800079997091,At-Risk
OESX,2023,0.22629001201814353,-0.443779641523332,-0.3778651423426031,-0.19810356771735366,Distressed
OFIX,2021,0.7525959192988273,-0.08262806284030064,0.142455517239683,0.10132171380045339,At-Risk
OFIX,2022,0.731841732271501,-0.04286616613813806,-0.008108009188790021,0.05751022613937426,At-Risk
OFIX,2023,0.6512808699227607,-0.20276813086878434,0.6206206466932775,0.8093501043863021,Distressed
OFIX,2024,0.6827906755673298,-0.1575965207863503,0.07078368318910963,-0.012881833858786627,Distressed
OFLX,2021,0.6271084754366938,0.20148295144257025,0.22888388975008506,0.19971444094866256,Healthy
OFLX,2022,0.6240088614756907,0.18824260680389204,-0.03479705563375407,-0.0050342815616804815,Healthy
OFLX,2023,0.6133315390481316,0.18627371820750907,-0.1117406583948935,-0.09320320521641562,Healthy
OGN,2022,0.6284418529316489,0.14852607709750568,-0.020621827411167512,0.01822738664843928,Distressed
OGN,2023,0.5984352546702858,0.16334025227526744,0.014415289925494007,0.10449765048109197,Distressed
OGN,2024,0.5801967827580822,0.13493674839918787,0.02235350471020278,-0.0038492706645056724,Distressed
OGS,2021,0.5714877333092999,0.1141404082833268,0.18188251992461452,0.2213870448142738,Distressed
OI,2021,0.1716218341985213,0.02343872896020135,0.043670989985224104,0.03287475433267822,Distressed
OI,2022,0.17692532088681448,0.08518086347724621,0.07849614598080856,0.0755924580522401,Distressed
OI,2023,0.21055594651653764,-0.014496833216045038,0.03631855309218203,0.0036989385654551303,Distressed
OI,2024,0.16000612463634972,-0.01623028632674935,-0.08078817733990148,-0.03685306841852267,Distressed
OII,2021,0.14126599884982147,-0.02637760629120916,0.022641418598175273,-0.016221930768432435,At-Risk
OII,2022,0.1487727507690878,0.012555636653688813,0.10528627409022215,0.06873279562016665,At-Risk
OII,2023,0.16454407255972478,0.04017105578985659,0.1735757113457149,0.14737822476333878,At-Risk
OII,2024,0.18243691381318153,0.05541491101064536,0.09751903942168659,0.07645300970233282,At-Risk
OIS,2021,0.17929517186270524,-0.11164925736398673,-0.10173412216432237,-0.15933557232143805,At-Risk
OIS,2022,0.21573635025335297,-0.012931981033094484,0.28708338494768487,0.15938162190136435,At-Risk
OIS,2023,0.22420914170447268,0.016478691215327447,0.06042651137444999,0.033094674612582184,At-Risk
OIS,2024,0.22580090905415628,-0.016254974097154443,-0.11465799461320264,-0.11776282769895102,At-Risk
OKTA,2021,0.6953846153846154,-0.6523076923076923,0.5568862275449101,0.9903753609239654,Distressed
OKTA,2022,0.7061356297093649,-0.4386437029063509,0.42923076923076925,0.27707930367504835,Distressed
OKTA,2023,0.7432611577551922,-0.15687140963323024,0.21797631862217437,0.03104884513441878,Distressed
OKTA,2024,0.7632183908045977,0.010727969348659003,0.15333627927529828,-0.01836210062431142,Distressed
OLED,2024,0.7707817392432113,0.34288171392222133,0.12361453015028737,0.14375621634598895,Healthy
OLLI,2021,0.38861833604773544,0.08982056423435321,-0.030863197629837337,0.011155074605520331,At-Risk
OLLI,2022,0.3591082474142164,0.0562613539396905,0.0422214552808194,0.09538085369248187,At-Risk
OLN,2021,0.2574686328642291,0.14552330931699325,0.5475164987843001,0.21334920470620708,At-Risk
OLN,2022,0.2327062136046586,0.14151788571062904,0.05225237357753686,0.07889610851236262,At-Risk
OLN,2023,0.1705692960632226,0.06734962681106395,-0.2712399479533286,-0.19952030784639307,At-Risk
OLN,2024,0.11276585984923777,0.016605250684240302,-0.042865505634421194,0.022537947384017647,At-Risk
OLO,2021,0.7899617053184083,-0.2830124256868941,0.5175973339835812,1.1540890816115827,Healthy
OLO,2022,0.6846562102220017,-0.24793424090095142,0.24125649402817204,0.3367692168892097,Healthy
OLO,2023,0.6087284100416577,-0.25532110614177644,0.23130568919764408,0.25080145780957364,Healthy
OLO,2024,0.5489720570790839,-0.0031480532607093474,0.24814599038937488,0.017394823370710733,Healthy
OLPX,2022,0.737714298696246,0.34655829975265307,0.17699731769070717,0.28639610008667316,At-Risk
OLPX,2023,0.6952476543748636,0.13438140955705868,-0.3492589531915135,0.030004707543839004,At-Risk
OLPX,2024,0.6915324011640287,0.04618733290746918,-0.0777438359153393,0.016156399430983952,Distressed
OM,2021,0.07415060135280015,-1.2858911132336601,1.0547111244618004,0.3925819285313198,Distressed
OM,2022,0.15456554712892742,-1.4124030335861322,0.12449075066762831,0.1856246327014726,Distressed
OM,2023,0.22243357673191386,-1.3253743020187765,0.13001950162513543,0.08593529526690159,Distressed
OM,2024,0.33920607974386263,-1.1256673908645516,-0.12799134810087745,-0.24348816909104237,Distressed
OMC,2021,0.19169454280795556,0.098520581689924,0.08490558875112937,0.07504604051565378,Distressed
OMC,2022,0.19557564857128862,0.09213316444002771,-2.099458339748345e-05,-0.0040849942348871685,Distressed
OMC,2023,0.1920883189719715,0.09470331196144893,0.028210314155545136,0.03162316827098012,Distressed
OMC,2024,0.19008101165777513,0.09437125137834547,0.06785232980765304,0.0706945201526277,Distressed
OMCL,2021,0.48996835739361033,0.06877010789581084,0.26878261571292794,0.21691712910975133,At-Risk
OMCL,2022,0.4544838639234475,0.0043582029203354765,0.14481130158707722,0.24532978548907397,At-Risk
OMCL,2023,0.43312248498838823,-0.01775851006702048,-0.11484651764308262,-0.0895730472089781,At-Risk
OMCL,2024,0.42347321346690187,0.011266473542533163,-0.030401564973603273,-0.05928949728421801,At-Risk
OMEX,2021,-0.5044542404467389,-10.833209224977693,-0.5480432039530361,0.07825085773528483,Distressed
OMEX,2022,-0.5044542404467389,-17.372333299867687,0.4488134445170521,0.158537725377659,Distressed
OMEX,2023,-0.5044542404467389,0.5635498732008526,-0.39776894018290226,-0.3925413732823129,Distressed
OMI,2021,0.15464285002577843,0.02264505537123741,0.15390457062393864,0.1340872584622059,Healthy
OMI,2022,0.1834519196723411,0.0022489132864077304,0.01738932267382297,0.03593444004196101,At-Risk
OMI,2023,0.20564813106138233,-0.003996625884328835,0.03801847727004488,0.03622410587875863,At-Risk
OMI,2024,0.20738054981070253,-0.03389309087857516,0.035505822691324636,0.037444306902927875,At-Risk
OMIC,2023,-0.19168670559945036,-24.696043881430608,2.8052287581699344,0.1215889317998557,Distressed
ON,2021,0.40272708388972966,0.14979672987329,0.2825499524262607,0.11118228025951486,At-Risk
ON,2022,0.48968316879248636,0.22845956138454518,0.23537790438885428,0.034139719965042115,At-Risk
ON,2023,0.47055616139585604,0.26459469283896764,-0.008791525545867263,0.014007012496628607,At-Risk
ON,2024,0.4541038928031854,0.22207474972819563,-0.1418514479583182,-0.08133844025960209,At-Risk
ONEM,2021,0.48879940319100296,-0.40852698876170157,0.6393405974914721,0.9194719895832872,Distressed
ONEM,2022,0.5777339517018365,-0.38051565352872707,0.6773974635617626,0.6904057342013546,Distressed
ONEW,2023,0.2763638053824026,-0.019930692915907062,0.10974643831863651,0.17345324527714173,At-Risk
ONEW,2024,0.2454336212294726,-0.0032183817265870485,-0.08453191895925756,-0.04572332862308159,At-Risk
ONL,2023,0.6883578324557401,-0.2937946380504612,-0.06283454578652495,-0.09665028688563848,Distressed
ONL,2024,0.6048149361283983,-0.624837743082093,-0.15473156925979667,-0.013514373270276861,Distressed
ONTF,2021,0.7673773285595713,-0.1191279535196672,0.297385641737978,0.681764348843062,At-Risk
ONTF,2022,0.723453413806111,-0.3049582966595415,-0.0625745900310884,0.10234019797273804,Distressed
ONTF,2023,0.717405380311286,-0.31633151709140667,-0.14231526887128546,-0.0988041763989539,Distressed
ONTF,2024,0.7433026519269859,-0.2846820321310634,-0.09545654457937303,-0.11949457044247239,Distressed
OOMA,2021,0.6159342659524676,-0.009106037755473504,0.13816759101966888,0.1310140808981959,Distressed
OOMA,2022,0.6367728355654245,-0.016908380172553375,0.12416142285090229,0.14263206672845227,Distressed
OOMA,2023,0.621922217481847,-0.0035271208133920763,0.09516804293016909,0.08478654662448969,Distressed
OOMA,2024,0.6074237303972716,-0.02686761247722424,0.08496770678009774,0.095763859465477,At-Risk
OPAD,2024,0.07857369079220172,-0.06765097369558096,-0.3009657550296254,-0.3199584162951738,At-Risk
OPCH,2021,0.2267192843682386,0.040684107670474375,0.133887971087611,0.11155379031471445,At-Risk
OPCH,2022,0.2197658397839145,0.038166315354516846,0.1471788265128074,0.14061984747208803,At-Risk
OPCH,2023,0.22806813247909735,0.06208040119712044,0.090649688762363,0.07645422977003129,At-Risk
OPCH,2024,0.20267148066444693,0.042379839790388625,0.16174467566831321,0.1726897690389693,At-Risk
OPEN,2021,0.0910110958733325,-0.08228400448821843,2.105303910181959,1.8793949013163034,Distressed
OPEN,2022,0.042847048243078306,-0.08665767328322733,0.9407804513152973,0.9118640121085109,At-Risk
OPEN,2023,0.0701122948459545,-0.03930319608407717,-0.5537997045031156,-0.47722532627691366,At-Risk
OPEN,2024,0.0840287211333204,-0.07568406753347565,-0.2581341779441405,-0.2544411041268106,Distressed
OPFI,2021,0.8017369089369936,0.09657304389889951,-0.09073790264385906,0.4845123909022011,At-Risk
OPGN,2021,0.3384980275339402,-8.083014729805708,0.02173241955457438,0.06610102997538135,Distressed
OPGN,2022,-0.3132359884370495,-14.299594637043095,-0.3945020367944402,-0.09421168065078554,Distressed
OPGN,2023,-0.02653174658896768,-9.556896370146738,0.3110609356140641,-0.23037665179552896,Distressed
OPGN,2024,0.9650998495600192,0.5635498732008526,0.5200885230171546,-0.47722532627691366,Distressed
OPI,2021,0.9561981119965585,-0.014189515023886263,-0.019453360071710557,-0.009620212741371956,Distressed
OPI,2022,0.9512786973975013,-0.011021604799061838,-0.03852158436863597,-0.06042664584915507,Distressed
OPI,2023,0.9498119212149496,-0.1301314021287482,-0.03738577420955302,-0.025819969158728688,Distressed
OPI,2024,0.9452825715816797,-0.27114082461616923,-0.05917687652398169,-0.042588596842937164,Distressed
OPK,2021,0.32767121311667546,-0.0169846702405678,0.23638144561878707,0.29492258744376443,At-Risk
OPK,2022,0.28701468637596644,-0.32703277049500296,-0.43416587874806023,-0.30117668494879496,Distressed
OPK,2023,0.3684178831377136,-0.21871927457599638,-0.14011308549327023,-0.18296756030456204,Distressed
OPK,2024,0.3064046150696495,-0.07463310252376104,-0.17412144830022178,-0.03411671652544364,Distressed
OPRX,2021,0.5814440105802009,0.006168428363894772,0.4150980288443812,0.34066707647722455,Healthy
OPRX,2022,0.6239667359678013,-0.18316111171924054,0.018885771492342354,0.2266380518004005,Healthy
OPRX,2023,0.5998154414026453,-0.24560275160090603,0.14526535370063767,0.19136921214777014,Distressed
OPRX,2024,0.6445233210676566,-0.21828562744906488,0.28809317412824026,0.10444274740577691,Distressed
OPTN,2023,0.8783861833856903,-0.49985208559313676,-0.06934029052388693,-0.29081045909875014,Distressed
OPTN,2024,0.9075627029376422,-0.27536880321120855,0.1019764182174201,0.008641382621219395,Distressed
OPTT,2022,-0.05741898806139852,-10.72996020466174,0.45854063018242125,0.5794026219759427,Healthy
OPTT,2023,0.08638360175695461,-9.636163982430453,0.5531552018192155,0.3193564949512237,Distressed
OPTT,2024,0.5114932126696833,-4.974298642533936,1.0223279648609078,0.13270203658062005,Distressed
OPTT,2025,0.283228118068589,-3.6701927998635044,0.06081447963800905,-0.21132043060009162,Distressed
ORA,2021,0.3986493415615518,0.09364122795905194,-0.059911362147724086,0.004880640059919118,Distressed
ORA,2022,0.3661659122887549,0.08968220780512123,0.10718853116648872,0.10968207126610455,Distressed
ORA,2023,0.3183148787592353,0.1499823974227898,0.1297607194081936,0.2030116083813974,Distressed
ORA,2024,0.30991617158564616,0.14066098716086098,0.060560099538957156,0.06503961426538371,Distressed
ORCL,2022,0.7908341187558907,0.15827049952874647,0.048444872650016055,0.07745880066404827,Distressed
ORCL,2023,0.728470192577171,0.17021659927132962,0.17704995287464656,0.35967681322810974,Distressed
ORCL,2024,0.7140726194747078,0.19763599629916354,0.06019537974936942,0.019595920510765318,Distressed
ORCL,2025,0.70509939197547,0.21678078015296434,0.08379751137629576,0.0666034155597723,Distressed
ORGN,2024,0.013362316987404898,-2.6755642222364298,0.08599201527512584,0.20567113171699308,Healthy
ORGO,2021,0.7556503672765476,0.2015623963591158,0.38150092521977663,0.2681114769671179,At-Risk
ORGO,2022,0.7670866480517551,0.03444719700682867,-0.035232016501233525,0.0846482647966169,At-Risk
ORGO,2023,0.7541649351249019,0.01141663203583137,-0.03937297762440313,-0.018605237185275403,At-Risk
ORGO,2024,0.7598948641511234,0.0017861477088143589,0.11290344923119545,0.09488487096275691,At-Risk
ORLY,2021,0.5267241280345102,0.1624216670369519,0.1484830056771976,0.1333932560978544,At-Risk
ORLY,2022,0.51226771113668,0.15077523306957874,0.08120741954099185,0.10037793954984417,At-Risk
ORLY,2023,0.5125648152539961,0.14840272573479424,0.0973215562122047,0.10217959805572391,At-Risk
ORLY,2024,0.5119849029944616,0.1428424454434183,0.056679409951145475,0.06585270849368527,At-Risk
ORN,2021,0.06812391911666889,-0.024211786617001463,-0.15294488845567666,-0.10153812824956672,At-Risk
ORN,2022,0.067807708446364,-0.016853707361269614,0.24438273247306105,0.22380343838159766,At-Risk
ORN,2023,0.0866323488503438,-0.02511316730778417,-0.04883459259516625,-0.05431210447090719,At-Risk
ORN,2024,0.11446595529348538,-0.002064304854129991,0.11887976307219386,0.09416742016714516,At-Risk
ORTX,2021,0.8650746268656716,-24.696043881430608,-0.35452793834296725,-0.10944834025806371,Distressed
ORTX,2022,0.7011255793423086,-6.650187596557052,4.509057831645275,0.053726743040504406,Distressed
OSA,2022,0.529366266178518,-0.3684319084205641,0.37786739832730465,0.6334706324279905,Distressed
OSA,2023,0.5066902936496456,-0.8713655431795169,0.4258753158356108,0.5147725800181417,Distressed
OSG,2023,0.5693682489028948,0.13821201183523615,-0.03198157669237361,-0.1205647049495923,Distressed
OSIS,2022,0.35870020858053675,0.0974843564597426,0.03168012611365226,0.03183585317403985,At-Risk
OSIS,2023,0.336749771398758,0.07178978541598387,0.08044971586395275,0.07745850115518362,At-Risk
OSIS,2024,0.34473127028421624,0.08328405116334082,0.20363384064948567,0.18292294171623008,At-Risk
OSIS,2025,0.34274670405553226,0.08734530103912873,0.1133433587347718,0.10943225147509204,At-Risk
OSK,2021,0.1639073061662337,0.06577229782999237,0.12841267063353168,0.12134337727558067,At-Risk
OSK,2022,0.13964290898533896,0.03237044563797358,-0.6509892588799009,-0.47722532627691366,At-Risk
OSPN,2021,0.6664226668096475,-0.14259538140907585,-0.0056098770926927876,0.08897980982036578,At-Risk
OSPN,2022,0.6783832406418089,-0.06590687013141193,0.021097439866468358,-0.03240942774376686,At-Risk
OSPN,2023,0.6708250746471804,-0.12674708429389298,0.07351396765385423,0.059511792827658484,At-Risk
OSPN,2024,0.7178909363061777,0.2347324398899576,0.034337702993543336,-0.21379517241938492,At-Risk
OSS,2021,0.3168541842335652,0.037636234484715134,0.1943663278902549,0.15128933632970806,Healthy
OSS,2022,0.28165189420329045,-0.03077897821422676,0.1684234694582165,0.17627502991321817,Healthy
OSS,2023,0.2948368860845013,-0.11028783664927402,-0.15913192443470914,-0.10816554219561321,Healthy
OSS,2024,0.02536458506599404,-0.5551707739573202,-0.596714273822973,-0.3634621392826827,Distressed
OSUR,2021,0.5032652327601701,-0.09841916516172103,0.3607770744405169,0.37824232992690887,At-Risk
OSUR,2022,0.38308656727203283,-0.04421658980228606,0.658203308883316,0.6008364482743159,Healthy
OSUR,2023,0.4233387262252387,0.13232726304159104,0.04643606492222804,-0.07808067793502783,Healthy
OSUR,2024,0.42722532247735795,-0.10493631173080338,-0.5417020164154368,-0.4208524601030774,Healthy
OSW,2022,0.15298237649173743,0.09731464378618933,2.7926488047711953,1.7085434823627805,Distressed
OSW,2023,0.15999093250382534,-0.003745379669917952,0.4536053410561657,0.38903187785834115,At-Risk
OSW,2024,0.16699533752914741,0.08141056223387437,0.12716407760265477,0.10686498297512416,At-Risk
OTEX,2022,0.6959792709691675,0.11365418719324617,0.031814926545613485,0.060047725257465205,Distressed
OTEX,2023,0.7064452907259341,0.03352946947366543,0.28368066805501335,0.35591025330829584,Distressed
OTEX,2024,0.7264012595724089,0.08061076227945307,0.28642201303015846,0.2494145984936554,Distressed
OTEX,2025,0.7225221320697585,0.08433317435456393,-0.10419689346376693,-0.13004775249005357,Distressed
OTIS,2021,0.2932577982934676,0.08714505525248287,0.12088428974600188,0.10485840948158871,At-Risk
OTIS,2022,0.2864450127877238,0.09156010230179028,-0.04287312910896629,-0.043727481166066166,At-Risk
OTIS,2023,0.29509465831515236,0.09895136885072842,0.03829009864815491,0.03134098304504196,At-Risk
OTIS,2024,0.29850641609985273,0.11534955472968235,0.0036596523330283625,-0.002241780139488542,At-Risk
OTLY,2021,0.24100654549977457,-0.3302181315008007,0.5264945378081457,0.8293179120663302,At-Risk
OTLY,2022,0.11080419473913032,-0.5435424333806862,0.12289992070772245,0.30491298619612034,Distressed
OTLY,2023,0.19414487558530819,-0.5321696104413364,0.08461199770712702,0.10922418873516285,Distressed
OTLY,2024,0.2871212360349948,-0.24518312034246892,0.05146882356245245,-0.1858670063529943,Distressed
OTRK,2021,0.6289921909357803,-0.4414914480643743,0.0156451827082101,0.05525777414075286,Distressed
OTRK,2022,0.4859446052087639,-3.5533278214138075,-0.6509892588799009,-0.44071460421473024,Distressed
OTRK,2023,0.690575217766617,-2.1910068272777212,-0.12202011850626981,-0.42080177478898384,Distressed
OTRK,2024,0.629172044993546,-2.350082979900424,-0.1488660441026446,-0.15177449278831767,Distressed
OTTR,2021,0.35263827198866354,0.1476959403230496,0.3446068843408714,0.2729052729267305,Distressed
OTTR,2022,0.39143095269238853,0.1946187155400357,0.22004956368582707,0.12594716125552072,At-Risk
OTTR,2023,0.42674289153447387,0.21805396815514178,-0.07604596328333821,-0.10109993964601686,At-Risk
OTTR,2024,0.44546081764806683,0.2267201183271855,-0.013799636219709064,-0.020778639462863686,At-Risk
OUST,2021,0.27059384120555124,-2.798886175472035,0.7762378332628015,0.8861687374409193,Distressed
OUST,2022,0.2663969387506398,-3.3771234980136002,0.22190124486270774,0.398865614308865,Distressed
OUST,2023,0.09983309117544639,-4.492248946312996,1.0297594384459772,0.5542659773024693,Distressed
OUST,2024,0.36417313975571775,-0.873484487088325,0.33408182134751857,-0.25713950503112537,Distressed
OUT,2021,0.46444429264294007,0.024318600997335883,0.18409771091159105,0.1074507126397542,Distressed
OVV,2021,0.4386694386694387,0.16354816354816354,0.42237555446032526,0.21140425531914894,Distressed
OVV,2022,0.4980744544287548,0.29180038510911427,0.4395934395934396,0.20739075453140368,At-Risk
OVV,2023,0.5476431131121934,0.19158320316089314,-0.12684531450577663,-0.06900965902478762,At-Risk
OWL,2023,0.4972060651140443,0.03138296889365261,0.26420397715740856,0.03030669615691533,Distressed
OWL,2024,0.5567347600250411,0.0477401372380825,0.3256042938124564,0.19442605418618863,Distressed
OXM,2021,0.6183617770749659,0.11498416484323765,0.5251451258157693,0.20233923888553734,At-Risk
OXM,2022,0.6297112065789697,0.11741531163391729,0.23592851282617053,0.22136321187495905,At-Risk
OXM,2023,0.6335353728185303,0.038628040535166004,0.11331479077992077,0.15437215050211528,At-Risk
OXM,2024,0.6294147241100329,0.061303533361774125,-0.034918786490399145,0.01502162131540684,At-Risk
PAAS,2021,0.22534864492420761,0.06036564079007809,0.21955136344759385,0.16571355377237904,At-Risk
PAAS,2022,0.032355267013577146,-0.2275098045250007,-0.08453958046241004,0.17100773135303257,Distressed
PACB,2021,0.4509895565958947,-1.3885436699792357,0.6543039306402343,0.6841955935791529,Distressed
PACB,2022,0.4110549943883277,-2.4492455418381343,-0.016925516998306682,0.3911609584159442,Distressed
PACB,2023,0.2803496890599987,-1.5296901571406487,0.5628585235066716,0.18171571755259444,Distressed
PACB,2024,0.24854883322295376,-2.011836586284364,-0.23193082021334424,-0.12566952409104346,Distressed
PACK,2021,0.3878614222453764,-0.0072935660328210476,0.2873910127431254,0.30742173760112557,Distressed
PACK,2022,0.30505359877488514,-0.12679938744257274,-0.14951810367283147,-0.007263922518159807,Distressed
PACK,2023,0.3666369313113292,-0.08058281296461493,0.03001531393568147,-0.06829268292682927,Distressed
PACK,2024,0.378964489021415,-0.05828137706695581,0.09693725840023788,0.11023851076207097,Distressed
PAG,2021,0.17377625250932313,0.04648068652733157,0.2499914399894345,0.22721561952237657,At-Risk
PAG,2022,0.1739649395285963,0.04961387462789594,0.0884416565250228,0.08679229705463477,At-Risk
PAHC,2022,0.302888477820901,0.052188300269245994,0.13069058618827623,0.13816148570434103,At-Risk
PAHC,2023,0.30498042211334825,0.03334325265955543,0.037811179704986195,0.04954041296226579,At-Risk
PAHC,2024,0.30765300256760725,0.0023740295319054435,0.04068968972961144,0.0643700843890239,At-Risk
PAHC,2025,0.30854603595854085,0.037234563710495557,0.27369730533891334,0.22956684405473451,At-Risk
PANL,2021,0.6941626723495248,0.09361707590623997,0.8754554889032515,0.772357284171002,At-Risk
PANL,2022,0.6254309443674406,0.11360672921527518,-0.025619509234916415,-0.07565159622133731,At-Risk
PANL,2023,0.5444636034774073,0.052723805155050305,-0.286461474484861,-0.23348683066456918,At-Risk
PANL,2024,0.5573847793997048,0.05387150163269566,0.07464563799637851,0.07766600181510706,At-Risk
PANW,2022,0.6875942924656911,-0.048532218485867494,0.29261530509151573,0.2478180781544669,Distressed
PANW,2023,0.722938761298185,0.06379212790343407,0.2528764882304826,0.14324376570655326,Distressed
PANW,2024,0.7434817813765182,0.32109623170351914,0.1646379502952399,0.1288468041934393,Distressed
PAR,2024,0.41751861524306966,-0.014249304249932853,0.2647787968805337,0.2011537580905471,Distressed
PARR,2021,0.017311137857479977,-0.017260183406300814,0.5072911833132259,0.4214100739829725,At-Risk
PARR,2022,0.08366334165780612,0.04974046629339703,0.5544897346950344,0.44027350038955004,At-Risk
PARR,2023,0.11033332908160941,0.08851384634634178,0.12430985067165999,0.09656408424211421,Healthy
PARR,2024,0.036244097873999445,-0.00417859172104132,-0.03128029732912777,0.051914593849379034,At-Risk
PATH,2021,0.8107395668488274,-0.5890555582951902,0.4683819282045543,0.9404790756108228,Distressed
PATH,2022,0.829912873932179,-0.3101812709655662,0.18641482451146088,0.009809086719906287,Distressed
PATH,2023,0.8502192539860192,-0.06871410748032218,0.23568437370404344,0.046861672485755554,Distressed
PATH,2024,0.8272727018376346,-0.051546377330617545,0.09295512785228947,0.08109834925773633,Distressed
PATK,2021,0.19646295375386333,0.05515201716881326,0.6400293252183606,0.6824722867370049,At-Risk
PATK,2022,0.21711712228423852,0.06722748978260798,0.19709707382766253,0.13318448467413416,Healthy
PATK,2023,0.2255544550315812,0.04120390594701049,-0.2896075521848996,-0.2744117711138624,At-Risk
PATK,2024,0.224962678463152,0.03724779535821544,0.07140564785059017,0.07764487630894239,At-Risk
PAY,2021,0.3068840323216796,0.02351311172014846,0.31069334950475036,0.35932928400255526,Healthy
PAY,2022,0.30116237190669637,-0.0010321910821104988,0.2565634449489791,0.2981324207908067,Healthy
PAY,2023,0.29673713160507087,0.03632605900828329,0.2363959026239384,0.19284887104806822,Healthy
PAY,2024,0.27321062925511475,0.050667339646341535,0.41864798450747776,0.3864724336306185,Healthy
PAYA,2022,0.5092645971783564,0.02922088256826871,0.13389290813134636,0.13588087929148585,Distressed
PAYC,2021,0.8466297308256373,0.1856518658031461,0.25443469125326523,0.22378076974138997,Distressed
PAYC,2022,0.8453315881326352,0.20462478184991273,0.3028600012884596,0.2425853256471357,Distressed
PAYC,2023,0.836866032945622,0.2012162720670721,0.23160267597440373,0.24676367285499248,At-Risk
PAYC,2024,0.8223237043330501,0.26656754460492776,0.11188522170396174,0.005231809401159047,Distressed
PAYS,2021,0.49930026792263554,-0.09235866099296827,0.22157209111577345,0.005340080994662354,Distressed
PAYS,2022,0.5509486634565108,0.02702276906405054,0.2908149300205136,0.17032051824661082,Distressed
PAYS,2023,0.5105572257420449,0.13662277080659832,0.2429556687237126,0.25874921317257626,Distressed
PAYS,2024,0.5514700874984876,0.0653581618644603,0.23502034790167195,0.20913428871654488,Distressed
PAYX,2022,0.7059002103345837,0.30201444152915413,0.13678268586077696,0.06763992142059243,At-Risk
PAYX,2023,0.7098120668650516,0.3110183539374089,0.0857384478608756,0.07298769708121369,At-Risk
PAYX,2024,0.7197393100051153,0.3202546274368641,0.05416308841445148,0.04377942165433759,At-Risk
PAYX,2025,0.7235314177001633,0.2974496114291868,0.055586078851145256,0.08369306101410992,Distressed
PBH,2021,0.5710702495003736,0.188975646201919,0.1520588531480392,0.17451738771679287,Distressed
PBH,2022,0.5544738300560864,-0.0729841051674832,0.03764496527458291,0.03186802428039945,At-Risk
PBH,2023,0.5548888041750307,0.1860200807388233,-0.0020998027001263605,0.0038529444573374553,At-Risk
PBH,2024,0.5576412290092304,0.18862029141419734,0.01102316864781576,0.007143696482946069,At-Risk
PBI,2021,0.3054251719244624,-0.0003677630506203654,0.03361943684362317,0.03409380140190414,At-Risk
PBI,2022,0.4436020545470729,0.014877865771363371,-0.3241209278953038,-0.37474006409646776,At-Risk
PBI,2023,0.4957417896268504,-0.1854934641701841,-0.1626971548800326,-0.15576531909483854,At-Risk
PBI,2024,0.5241789442208075,-0.1004624498790584,-0.025170220185913392,-0.07812209249170436,At-Risk
PBPB,2021,0.38920463515518927,-0.06258090998073948,0.3047606949989872,0.1406892671907784,Distressed
PBPB,2022,0.39986238115993655,0.009613406110542,0.1892398934882595,0.1348917378558937,Distressed
PBPB,2023,0.43535832677057196,0.010414949665146549,0.08725299962608386,0.06470845167541345,Distressed
PBPB,2024,0.4611001344579959,0.08710370559319322,-0.05862936983246135,-0.06314138873154966,Distressed
PBSV,2021,0.2664636524415025,-0.10386387391608574,-0.0672027827396686,0.23941779673861058,Healthy
PBSV,2022,0.25163754302021984,0.051894333066288316,-0.03561728893733214,-0.2396895322845646,Healthy
PBSV,2023,0.2984304632141546,0.07717447800699964,-0.12484690361382991,-0.1297390958693426,Healthy
PBSV,2024,0.2645876727352305,-0.08177475915892256,-0.4398680768688855,-0.31921539499017776,Healthy
PBYI,2021,0.7483715510260512,-0.11505204321463135,0.12458353693749723,-0.014273302232380476,Distressed
PBYI,2022,0.7583968846341068,8.770737312032135e-06,-0.09924354644387826,-0.21660016278561928,Distressed
PBYI,2023,0.7339891443194405,0.09162822476945472,0.03335511399765821,0.02881745062363477,Distressed
PBYI,2024,0.7205512262006005,0.13137615634274608,-0.02193628335108663,-0.017217003206943946,Distressed
PCAR,2021,0.12558565572831987,0.08543818269252788,0.27282955294007916,0.24366438356164383,At-Risk
PCAR,2022,0.14729647107925153,0.11025726450979889,0.2509697955071103,0.1831009319792809,At-Risk
PCAR,2023,0.19274211703261246,0.13809788236706638,0.2197090901103085,0.14967515138868268,At-Risk
PCAR,2024,0.17407957724391163,0.1318578267219612,-0.052564121805165766,-0.023180483854641158,At-Risk
PCG,2021,0.2936246487743436,-0.004263152795271776,0.1176566137852618,0.1237927473728968,Distressed
PCG,2022,0.323570110701107,0.08367158671586716,0.05028582501695572,0.02686341278849792,Distressed
PCH,2021,0.46476202581807713,0.31692007462044886,0.28484624326323577,0.03811390240694463,At-Risk
PCH,2022,0.3937224785464164,0.2509054840018636,-0.004975942756096558,0.11915953567690979,At-Risk
PCH,2023,0.12157019749530064,0.06064106632814979,-0.23047010024196335,0.1041289305897696,Distressed
PCH,2024,0.10960044290615738,0.020597396043221014,0.03710763371823353,0.05493239058840899,Distressed
PCOK,2021,0.875005210597462,-0.05979979395808893,0.4727208945406709,0.8514645973111009,Distressed
PCOK,2022,0.750805267249997,-0.25990077626528774,-0.034949710290781116,-0.25100945256968477,Distressed
PCOK,2023,0.7576332728172965,-0.9913008197172251,-0.10269162892297819,-0.039171723319814424,Distressed
PCOK,2024,0.7731960307058603,-0.7551919116270361,-0.08177229465808439,-0.06571343615467157,Distressed
PCOR,2021,0.8090365389135253,-0.5150625168747972,0.28611684999163106,0.745229621137655,Distressed
PCOR,2022,0.7939247684333445,-0.39840295027929623,0.39893866023336266,0.26214114802659516,Distressed
PCOR,2023,0.8163577225502889,-0.19967579288639067,0.3190864242442756,0.1533952666433815,Distressed
PCOR,2024,0.8214721092499141,-0.09199901363887374,0.2123114493531647,0.10504020375967134,Distressed
PCRX,2021,0.7410037800097131,0.07752066817719326,0.2604137815462461,0.08083706440360616,Distressed
PCRX,2022,0.7011275855811813,0.023857905321202178,0.23136170833541078,0.45803502830941184,Distressed
PCRX,2023,0.7264073792034703,0.06215758143228372,0.012229632151260529,-0.013829594425872971,At-Risk
PCRX,2024,0.7568669521774237,-0.1420325664868196,0.03850199562059801,0.026779317797006746,Distressed
PCTI,2021,0.460988303893767,0.001742457890600977,0.13363716174344142,0.1713158179262623,At-Risk
PCTI,2022,0.4599609767872229,0.028855050891097075,0.13234707939002585,0.10830987215581299,At-Risk
PCTY,2022,0.6634003830406578,0.10646442682879631,0.3414329473102936,0.3297754092911161,Distressed
PCTY,2023,0.6875194747479563,0.11988952816197541,0.3775835599794054,0.32746918522974205,Distressed
PCTY,2024,0.6850450797317675,0.14742516122822216,0.19403830076332498,0.1204917357479413,Distressed
PCTY,2025,0.6876777575019386,0.142379645202765,0.13740031300913003,0.130227709200278,Distressed
PCYG,2022,0.8234209332207603,0.22181570826878638,-0.14091132911596074,-0.2474433437285878,Healthy
PCYG,2023,0.8267259754614269,0.2927019918937782,0.058290709766270085,0.02758239243210253,Healthy
PCYG,2024,0.8329635482161332,0.2913116305812455,0.0709155653385455,0.10142228211038973,Healthy
PCYG,2025,0.8371530013227423,0.30868382849098996,0.10525166574424104,0.06156124966289325,Healthy
PCYO,2021,0.6261605839416058,0.5635498732008526,-0.3376522916263779,-0.47722532627691366,Healthy
PCYO,2022,0.711820197365561,0.41816284832413164,0.34324087591240876,0.08864709851551957,Healthy
PD,2021,0.8281389927362152,-0.38186399238084406,0.3176684335724587,0.3690313681487146,Distressed
PD,2022,0.8100449576987699,-0.34634688357115695,0.31769108302889876,0.30556215365420103,Distressed
PD,2023,0.8192891090993942,-0.1898239838030736,0.16156184178234217,0.05353179918827598,Distressed
PD,2024,0.8295932183812158,-0.11649222779086159,0.08544250160785143,0.0006186603915019594,Distressed
PDCO,2022,0.19833923259129105,0.03126593895902779,0.09934581244526025,0.11241754084349287,Healthy
PDCO,2023,0.21215346557220144,0.032072615329652256,-0.004297931887611251,-0.023162041264170694,Healthy
PDCO,2024,0.2101377653056999,0.02830744524587289,0.01495811385077674,0.019344362843999676,Healthy
PDEX,2022,0.3123617421088937,0.10875098118503365,0.10549843540455968,0.100853629417383,At-Risk
PDEX,2023,0.27662898431227895,0.1534923080261245,0.09623938536190861,0.09332212672504948,At-Risk
PDEX,2024,0.2702436668895327,0.03950300869177624,0.16831210536593832,0.1573713577185369,At-Risk
PDEX,2025,0.292973735978256,0.1348189749673389,0.2367766139216997,0.19783162992007886,Healthy
PDFS,2021,0.6020799567801188,-0.19348100126057988,0.26138609363287374,0.21023112069212205,At-Risk
PDFS,2022,0.6775003534187373,-0.023083292381638382,0.33755627588690795,0.1872995105495874,At-Risk
PEB,2021,0.3225781808458974,-0.2521785868242561,0.6551453189068116,0.1644335299472891,Distressed
PEB,2022,0.3652707000763709,-0.06262774886826626,0.8987823377587157,0.5342251912860546,Distressed
PEB,2023,0.33724380241825586,-0.05494352261947436,0.02015818767417851,0.061254063905666,Distressed
PEB,2024,0.3387483322541868,-0.0029188562102071894,0.02349380153794256,0.0035606028814090043,Distressed
PEG,2021,0.6400946307344167,-0.06665295206747583,0.012391960845569093,0.06504828326180258,Distressed
PEG,2022,0.59,0.10520408163265306,0.008023040526640608,0.044704697141417955,Distressed
PEG,2023,0.7098869805108124,0.22808578802171398,0.1466326530612245,-0.08968177434908389,Distressed
PEG,2024,0.6702623906705539,0.17220602526724976,-0.08427516240989588,0.050979872881355935,Distressed
PEGA,2021,0.7223932924690485,-0.05202809715322786,0.19079386388630362,0.12518130234513075,Distressed
PEGA,2022,0.7202743873520786,-0.2622326601383319,0.08764225401166836,0.07587502918358677,Distressed
PEGA,2023,0.7358098750816687,0.04733159478883386,0.08708990814549511,-0.05378272751398606,At-Risk
PEGA,2024,0.7390661109552625,0.06625055103594758,0.04506720572714531,0.004851437873849081,At-Risk
PEN,2021,0.6358859802833103,0.007068045318958252,0.33400069948537864,0.25984142927218307,At-Risk
PEN,2022,0.6317862720493712,-0.0023632652723952438,0.1331518613143568,0.11384058345285535,At-Risk
PEN,2023,0.6449020426594818,0.08592546966430552,0.24953460672645264,0.14946180433766798,At-Risk
PEN,2024,0.6319985936891802,0.011729301908983228,0.1285688913409452,0.14650542639507796,At-Risk
PENN,2023,0.37123009948294017,-0.07700891103113361,-0.006060890076073543,0.129918071381486,Distressed
PENN,2024,0.32890956355178547,-0.047354099207977986,0.033821056436530515,0.06954144650209192,Distressed
PEP,2021,0.5334952311447769,0.09585524825729169,0.12934121525606776,0.1338091286307054,At-Risk
PEP,2022,0.5303268821187147,0.10313454949532364,0.08704733623575006,0.09841609087715189,At-Risk
PEP,2023,0.5421390386023985,0.09920083961036831,0.058790165756088524,0.046951422669420935,At-Risk
PEP,2024,0.5455396607659982,0.10427417423302197,0.004187119414896525,0.0047862725629471215,At-Risk
PERI,2024,0.3325018162260228,0.025314779062626684,-0.32949922963580947,-0.19221333036148883,At-Risk
PESI,2021,0.09452701860342702,0.011566538765220041,-0.3152448162692315,-0.22642526134281712,Distressed
PET,2022,0.926656338284881,-0.7029435888088945,1.7320486007369784,1.80952069787957,Distressed
PET,2023,0.9347323513990181,-0.1586944086944087,0.5294996810352683,0.06013420009070717,Distressed
PET,2024,0.9250287205525692,-0.24916674940076872,-0.15979074312407646,-0.11266755885127575,Distressed
PETQ,2021,0.19987925295540723,-0.017122274076488857,0.19547055256643475,0.1703415819967877,At-Risk
PETQ,2022,0.22752039309266392,-0.05231396627068745,-0.011811977763670368,-0.024267555113368592,At-Risk
PETQ,2023,0.22935434311315353,0.001933821734486548,0.19581926679276365,0.16887985501072772,At-Risk
PETS,2021,0.28257835626299205,0.068737558854423,-0.11944116553207315,-0.08701606609038832,Healthy
PETS,2022,0.30900880158662836,0.020761888604793007,-0.09076251827149794,-0.02610568082841382,Healthy
PETS,2023,0.3092650358452361,-0.027231434356701143,0.10714588660131115,0.1686789390438808,At-Risk
PETS,2024,0.30460585446663024,-0.027628958638069894,-0.17192214378226528,-0.19469844857700605,At-Risk
PFE,2021,0.6208419446904833,0.2703966145064462,0.9516458188278792,0.7266048994033163,At-Risk
PFE,2022,0.6605485544848035,0.31005683222139857,0.2446486566282846,0.1135037510419561,At-Risk
PFE,2023,0.5809853242435437,0.03558115323907714,-0.4113763281443044,-0.1400966936993138,Distressed
PFE,2024,0.719443003756267,0.1262200009429959,0.06839171172381368,-0.11694506411302755,At-Risk
PFGC,2022,0.10328112688897141,0.002210472333728271,0.6742086062324624,0.6744938440039473,Healthy
PFGC,2023,0.10924692645319947,0.006937421731316381,0.12497715845255147,0.1171166004504941,Healthy
PFGC,2024,0.11285114239240097,0.007479255746278388,0.017928659131914063,0.01709893448093342,Healthy
PFHC,2023,0.33836501901140686,-0.03714828897338403,0.08426781002638523,0.2416513948279373,At-Risk
PFHC,2024,0.31758638002647316,-0.09817883061755443,-0.16695817490494297,-0.1107375671354188,Distressed
PFIE,2021,0.4325747027945177,-0.03989740393295294,0.22823320001776443,0.15617523581003487,Healthy
PFIE,2022,0.4713315685693445,0.08593923591673863,0.7429175992754032,0.43603617276915135,Healthy
PFIE,2023,0.5245324788354052,0.18514126737774803,0.26713787074079404,0.13774287415932954,Healthy
PFMT,2021,0.2970665551920124,-0.08270561848335517,-0.20228682095974657,-0.1203132216484024,At-Risk
PFMT,2022,0.2186400937866354,-0.05987140973036342,-0.12226572234772053,-0.07656571924046807,At-Risk
PFMT,2023,0.20481260385254477,-0.06610516691137037,0.04175520222743259,0.03262292822438924,At-Risk
PFMT,2024,0.1833616574918077,-0.08045958318764687,0.08121818485533176,0.10519641948427894,At-Risk
PFSW,2021,0.18116349683738306,0.5309518142674773,0.01627941068679909,0.043080164804529954,At-Risk
PFSW,2022,0.14889774398384398,-0.056105610561056105,0.06426206807019062,0.09382343242914909,Distressed
PG,2022,0.4742664022846596,0.18384526170077445,0.05345647547229302,0.07297185715268699,At-Risk
PG,2023,0.47857473843377313,0.17868204765504964,0.022684475039594948,0.024016417096867283,At-Risk
PG,2024,0.5139399564487916,0.17704875117504967,0.024790868960807746,0.004399423847695391,At-Risk
PG,2025,0.5116036258364577,0.1895258886621423,0.0029153131284284676,-0.004988075382289215,At-Risk
PGEN,2021,0.5973224924651294,-6.460082708347936,-0.5540447611902976,-0.1006332130455505,Distressed
PGEN,2022,0.764428258203575,0.5635498732008526,0.8861007920375692,-0.039338708456355516,Distressed
PGEN,2023,0.017028112449799196,-15.406265060240964,-0.6509892588799009,-0.06271979510417179,Distressed
PGEN,2024,-0.08713375796178344,-24.696043881430608,-0.36947791164658633,0.03659561945600538,Distressed
PGNY,2021,0.22399180218169035,0.13137483245808707,0.4516728624535316,0.3915812308698107,Healthy
PGNY,2022,0.21263468769736935,0.03857859763404595,0.5718737328238328,0.6305850547000625,Healthy
PGNY,2023,0.21936380555540244,0.056987979033582645,0.3833778321110466,0.3442268705505178,Healthy
PGNY,2024,0.21706514875931807,0.046551595627563246,0.07222409006814269,0.0714643408994811,Healthy
PGTI,2021,0.3474055157973041,0.023071743936962315,0.31592608832103475,0.3504275897531193,At-Risk
PGTI,2022,0.3824977177580542,0.06627684231551374,0.2845460556676746,0.2480311175787553,At-Risk
PGTI,2023,0.39265051278352336,0.07139879846380999,0.008235508601471627,-0.00481659846047074,At-Risk
PGY,2022,0.39769377029567593,-0.4036716480088874,0.5780592851062395,1.0510108984852216,At-Risk
PGY,2023,0.2816621123550122,-0.1581649428422599,0.08428447060331568,-0.015360800470865214,Distressed
PGY,2024,0.3468401004409793,-0.38886585394207596,0.27116154034660384,0.15417161316084266,Distressed
PH,2022,0.3348524941481343,0.0829427256051215,0.10552035038515045,0.08895956924669808,At-Risk
PH,2023,0.33721479150275374,0.1092578022554419,0.2019588430126378,0.22487718671984938,At-Risk
PH,2024,0.3576517812343201,0.14269944806823884,0.045371098872279046,0.007942464040025016,At-Risk
PH,2025,0.3685138539042821,0.17788413098236777,-0.004014049172102358,-0.020289135695228642,At-Risk
PHAT,2024,0.8556975313110837,-6.050930283066676,4.509057831645275,0.9805409717013703,Distressed
PHM,2021,0.28761079115192223,0.14168455328112153,0.24473477090873375,0.2043179408486357,Healthy
PHM,2022,0.31339127546189993,0.1635518611878451,0.16495485366341037,0.124195856214545,Healthy
PHM,2023,0.3054970688434225,0.1620246777745001,0.003661755726855606,0.00836928172722494,Healthy
PHM,2024,0.30341038449430124,0.17179866216822356,0.11738398306816429,0.11002095263156439,Healthy
PHR,2021,0.7998949505939512,-0.5541403066129539,0.43420300382708826,0.8930529745107486,At-Risk
PHR,2022,0.7901676693602934,-0.6270549286248265,0.31738520773051077,0.38603847901833055,Distressed
PHR,2023,0.8287253121675896,-0.384185754099787,0.2683742123811897,0.07719985485133192,Distressed
PHR,2024,0.8422464287670939,-0.1394120715651969,0.17826039365813545,-0.03017180150087869,Distressed
PI,2021,0.5200359464586958,-0.26938822700924414,0.36970120138493984,0.27500887125391144,Distressed
PI,2022,0.5348487199379364,-0.09426299456943367,0.35482413037423205,0.17908528151671557,Distressed
PI,2023,0.4941877290359922,-0.1410097581119793,0.19293638479441427,0.25538869795038144,Distressed
PI,2024,0.5158746418201138,0.11155271834290756,0.19037585476963897,0.057890793480769066,Distressed
PII,2021,0.23536132917518013,0.06639154747822347,0.18432196644060242,0.1773182631039811,At-Risk
PII,2022,0.22814064501106066,0.05205495401094423,0.15455963006774923,0.15512461288895443,At-Risk
PII,2023,0.2193655981375358,0.05627686246418338,0.04021422750029107,0.061407652338214457,At-Risk
PII,2024,0.20442065947542995,0.015441647852384536,-0.1968794770773639,-0.16015347791048726,At-Risk
PIII,2021,0.5528232531227664,-0.1715564480446547,-0.6509892588799009,-0.47722532627691366,At-Risk
PIII,2022,0.9650998495600192,-0.2573934868138329,4.509057831645275,1.8793949013163034,Distressed
PIII,2023,0.9650998495600192,-0.04562076793998618,0.20667936512776436,0.1072253734581152,Distressed
PIII,2024,0.964212188969346,-0.09053853664388468,0.18484256243213898,0.24206095025398794,Distressed
PINC,2022,0.6176553718644903,0.18554457007148437,-0.16747562097943702,-0.19901655130494764,At-Risk
PINC,2023,0.6708272989570352,0.130998170040304,-0.06755944758221259,-0.06721019620950387,At-Risk
PINC,2024,0.6595645595794887,0.08879045070378598,0.007683585373794528,0.11369906087923057,Distressed
PINS,2021,0.7946801953586987,0.12274425364823564,0.5230643165955556,0.22705243460795288,Healthy
PINS,2022,0.7578665184219935,-0.034270995163731624,0.08710032905008365,0.2897235149921842,Healthy
PINS,2023,0.7745518843915575,-0.011656030252652065,0.09009467725027065,0.09520458114673973,Healthy
PINS,2024,0.7942071205754209,0.510702474873607,0.19347995513033903,0.08979017206324674,Healthy
PIXY,2021,0.013748932536293767,-1.275661827497865,1.7100208285119185,0.6798477829252151,Distressed
PJT,2021,0.35476261284647836,0.10703012767844991,-0.05735531692483132,-0.04801957171102912,At-Risk
PJT,2022,0.3475009873184431,0.08828235844778914,0.03383252095630302,0.0697741456594745,Healthy
PJT,2023,0.30159766628337936,0.07093329587177045,0.12450158702297892,0.19533696208671283,At-Risk
PJT,2024,0.30880933740608113,0.09000473487068178,0.294832038654783,0.2618205754489108,At-Risk
PK,2021,0.16666666666666666,-0.3370044052863436,0.5985915492957746,0.08297872340425531,Distressed
PKE,2021,0.33440964575012133,0.15797528836462726,0.1577923761777163,0.06918720342874636,Healthy
PKE,2022,0.3047451669595782,0.19852002589954676,0.008902907909963044,0.05227869243617275,At-Risk
PKE,2023,0.2952289122205557,0.13343689736447398,0.03605586902229211,0.07988480986825695,Healthy
PKE,2024,0.28442911037306934,0.09483119981943056,0.10752803371187772,0.10511506803292457,Healthy
PKG,2021,0.24229331332548543,0.10880560909667154,0.1610194947583431,0.10392217418159358,At-Risk
PKG,2022,0.24659117716442558,0.12146732719981128,0.09672328370179682,0.08733156152375623,At-Risk
PKG,2023,0.2177406951707167,0.09807238798318466,-0.07968860580325549,-0.044539736992567185,At-Risk
PKG,2024,0.21269667076211038,0.09603616714181766,0.07445145083564031,0.07870564298964754,At-Risk
PKI,2021,0.6358696674441351,0.2463961097317316,0.4372802949801557,0.43063057745814626,Distressed
PKI,2022,0.6008263729149694,0.1718627993895807,-0.13479934207776356,-8.873836233352313e-05,At-Risk
PKI,2023,0.5597714074641229,0.2519818612208156,-0.16946895092791822,-0.046363681302919325,At-Risk
PKI,2024,0.5581286710179868,0.09814244947234618,0.0016196636989192425,-0.017030141521929103,At-Risk
PKOH,2021,0.13931088488645263,-0.01942051683633516,0.10841072823539623,0.11357586512866016,At-Risk
PKOH,2022,0.14100073682095252,-0.009511688659655704,0.16906812842599844,0.15107569721115538,At-Risk
PKOH,2023,0.1635235283484967,0.004699644514068808,0.11172884988947686,0.08666758964419216,At-Risk
PKOH,2024,0.16990701606086223,0.01920057964014008,-0.002108814846056516,-0.004841381067651931,At-Risk
PL,2021,0.36752052069598884,-1.045080749033984,0.15941785663791885,0.29235830716315236,Distressed
PL,2022,0.49152967750031373,-0.8468544777680177,0.4576439116219162,0.41530124199645146,Distressed
PLAB,2021,0.2516628726303594,0.08353759862360097,0.08868426793244447,0.042956374836696516,At-Risk
PLAB,2022,0.35681687807516593,0.14406178407832645,0.24223779342263255,0.07637994613558863,Healthy
PLAB,2023,0.3768311220120259,0.1406662661028881,0.08189567872861407,0.042996133400143306,Healthy
PLAB,2024,0.3644356165205215,0.15074525979703465,-0.02817024558445693,0.010018371709445311,Healthy
PLAN,2021,0.7359889627408068,-0.343815014455162,0.32254469520161694,0.31810670718529627,Distressed
PLAY,2021,0.8428680981595092,0.08335889570552148,1.9873176453339199,0.6206081924298095,Distressed
PLAY,2022,0.835471390755447,0.06979230299328039,0.506441717791411,0.5239075931232091,Distressed
PLAY,2023,0.8399310751371696,0.05754319140253027,0.12263286499694563,0.10999471179270227,Distressed
PLAY,2024,0.8525812350541567,0.02733624044638252,-0.032920691062440485,-0.002329151447779366,Distressed
PLCE,2021,0.41492896389406925,0.09772085097140805,0.25795778005750697,-0.02718312385019828,At-Risk
PLCE,2022,0.3009466883467312,-0.0006660883755286857,-0.10801184526805349,0.04184201048705599,At-Risk
PLCE,2023,0.2778607033475028,-0.09643696006509796,-0.06202816301254564,-0.03222077438134097,At-Risk
PLCE,2024,0.3314371164615237,-0.04170835530477851,-0.13493785990459953,-0.16939052394320492,At-Risk
PLD,2021,0.7376819541794833,0.5635498732008526,0.07225144100740413,0.034608327889235437,Distressed
PLD,2022,0.747376664213689,0.5635498732008526,0.2551249726858622,0.17544670946913,Distressed
PLD,2023,0.7494431647956763,0.39091420431735946,0.343134028336245,0.3372862677991709,Distressed
PLD,2024,0.7491662002948202,0.4663405111923147,0.022202491216704395,0.033323236793949204,Distressed
PLNHF,2022,0.4587620349868305,-0.5694102198667652,-0.1248525326935325,-0.05297583474985372,At-Risk
PLNHF,2023,0.45503341601258085,-0.7472578139807281,-0.058037228373830047,-0.06487986874265227,Distressed
PLNHF,2024,0.4820113770274362,-0.410594283605268,0.1817548865709282,0.15866633015878623,Distressed
PLNT,2021,0.8279573372763929,0.07286596947649411,0.44367194762651924,0.27899024961223323,Distressed
PLNT,2022,0.5766077551421264,0.10611119888297259,0.5958011866655991,0.5815345289296437,Distressed
PLNT,2023,0.5858916893643952,0.1291044929367905,0.14363580465684286,0.12324458070189691,Distressed
PLNT,2024,0.5873335172563203,0.14559422639791345,0.10298265887320947,0.08634496620279844,Distressed
PLOW,2021,0.2620208956271366,0.05668266682426729,0.12766529071922758,0.14431872949918348,At-Risk
PLOW,2022,0.24584299135809684,0.06267002993176078,0.13780512805358913,0.13945414806984974,At-Risk
PLOW,2023,0.2363167880488157,0.04175276057855109,-0.07773492536538175,-0.061089330091599905,At-Risk
PLOW,2024,0.2582866611316719,0.09876975359891926,0.0005737638556931103,-0.0045865510855793105,At-Risk
PLPC,2021,0.32129211061870794,0.06905262100008311,0.1092681086249515,0.10235030804097203,Healthy
PLPC,2022,0.3377910618331264,0.08538964963478442,0.23115591486170728,0.19423114576859885,Healthy
PLPC,2023,0.3506874188977107,0.09457068237170346,0.051266755727048245,0.043472914524415866,Healthy
PLPC,2024,0.3197010681910819,0.06247789339648383,-0.11343494420461146,-0.07270056786644465,Healthy
PLSE,2022,-0.5044542404467389,-24.696043881430608,-0.5063469675599436,-0.08807735286814006,Distressed
PLTK,2024,0.7285137096457851,0.06362530890832778,-0.006895208414491624,0.03708852589245817,Distressed
PLTR,2021,0.7798777992449522,-0.337494462960693,0.41111659206368234,-0.1382914039831412,Distressed
PLTR,2022,0.7856365934525474,-0.19608095196369535,0.23606238840798527,0.05844382941572556,Distressed
PLTR,2023,0.8062459887856784,0.09430286218681068,0.16745152216493142,0.018370913059632177,At-Risk
PLTR,2024,0.8024817248745161,0.16129431894600152,0.2878613688375613,0.2137996034290937,At-Risk
PLUG,2022,-0.2770814324817518,-1.0321738138686132,0.3963395455685569,0.4802943809310156,Distressed
PLUG,2023,-0.5044542404467389,-1.5357024255615142,0.27072878649635035,0.4237764326449418,Distressed
PLUG,2024,-0.5044542404467389,-3.3470962796629844,-0.29452958467027174,-0.11796759750845456,Distressed
PLUS,2021,0.25314507976028805,0.05798951026870121,0.16112497234306963,0.1450818262952377,Healthy
PLUS,2022,0.2502875150286451,0.057723538703053315,0.1354730510774462,0.1349581289627946,Healthy
PLX,2021,0.5736897001303781,-0.7192177314211212,-0.39028267989443227,-0.022861700006645842,Distressed
PLX,2022,0.5887316847894538,-0.31334228976867207,0.2421903520208605,0.03128613208188805,Distressed
PLX,2023,0.6490976272635661,0.12691238892112255,0.37482681892606745,-0.09262678889401833,Distressed
PLX,2024,0.544579486507238,0.05490739526957434,-0.18467340519742267,-0.1008830904531744,Distressed
PLXS,2021,0.09596585200059961,0.04123406547902632,-0.006349999439593156,-0.012902740590507205,At-Risk
PLXS,2022,0.09110350929115216,0.036271228598235596,0.13135076650444585,0.1385344257257794,At-Risk
PLXS,2023,0.09371150071075611,0.03303656148426302,0.10467029161183071,0.09920488262435,At-Risk
PLXS,2024,0.09556842548286001,0.02823021555851846,-0.05925413954570987,-0.05475609881367172,At-Risk
PLYA,2021,0.37755195561865107,-0.16774309393815265,0.95702974863556,0.30678924308734057,Distressed
PLYA,2022,0.4525794060936885,0.06622497994191037,0.6015722758721306,0.3735164399050522,Distressed
PLYA,2023,0.45890349297803384,0.05509133466461518,0.141593178731301,0.09520986321683049,Distressed
PLYA,2024,0.45870894947521174,0.07864419131678119,-0.039831039054571644,-0.02188600164515234,Distressed
PLYM,2021,0.6612382483039155,-0.10672886828144335,0.2800793802514315,0.25011195914205947,Distressed
PLYM,2022,0.6916081858599947,-0.09200374858338418,0.30520985933522027,0.27937925883016507,Distressed
PLYM,2023,0.6870521596413274,0.06835194748008487,0.08887629674832186,0.014804708910230441,Distressed
PLYM,2024,0.6888507978120038,0.5635498732008526,-0.007470677715063448,-0.04770543099854993,Distressed
PM,2021,0.6806241044419679,0.29004935519821684,0.0944796821635185,0.08246211676259838,At-Risk
PM,2022,0.6410175681632139,0.2848687110383477,0.011367616621557077,0.05892566467715681,At-Risk
PM,2023,0.6334508443736852,0.2221242963552624,0.10742396574523015,0.1761119081779053,At-Risk
PM,2024,0.6481070806272771,0.1863086752204446,0.076874964462387,0.06635298218097851,At-Risk
PMD,2021,0.4120598980288249,-0.02669717772692601,0.16615168539325842,-0.0993947349230657,At-Risk
PMD,2022,0.3681061806656101,-0.04294770206022187,0.01328836966558272,0.0657085020242915,At-Risk
PMD,2023,0.36617108980593766,-0.19239497938956046,-0.14457210776545165,-0.0495384264711469,Distressed
PMD,2024,0.3606665650561398,-0.09454859523446629,-0.08837015423092956,-0.13753547304048921,Distressed
PNR,2021,0.35040373990650237,0.14688695282617933,0.2475313142023991,0.2235565639180097,At-Risk
PNR,2022,0.3310689504585375,0.11667232762385366,0.0948257543561411,0.12743374148789924,At-Risk
PNR,2023,0.37013034474357415,0.1517115361188939,-0.004197195400067932,-0.0457110449454133,At-Risk
PNR,2024,0.39159400411482315,0.1531791907514451,-0.005286880253380436,-0.02564407333670104,At-Risk
PNRG,2023,0.7418529730779816,0.22747729517087306,-0.10061661437213806,0.002047981275599766,At-Risk
PNRG,2024,0.7993868694174839,0.23298962135612036,0.9248190898641757,0.8129284671532847,At-Risk
PNW,2021,0.6970028931328515,0.162656897578365,0.060455558461124145,0.05857125553891576,Distressed
PNW,2022,0.6232197179483325,0.11183139336576184,0.1368487329234838,0.20534200463570312,Distressed
PNW,2023,0.6182579992167787,0.10680535801708309,0.08593268175705909,0.06901446667758615,Distressed
PNYG,2023,0.45876555724503015,-0.8364081770569353,0.5537064258714826,-0.1861341069954731,Distressed
POAI,2021,0.6571895148801982,-13.836454373961764,0.13448196557936296,0.08419109727121318,At-Risk
POAI,2022,0.6644830579909516,-17.096203882005423,0.059674944392825974,0.12630265794731807,Distressed
POAI,2023,0.6433916654916344,-7.855750795042731,0.18242542639819484,-0.06389685100744796,Distressed
PODD,2021,0.6844739716053877,0.015289406625409537,0.21494913754975675,0.14057920037519053,Distressed
PODD,2022,0.6171761280931587,0.003524094077989734,0.1879322897706589,0.3031455592105263,Distressed
PODD,2023,0.6834600200341759,0.12161923280890932,0.3001608825557343,0.16510215350635007,At-Risk
PODD,2024,0.6978663834717127,0.20192122031280169,0.2206705556537623,0.1934326337169939,At-Risk
POLY,2021,0.40811078646445514,0.010657623618202843,-0.02689442679961357,0.01802545483658878,Distressed
POM,2022,0.6659503092567355,0.11374357899150854,0.06355223547775672,0.033101730466701625,Distressed
POM,2023,0.6207023519123671,0.10714778846596401,0.13885103260299822,0.12391345726793986,Distressed
POOL,2021,0.3053661314786056,0.12286161450748397,0.3452098410236388,0.2877230604803945,Healthy
POOL,2022,0.3128636588638948,0.12111570624398132,0.16695854508209104,0.15486779600250963,Healthy
POOL,2023,0.2995606860479699,0.09441848420896871,-0.10326216675914648,-0.06963909580701692,Healthy
POOL,2024,0.29662228229095605,0.08177910819395313,-0.04162014726806993,-0.021121670196712093,At-Risk
POST,2024,0.29092354879018517,0.04630997008595555,0.13327134887712774,0.12272634214712043,Distressed
POWI,2021,0.5127979444799133,0.23378128390378186,0.4402029005688916,0.26419293925055826,Healthy
POWI,2022,0.5634857741369725,0.26238831092640885,-0.07413721762548754,-0.1088431124211738,Healthy
POWI,2023,0.5150425835361656,0.12537735806612707,-0.31729065113693256,-0.13011178477500712,Healthy
POWI,2024,0.5364331353094353,0.07693574526282124,-0.05750914432511956,-0.02059934697505855,Healthy
POWL,2021,0.1595187851045246,0.0013409583070348246,-0.09245919471397245,-0.057201603122715994,At-Risk
POWL,2022,0.15963363388173088,0.02579321118625864,0.1318070635138208,0.11887805085828683,At-Risk
POWL,2023,0.2109985871747499,0.07796993599386823,0.31305226237462025,0.21210298501212507,At-Risk
POWL,2024,0.2697549083523978,0.14801907629331973,0.4476539664925898,0.3090431980502145,At-Risk
POWW,2022,0.3694336251202537,0.1383757914238567,2.845393825742414,1.8793949013163034,Healthy
POWW,2023,0.2894309161969929,-0.024007745390416488,-0.2032277624836805,-0.04145870483411849,Healthy
PPC,2021,0.09242638348219294,0.002097789755179815,0.2220955166602836,0.2291157207958762,At-Risk
PPC,2022,0.10371902323839244,0.04270173468319352,0.18209620355544234,0.11681088798373022,At-Risk
PPC,2023,0.06441579436543156,0.0185214825963758,-0.006077267510313064,0.03285527444396259,At-Risk
PPC,2024,0.12936174939763537,0.06076856003742192,0.029723969006953434,-0.030767131316525663,At-Risk
PPG,2021,0.3878109748839424,0.08564456612308058,0.21454387740349862,0.2498755599800896,At-Risk
PPIH,2021,0.23478549569836596,0.04375252612737456,0.6359128155477366,0.3577562427787782,At-Risk
PPIH,2022,0.2686488647602214,0.04169910709901872,0.028992724753161267,0.0075436404198066555,At-Risk
PPIH,2023,0.2751612817585685,0.069497172591393,0.056807580890656455,0.04477078181472323,At-Risk
PPIH,2024,0.33619557531063743,0.05671658753409435,0.05121193617755595,0.005636921104953062,At-Risk
PPL,2022,0.6688180207542395,0.09567198177676538,0.3664188137644821,0.4975911906400551,Distressed
PPL,2023,0.6903272377285852,0.08902791145332051,0.051885598582637305,0.023590686274509803,Distressed
PPL,2024,0.7090522335145356,0.10493973056015127,0.018046198267564966,0.00598623166716552,Distressed
PPSI,2021,0.07607449074326908,-0.11834416470973731,-0.06049256028732684,-0.0673424749726592,At-Risk
PPSI,2022,0.10920472988638999,-0.20940567277223895,0.41324886680137624,0.42912551301132007,Distressed
PPSI,2023,0.20016192875134942,-0.17074487225620727,-0.570445938635134,-0.42719641504670536,Distressed
PRCH,2023,0.3522107728990337,-0.3112534917337126,0.5593590096684883,0.4387411933842174,Distressed
PRCT,2021,0.46021524091317845,-1.7362283526237925,3.4671504470649217,0.5965165078621734,Distressed
PRCT,2022,0.49437438344842294,-1.161836457194657,1.1760218141734111,0.7570314879790606,Distressed
PRCT,2023,0.521686455052096,-0.7775623939907923,0.8155410989948543,0.5754729096302765,Distressed
PRCT,2024,0.6106914092775882,-0.40718848274817593,0.6484055480905493,0.3087328467034288,Distressed
PRDO,2021,0.8430913923415013,0.15819858765947992,0.008322251547327714,0.00045975489547012697,Healthy
PRDO,2022,0.83210348557554,0.13789685964488327,0.0031369312328110885,0.03411468002896963,Healthy
PRDO,2023,0.8164461045289886,0.2079593917780745,0.021282839092760727,-0.030719350417809474,Healthy
PRDO,2024,0.822594211046248,0.21664173747877105,-0.04048005363350066,-0.07837592495805024,Healthy
PRFT,2021,0.38397323616639095,0.0684482942129517,0.2432379891298133,0.19753717685792324,At-Risk
PRFT,2022,0.38932028965971394,0.11534237433457598,0.18926398143561265,0.16247390885647453,At-Risk
PRFT,2023,0.3662967256858763,0.10913240548414248,0.0016341421913636856,0.02347308047516935,At-Risk
PRGO,2021,0.34218474400173965,-0.016647739628385724,0.012352624626975197,-0.0736949578511964,Distressed
PRGO,2022,0.32693862880761976,-0.03158414951927397,0.07560345035880832,0.22380804341067745,Distressed
PRGO,2023,0.36094166165478136,-0.002727897585703239,0.04582621978614431,0.009537665696734561,Distressed
PRGO,2024,0.35274614716239083,-0.03928293776009512,-0.060615173124838904,-0.07091387395630791,Distressed
PRGS,2021,0.852348803812442,0.14759661442501879,0.2016578084360511,0.24600543586997006,Distressed
PRGS,2022,0.8430332899787878,0.15791851670977206,0.13306657281113016,0.1723488825373455,Distressed
PRGS,2023,0.8177276909850973,0.10108447250226442,0.15352824606777596,0.18979998651405067,Distressed
PRGS,2024,0.8268112008218643,0.09083777868329154,0.0849174657529315,0.0558956930155621,Distressed
PRIM,2021,0.1191263117446318,0.033090673918811354,0.0017571259548554675,-0.003921641770839663,At-Risk
PRIM,2022,0.103353640536045,0.030091170902404856,0.2638833931071079,0.28214613833182023,At-Risk
PRIM,2023,0.10279425401991146,0.022063583713890784,0.292879087200626,0.28530647251272057,At-Risk
PRIM,2024,0.11044794873405793,0.028413017528428723,0.11399226637271884,0.10820122789333822,At-Risk
PRKR,2022,0.9650998495600192,-10.608648648648648,4.509057831645275,-0.03830470777214877,Distressed
PRKR,2023,0.9650998495600192,0.3806,4.509057831645275,0.9235513298214056,Distressed
PRLB,2021,0.45624239394547816,0.06837151555630222,0.12362711357174921,0.19542181605568149,Healthy
PRLB,2022,0.4411668352450256,-0.21183952432237643,0.0006146306684313396,0.03058585479591563,Healthy
PRLB,2023,0.4405698216032881,0.03417500699575492,0.031693413977944215,0.030434433991908132,Healthy
PRLB,2024,0.44560681986064804,0.033127033879694144,-0.005928034024176535,-0.00021241022513380793,Healthy
PRM,2021,0.45949362197726984,-1.8256986570550149,0.06702750775229183,0.15434854774879617,Distressed
PRM,2022,0.3568688367706412,0.2545262895105477,-0.005058812489995529,0.1236259297794379,Distressed
PRM,2023,0.398298086356129,0.20951357929638506,-0.10650892498023606,-0.1505167624273168,Distressed
PRM,2024,0.5652479285805964,-0.010526447141369917,0.7415525227563426,0.24043926730105855,Distressed
PRO,2021,0.5826754115574152,-0.32299749824001783,-0.003965550026938801,0.015309069901790873,Distressed
PRO,2022,0.6013572972835948,-0.29784491031625604,0.09829649634281669,0.09060547962149793,Distressed
PRO,2023,0.6203162247948688,-0.1855532287592029,0.09984536661150081,0.004621753430872178,Distressed
PRO,2024,0.6569654813361907,-0.061975591151792526,0.08779485558496977,-0.013874855352657277,Distressed
PROC,2021,0.5752717563735229,-0.24616221915253989,0.23614718810620666,0.5147412984510863,Distressed
PROC,2022,0.584428669008587,0.10377634660421546,0.0004344197080113828,-0.05531673775414571,Distressed
PRPL,2021,0.4051674554033868,0.004295178338177018,0.118012987473611,0.29854221344489773,Distressed
PRPL,2022,0.3630332117354994,-0.16132211911702876,-0.20937684051978003,-0.1782632071154798,Distressed
PRPL,2023,0.3365547527035047,-0.23652752668247995,-0.10931592931624334,0.002302116226023005,Distressed
PRPL,2024,0.3712657083650182,-0.20065918253986148,-0.044392125216192235,-0.09278993412410326,Distressed
PRPO,2021,0.2703130297208724,-0.9639507288959205,0.4525607353906763,0.2115763223520147,Distressed
PRPO,2022,0.2666808329791755,-1.2965363365915852,0.06362300824951972,0.20295742606434838,Distressed
PRPO,2023,0.39599921037046787,-0.38514180430348094,0.6146408839779005,0.027376288891890675,Distressed
PRPO,2024,0.40788905676667386,-0.23149147420677746,0.21945120747515956,-0.003024061007143796,Distressed
PRSO,2021,0.42419440042260964,-1.9212889593238247,-0.37524752475247525,0.2623730780388744,Distressed
PRSO,2022,0.40039009954264193,-2.1790422383642722,1.618066561014263,0.8288826584547502,Distressed
PRSO,2023,0.1361553567532184,-1.2215433849734527,-0.07526230831315577,-0.12593299992460608,Distressed
PRTH,2021,0.30105981538198606,0.002697605947551083,0.27342942360674877,0.2564064451693826,Distressed
PRTH,2022,0.3418836388951255,-0.003239703393853002,0.2888710645347358,0.2608258891508651,Distressed
PRTH,2023,0.3643470458383403,-0.0017350174428145662,0.13858547015630437,0.10965371471465539,Distressed
PRTH,2024,0.3729456111274045,0.02657263482406542,0.16422449616999202,0.10709729293504705,Distressed
PRTK,2021,0.8345523271000753,-0.4539266452574484,1.7738896939732334,0.3991243833110073,Distressed
PRTK,2022,0.8561409638854918,-0.39662315621334265,0.23129638450546242,0.20540947621605213,Distressed
PRTY,2021,0.35377004781074683,-0.0030068261586506132,0.17310840821531429,0.01158546517922722,Distressed
PRVA,2021,0.0658876860342365,-0.19481070563639752,0.1825352629807545,0.4950909125357619,At-Risk
PRVA,2022,0.0993483997464361,-0.006328040924034025,0.4040901658007493,0.1623157403840305,At-Risk
PRVA,2023,0.09742257064902334,0.013921991244690804,0.22192516916545044,0.18993270736206755,At-Risk
PRVA,2024,0.10185096666071562,0.008284429189295032,0.0474460062120831,0.050284407435641824,At-Risk
PSA,2022,0.748238650669522,0.5635498732008526,0.22434967375368287,0.17703767035167417,Distressed
PSA,2023,0.7458997850671472,0.4755366127379258,0.08022810206106266,0.09236681613235788,Distressed
PSA,2024,0.7320903157328027,0.4412650012266761,0.03938428710247936,0.134542629650956,Distressed
PSFE,2021,0.5966558463174162,-0.07461535306012793,0.04242864824054023,0.10826110462247987,Distressed
PSFE,2022,0.5895930653409414,-1.2449762287811879,0.006135790339425412,0.006472501114661118,Distressed
PSFE,2023,0.5857871089187815,-0.012647879195921901,0.07018140718396777,0.01372231356143565,Distressed
PSFE,2024,0.5801576105605528,0.012998325351133688,0.06476456120584234,0.09053507120598893,Distressed
PSIX,2021,0.09045599500279448,-0.10623445222518109,0.0924626292084791,0.13306081759274221,Distressed
PSIX,2022,0.1839952797751245,0.023414143638603627,0.05496487709723729,-0.05637724099834279,Distressed
PSIX,2023,0.23065409076350896,0.057314918306741354,-0.0464543257993946,-0.11721116572540388,At-Risk
PSMT,2024,0.17235278387951886,0.028261677389314958,0.11379736627014295,0.11497347657233592,Healthy
PSN,2021,0.23296212737699246,0.017502323963995564,-0.06587868268662034,-0.054625463050124765,At-Risk
PSN,2022,0.2256640332259744,0.023041175876081454,0.14600776721625033,0.12924034559758016,At-Risk
PSN,2023,0.2215817778846682,0.02960801609627782,0.2973530679298029,0.2684301083495014,At-Risk
PSN,2024,0.2083410363797104,0.03481969538599373,0.24028795007816822,0.23352125859665063,At-Risk
PSNL,2021,0.3702832947341334,-0.7629307319811917,0.08704607873054623,0.2487954699736742,Distressed
PSNL,2022,0.20523621381462634,-1.7420480575583808,-0.23916298219758111,0.19709374399225704,Distressed
PSNL,2023,0.24779194621738954,-1.4737959472516704,0.12966009193352498,-0.05982456334658707,Distressed
PSNL,2024,0.3170279150022455,-0.9606448105514453,0.15150855323144757,-0.09950817258135768,Distressed
PSSR,2021,0.6301303274142324,0.015136462523052336,-0.46593070769731454,-0.47722532627691366,Distressed
PSTG,2021,0.6752047827267191,-0.06568958496878279,0.3270018984568953,0.24228344006152427,Distressed
PSTG,2022,0.6891924774663203,0.026538133835784697,0.2625519981218315,0.17140536826652322,Distressed
PSTL,2021,0.8648154639691522,0.05135459962942561,0.6338569792178039,0.5178922006068177,Distressed
PSTL,2024,0.751558162677421,0.08636673126276646,0.19870668006027123,0.1502132110386998,Distressed
PSX,2021,0.08408984893609386,0.01181420216010621,0.7383087214832603,0.6901134028464876,At-Risk
PSX,2022,0.11799517618683451,0.06485087358079887,0.5249022211058882,0.4445655306578284,Healthy
PSX,2023,0.1310253122477086,0.04759191039287919,-0.1328960527089829,-0.13039845878560785,Healthy
PSX,2024,0.09214616529168093,0.014788373278939317,-0.028806165577785467,0.014116921665065459,At-Risk
PTC,2021,0.7946489489856731,0.2639076030388029,0.23912535183743996,0.17233931164371158,Distressed
PTC,2022,0.8003565836862188,0.16193730354664734,0.06982672803001838,0.01794059823058559,At-Risk
PTC,2023,0.7897020246984697,0.11708812319001952,0.08467491867729901,0.13056586958726016,Distressed
PTC,2024,0.8064731700016359,0.16373181835584685,0.0960485977226136,0.04403372952077406,Distressed
PTCT,2021,0.9399769399156691,-0.9727215169896378,0.41449866847355066,0.1732441523115274,Distressed
PTCT,2022,0.9360647738054181,-0.7999659416629341,0.2974565209722369,0.24650369553033488,Distressed
PTCT,2023,0.9301722501711412,-0.6681481133946527,0.3420444446988485,0.1304071392064465,Distressed
PTCT,2024,0.9288554500607352,-0.4503024368477156,-0.13973014068767847,-0.25923770843303107,Distressed
PTE,2021,0.541046363249681,-3.21001701403658,-0.07130159984199091,-0.20006892326543116,Distressed
PTE,2022,0.24324324324324326,-9.622850122850123,-0.6509892588799009,-0.3611842420180939,Distressed
PTEN,2021,0.2027388195693551,-0.4823182993498546,0.20710002855239365,0.34195165510625786,Distressed
PTEN,2022,0.3173838718352375,0.05841458955911636,0.9509461852313901,0.20265122604631494,At-Risk
PTEN,2023,0.33227435670365246,0.0593981945063447,0.5661234812614633,0.5183557801791914,At-Risk
PTEN,2024,0.2787407601204259,-0.18000130533956402,0.29698976668268035,0.4471742291538446,At-Risk
PTLO,2022,0.3891559246743337,0.01848224505368725,0.09748912051922415,0.0794655470408574,Distressed
PTLO,2023,0.4047153646465315,0.02709790338356094,0.15806569193873657,0.14583668426208893,Distressed
PTLO,2024,0.4050135528052759,0.04154082589078381,0.04507835653510417,0.04332582018532432,Distressed
PTN,2023,0.9137829085489396,-5.674436375878251,2.3052912002190054,0.007435654580949239,Distressed
PTN,2024,0.9650998495600192,-6.622609569073226,-0.07490979006023886,-0.0749849966939127,Distressed
PTON,2022,0.1949639886103512,-0.7893752442633019,-0.10930429161072157,0.24268150579058761,Distressed
PTON,2023,0.32982180480662787,-0.45048744777345284,-0.21827368656133103,-0.2989513165952235,Distressed
PTON,2024,0.44674862983261737,-0.20441416086505704,-0.035674749134021355,-0.15212643991920075,Distressed
PTON,2025,0.5091938333065682,-0.04773566725550024,-0.0776181306473115,-0.21795821126171083,Distressed
PTRA,2021,0.008449312361031048,-1.0294243597134152,0.2331486775361399,0.26543500833401645,Distressed
PTRA,2022,-0.07754942397951928,-0.7691586609948152,0.2738367783908425,0.4311329081295261,Distressed
PTVE,2021,0.10557292624609159,0.004230274048188339,0.15952228620174877,0.20049560711872044,Distressed
PTVE,2022,0.16028938906752413,0.05080385852090032,0.14401324259702042,0.08951022705948583,At-Risk
PTVE,2023,0.13303085299455536,-0.0411978221415608,-0.11414790996784566,-0.0849121598346538,At-Risk
PTVE,2024,0.18725718725718726,-0.02641802641802642,-0.06569872958257714,-0.1183888575192923,At-Risk
PUBM,2021,0.743010383062739,0.24945793008620235,0.5254524430580579,0.43700050430367626,At-Risk
PUBM,2022,0.6820656837506825,0.11196271159996879,0.1298852398328838,0.2839714725878693,At-Risk
PUBM,2023,0.6283752911832339,0.03326042829214947,0.04147749434433263,0.22754563142777726,Distressed
PUBM,2024,0.6531333260087346,0.042931304419479774,0.09078924700577498,0.08435039890104085,Distressed
PUMP,2021,0.24270394756401842,-0.06196012871149004,0.10805694649988849,0.0657825622287972,At-Risk
PUMP,2022,0.310135727017483,0.0015863080516464393,0.46332820286467685,0.277867064892256,At-Risk
PUMP,2023,0.30581348491994903,0.052523339378888236,0.27404682812625764,0.3055835637327557,At-Risk
PUMP,2024,0.262255536645789,-0.09545131642901752,-0.11415181191843224,-0.042173939443143266,At-Risk
PURE,2022,0.5396654074473827,-1.8839719373988126,-0.5281385281385281,-0.1627124078230202,Distressed
PURE,2023,0.5173148641449121,-2.1102823654768246,0.012951969778737183,0.05399195864445721,Distressed
PURE,2024,0.586856851757514,-1.706571574121243,0.04581779435269046,-0.07465940054495913,Distressed
PVAC,2021,0.9216519324717727,0.06942126797482619,1.1205958985318443,0.20164607252870345,At-Risk
PVAC,2022,0.9250848549890018,0.19009351294851767,0.9761980772781631,0.5752014535973987,At-Risk
PVH,2021,0.581570122450763,0.1040230701169891,0.28350110759049996,0.12764914859732943,At-Risk
PVH,2022,0.5676846701092617,0.02220695463309767,-0.014254972855473145,-0.0007001026012432856,At-Risk
PVH,2023,0.5818371177191707,0.07199192857220348,0.02144234391968263,0.014301762353992777,At-Risk
PVH,2024,0.5943094222746131,0.06916756232014701,-0.06127341961660718,-0.05661478367531648,At-Risk
PWP,2022,0.38031882465277506,0.028310058320810377,-0.21225279481876402,-0.0664163329035876,Distressed
PWP,2023,0.34237156441358385,-0.026551987814729623,0.02714934276262971,0.12442141216653907,Distressed
PWP,2024,0.40100496674976854,-0.07371882114575776,0.3536364645449332,0.25246284134116836,Distressed
PWR,2021,0.1504797340382627,0.03743821461173249,0.15867116345100526,0.16563514792842435,At-Risk
PWR,2022,0.14812986813852697,0.02876840755157154,0.3153792622663434,0.3147934173159071,At-Risk
PWR,2023,0.14065017843421332,0.03566141431609285,0.22304818060639092,0.2188940214217891,At-Risk
PWR,2024,0.1483036118041828,0.03822210262877704,0.13363477977374613,0.1303977291533377,At-Risk
PWSC,2021,0.5688169309592945,-0.06045313445447352,0.28446404591527014,0.3309174737150245,Distressed
PWSC,2022,0.568171331714982,-0.032959505805610745,0.129046290892556,0.14033795041267783,Distressed
PWSC,2023,0.5931017084473469,-0.04463119812055025,0.1061832965213903,0.07538708573026719,Distressed
PXD,2021,0.4654783855767261,0.14464249129276788,1.1904263275991025,0.744874364112841,At-Risk
PXD,2022,0.5819132296040175,0.3229192393183502,0.6590862528170457,0.23924374944783108,At-Risk
PXD,2023,0.5544365251523603,0.25276314430327446,-0.20301308965176587,-0.08640479076067584,At-Risk
PXLW,2021,0.5025770389459547,-0.35971471089978585,0.3487210867702852,0.14575133485888633,Distressed
PXLW,2022,0.511518832150087,-0.228523365551849,0.2730209429784763,0.15790104388581166,Distressed
PXLW,2023,0.43080248672017696,-0.43862794711530406,-0.14924585863769851,0.015523843473661212,Distressed
PXLW,2024,0.8130434782608695,-24.696043881430608,-0.6509892588799009,-0.47722532627691366,Distressed
PYCR,2022,0.608306725634451,-0.27862510974948007,0.2171626835082786,0.287025853294429,Distressed
PYCR,2023,0.6614027342534359,-0.16865632214687384,0.2871651913076083,0.15525292307476007,Distressed
PYCR,2024,0.6591561467475281,-0.08999493089527719,0.18501443842139925,0.08070623278116429,Distressed
PYPL,2021,0.593433447637066,0.1643214693941902,0.18257667567819522,0.22732575990175008,Distressed
PYPL,2022,0.5576350025437895,0.08790609782687696,0.08462417721020063,0.09581227798068745,Distressed
PYPL,2023,0.516811662355984,0.14262201471230393,0.08187368268042736,0.05675280796274313,Distressed
PYPL,2024,0.5063370758247634,0.13042110890964556,0.06805280306338383,0.06251890257074962,At-Risk
PYYX,2021,0.1384610412339575,-0.05007677475299751,0.8543594684325273,0.7711508186935988,At-Risk
PYYX,2022,0.1363097759077457,-0.020440434679752945,0.16770862426228547,0.1611556534300301,At-Risk
PYYX,2023,0.15366589604533004,0.0013101710700648788,0.061454471583351655,0.0419514843012194,At-Risk
PYYX,2024,0.13822977035860812,0.006112217179981139,0.22075669144167526,0.22759675812568375,At-Risk
PZN,2021,0.6133524637041348,0.0,0.4379991198897698,0.1215295275118182,Healthy
PZZA,2024,0.28210384934934524,0.04053924784414003,-0.03573794793588839,-0.04319081390606622,Healthy
QBTS,2023,0.5277460607444622,-9.444507878511075,0.22096751707793114,0.34027704822079813,Distressed
QBTS,2024,0.6302254446584343,-16.299875382349608,0.007878511075588034,-0.03643733763325271,Distressed
QCOM,2021,0.5751057617827564,0.2694095215396532,0.4264587140368025,0.3763023848112989,At-Risk
QCOM,2022,0.5783936651583711,0.29266968325791853,0.31680867544539115,0.19190814652815746,At-Risk
QCOM,2023,0.5569793411501954,0.20189838079285316,-0.18959276018099547,-0.01086803105151729,At-Risk
QCOM,2024,0.5621374672758072,0.26030491247882553,0.08771635957565606,0.0306435502283105,At-Risk
QDEL,2021,0.7482230442300526,0.41460397715464536,0.022196371356973835,0.3100169330441999,Healthy
QLYS,2021,0.7824778924634946,0.17257984493107506,0.13282070073258156,0.21471298378950768,At-Risk
QLYS,2022,0.7901099192808996,0.2205164960600176,0.19104170517447686,0.11031905257984043,At-Risk
QLYS,2023,0.8061440181222023,0.273411151070054,0.13218697100197457,0.08968583647014278,At-Risk
QLYS,2024,0.8165119796698658,0.2858595950102951,0.09579264795530049,0.07405931183553958,At-Risk
QMCO,2021,0.3943786260115281,-0.08658171216140462,0.0665120031123418,0.14325632941399583,Distressed
QMCO,2022,0.32450236461604065,-0.09192687134162887,0.10708720130248077,0.13306049240961387,Distressed
QMCO,2023,0.40079910141206676,-0.13249679075738124,-0.24506725588246694,-0.22865397548689936,Distressed
QNST,2022,0.09230560437313928,-0.00901564854088394,0.006243874106073257,0.03942178081730761,At-Risk
QNST,2023,0.08357043456694867,-0.11860687811733583,-0.0025339332312888357,0.024919182641266358,At-Risk
QNST,2024,0.07537888295947606,-0.051068109285199684,0.056645953319187634,0.06673816174514499,At-Risk
QNST,2025,0.10137138604256518,0.004303696314657162,0.7826993353044919,0.6950648322342221,Healthy
QRHC,2021,0.18434703296764413,0.010859923252407455,0.5783024301582703,0.5443609271826878,Distressed
QRHC,2022,0.1720034518078953,-0.021292889574076195,0.8240833742215035,0.8691632203602009,Distressed
QRHC,2023,0.173608943816796,-0.02528278856223429,0.015280278359266259,0.010333335239224323,Distressed
QRHC,2024,0.17327367501698251,-0.052205647900406195,0.0005340213192407188,0.006751811397533908,Distressed
QRTEA,2021,0.34270863001993734,0.0242096268869268,-0.009381392396134584,-0.0025386751289170964,At-Risk
QRTEA,2022,0.30472492978688254,-0.21427391376177102,-0.13799487325548276,-0.07118428378270898,Distressed
QRTEA,2023,0.33760879523591386,-0.013284470911589555,-0.0983809681149843,-0.11791402637437917,At-Risk
QRTEA,2024,0.35000498156819765,-0.12852445949985056,-0.080439761795694,-0.09241821182409475,At-Risk
QRVO,2021,0.49210261329044364,0.22243147124424792,0.15700094662749323,0.0845905657706808,At-Risk
QRVO,2022,0.3633502446770451,0.028898982713896654,-0.2316791347896147,0.0006450857074217481,At-Risk
QRVO,2023,0.39487800258177064,-0.018655494911004253,0.05606181881039357,0.024474038330438493,At-Risk
QRVO,2024,0.41290695732771243,0.01495440539869765,-0.013406265966946333,-0.007382266647494453,At-Risk
QSI,2024,0.5232177894048398,-24.696043881430608,1.8262476894639557,-0.005514329238416791,Distressed
QSR,2021,0.6706743335075798,0.14601847011674507,0.15519323671497584,0.09951525520387795,Distressed
QSR,2022,0.3993850883935434,0.1549577248270561,0.13347273044084335,0.183350622406639,Distressed
QSR,2023,0.39903161492452294,0.1694673882084876,0.07947732513451192,0.09116809116809117,Distressed
QSR,2024,0.35974304068522484,0.12146086128955508,0.19709484477356878,0.21630849568186383,Distressed
QTNT,2021,0.3880407124681934,-3.248948434335566,-0.11215104082620622,0.11807551283321772,Distressed
QTRX,2021,0.5583414740041246,-0.521798907341076,0.27992405385692953,1.8793949013163034,Healthy
QTRX,2022,0.42989139705464263,-0.9436326074183583,-0.045533485292521436,0.06555438625533576,At-Risk
QTRX,2023,0.6065638075313807,-0.23171090481171547,0.15964443433596787,-0.07323420074349442,At-Risk
QTRX,2024,0.6047401779931743,-0.2803865493629067,0.12301418671548117,0.13773491148349706,At-Risk
QTWO,2021,0.4512251363490536,-0.22607074109720884,0.2382837038269303,0.1753427810002856,Distressed
QTWO,2022,0.45316817313182706,-0.19266077751633895,0.13424967917869746,0.1469169622581147,Distressed
QTWO,2023,0.4845330951100182,-0.10467737390814313,0.10421391864204231,0.066497372175546,Distressed
QTWO,2024,0.5089724666314411,-0.0553309288060833,0.11501319193626885,0.04490182682990273,Distressed
QUAD,2021,0.19271044453452235,0.012768544791244426,0.010513380666302566,0.007610029808872524,At-Risk
QUAD,2022,0.18594964252409077,0.002890892135529997,0.08667747601675449,0.08544480022274815,At-Risk
QUAD,2023,0.19491496771139738,-0.018730770531155967,-0.0806030463164439,-0.08471478500657326,At-Risk
QUAD,2024,0.21704962203427888,-0.0190479754509393,-0.09652770734016296,-0.10614818707304256,At-Risk
QUIK,2021,0.5848640126133228,-0.521560898699251,0.46919156821867036,0.07738666666666667,Distressed
QUIK,2022,0.5440049443757725,-0.26372064276885043,0.275522270398108,-0.01094005247264987,Distressed
QUIK,2023,0.6834135295782621,-0.012406830833097461,0.31013597033374535,0.05745745745745746,Distressed
QUIK,2024,0.6153885298458094,-0.19546079079945042,-0.07297858288517785,0.049365770541461566,Distressed
QUOT,2021,0.36207895009338553,-0.08737972057204876,0.16956538315761616,0.14617955524244444,Distressed
QUOT,2022,0.46365569353732783,-0.2649584784912351,-0.44627167330784245,-0.34118598303856934,Distressed
QURE,2022,0.9650998495600192,-1.190697106580393,-0.6509892588799009,0.13868798206517388,Distressed
QURE,2023,0.13980937953670391,-19.470933535315282,-0.6509892588799009,0.18395034239217478,Distressed
QURE,2024,0.32420074486522366,-8.833511560160773,0.7117338887836899,-0.2913954263353603,Distressed
QVC,2021,0.2813986260348776,0.06931477893253479,-0.010285913528591354,-0.007975769813225644,At-Risk
QVC,2022,0.23070698897542227,-0.18883382219075553,-0.12920556632023955,-0.052411968247506616,Distressed
QVC,2023,0.3361202243623664,0.01682717747909832,-0.04430059674319814,-0.056277521211470304,Distressed
QVC,2024,0.3436701122596421,-0.11881738357230189,-0.047835749814795214,-0.05883691817457608,Distressed
R,2023,0.19171688025120937,0.03445642026648561,-0.018982599283989675,-0.009233276002534626,Distressed
R,2024,0.192465970243748,0.03869895536562203,0.072392429771705,0.06733668341708543,Distressed
RAD,2021,0.2078493161195209,-0.02191763314081525,0.021836283296261236,0.020817255201813396,At-Risk
RAD,2022,0.1994006367036488,-0.031128139795040647,-0.019389085631030777,-0.01247528335251226,At-Risk
RADA,2021,0.4055494899177727,0.21387628373537138,0.5381870186441345,0.36986863130506104,At-Risk
RADI,2021,0.9650998495600192,-0.6263452016716694,0.6465998124692084,-0.16907947337561963,Distressed
RADI,2022,0.9486992085991023,-0.44802002126151663,0.3073767722881217,0.30753933888856816,Distressed
RAIL,2021,0.056429450874168924,-0.20412213740458016,0.8723431722408181,0.4438470256450805,Distressed
RAIL,2022,0.07079565954040257,-0.10650191636006734,0.7963752770253633,0.6755718223471642,At-Risk
RAIL,2023,0.11662612784946927,-0.06587394894622346,-0.01826162290201067,-0.06356663888571133,At-Risk
RAIL,2024,0.11984090807525584,-0.13552665683514323,0.5622338331103931,0.5278329586206696,At-Risk
RAMP,2021,0.7211292009753015,-0.06399801761822883,0.19328662426133003,0.0568003722860826,Healthy
RAMP,2022,0.7149030394764853,-0.19896979967582046,0.12848784750793046,0.1591841623981806,Healthy
RAMP,2023,0.7279072129472562,0.01801076613593952,0.10573214456328793,-0.07352703593681548,Healthy
RAMP,2024,0.7104133694573352,-0.0010917674830333431,0.13024720272988702,0.15023823774760467,Healthy
RARE,2021,0.9544458546524532,-1.2920240405684593,0.29655757665203114,0.21957561058378497,Distressed
RARE,2022,0.9220541162417534,-1.9470534969683124,0.033929414978685624,0.3806965353280329,Distressed
RARE,2023,0.8963133640552995,-1.3986175115207373,0.19450965928951447,-0.009136101034529089,Distressed
RARE,2024,0.8625,-1.0160714285714285,0.2903225806451613,0.09272183449651047,Distressed
RAVE,2022,0.9650998495600192,0.5635498732008526,0.24426859071337134,0.09011280690112806,At-Risk
RBA,2023,0.4833134036308294,0.05612023045983259,1.1222747721767217,1.1198896590748337,Distressed
RBA,2024,0.4679286681294057,0.09642406983800943,0.1643113381889336,0.16706149277635046,Distressed
RBBN,2021,0.52625163173984,-0.20969706150727196,0.00137711173922576,0.02317345655579695,Distressed
RBBN,2022,0.48908948960671417,-0.11964843368790866,-0.02982045240171985,0.02839626426641272,Distressed
RBBN,2023,0.49384453595921285,-0.08011966033310784,0.008025519664291988,-0.02470841926518717,Distressed
RBBN,2024,0.5270680109032344,-0.06503925620082482,0.009127004776490037,-0.027821321807988297,Distressed
RBCN,2021,0.31100714109825167,-0.17975868012804727,0.1230641592920354,0.06376811594202898,Distressed
RBCN,2022,0.4014496793978255,0.26066350710900477,-0.11672001969958139,-0.0990657843518879,Distressed
RBLX,2021,0.22274709889270475,-0.2561775048835936,1.0772942519902369,1.0287683757107011,Distressed
RBLX,2022,0.16379752023772928,-0.41543568419974003,0.15937579623808282,0.3042552248518088,Distressed
RBLX,2023,0.18970847441157956,-0.4115159859306377,0.2580712720421815,0.2888384787267422,Distressed
RBLX,2024,0.2672358722802104,-0.25968613365041826,0.2867547085422863,0.14955741767387215,Distressed
RCII,2021,0.48762646311698327,0.029440698722425527,0.6286922245149672,0.6698308597107715,At-Risk
RCII,2022,0.48983274100483537,0.002910685279474781,-0.07375643374391916,-0.10256798186902265,At-Risk
RCII,2023,0.5065252517712973,-0.0012972104839854995,-0.05958907917101648,-0.06446391895940796,At-Risk
RCII,2024,0.48149986899858443,0.028579139204974166,0.08219365080716849,0.08628429245213817,At-Risk
RCKY,2021,0.3783076345660574,0.03998039776207784,0.8543465953142523,0.9119569519347243,At-Risk
RCKY,2022,0.3659271294528616,0.03325074129737195,0.19689358979594615,0.1948374820963712,At-Risk
RCKY,2023,0.38671554436343875,0.022575259888314606,-0.2496315853609001,-0.2537042578621965,At-Risk
RCKY,2024,0.39449326974780285,0.025094100120765496,-0.017454361208488783,-0.008805025547470929,At-Risk
RCL,2021,-0.5044542404467389,-3.4334480100617895,-0.306352077254443,0.01458509964374401,Distressed
RCL,2022,0.2515837104072398,-0.24389140271493212,4.509057831645275,0.8054809484733104,Distressed
RCL,2023,0.44064748201438847,0.1220863309352518,0.5723981900452488,0.14740787008119924,Distressed
RCL,2024,0.4751592356687898,0.17464361540794662,0.18597122302158273,0.1229359462892397,Distressed
RCLF,2023,0.436420026583961,-1.1549623393885688,-0.2882371491643015,0.10797786899875067,Distressed
RCLF,2024,0.4487339846523106,-0.5177309759643014,0.6382919805050953,0.1650451030927835,Distressed
RCM,2022,0.19901461470327725,-0.03504207263064659,0.22501017225010173,0.2622963598098059,Distressed
RCM,2023,0.2149321266968326,0.001463933989885547,0.2478963684676705,0.22866493763122145,Distressed
RCMT,2021,0.26057142857142856,0.053900674432863276,0.3554707497556662,0.2862118608647193,Healthy
RCMT,2022,0.2912990023886469,0.07337712519319939,0.39634580012262416,0.3214337294709912,Healthy
RCMT,2023,0.2913572180202631,0.06393858006283311,-0.0753231698749473,-0.06342583014883543,Healthy
RCMT,2024,0.2865794956534234,0.04787341044615274,0.0575261076520398,0.07086771692923231,Healthy
RDFN,2021,0.3714385842941591,-0.10354153166615973,0.19472561006576058,0.3137149587214165,Distressed
RDFN,2022,0.2811261452162383,-0.29206128919017726,0.03866855336762897,0.18502381606152765,Distressed
RDFN,2023,0.3376967907342486,-0.13313169620916745,-0.1117723773024826,-0.13250560275072035,Distressed
RDFN,2024,0.34919303264974655,-0.15800989281663388,0.06789075554536221,0.0048449612403100775,Distressed
RDI,2021,0.043527973536602906,0.22954839637566518,0.7859803241632632,0.3014939765972452,Distressed
RDI,2022,0.07581911724884917,-0.17814538561898433,0.460628505681001,0.2720220289406313,Distressed
RDI,2023,0.11925349279890816,-0.13770516826491397,0.09663983457647146,0.020543449439032555,Distressed
RDI,2024,0.10405791181178661,-0.1676792050425836,-0.05484771755917107,-0.043509743371312956,Distressed
RDNT,2021,0.1458492544543019,0.01880270128669272,0.19758875297786002,0.15889757451574385,Distressed
RDNT,2022,0.11587967226572853,0.007447234768307086,0.08743518440365089,0.13136000288532157,Distressed
RDNT,2023,0.13694599258952264,0.0018829293035512145,0.13046226699420516,0.10390132609005936,Distressed
RDNT,2024,0.13615341396015881,0.0015265097854032215,0.1317765969949834,0.12782434055512165,Distressed
RDUS,2021,0.916729355185174,-0.30514886530157886,-0.03633849441639255,-0.11454618506417663,Distressed
RDVT,2021,0.7456953341511062,0.014878924174276498,0.27282715549644365,0.09464712557645412,Healthy
RDVT,2022,0.7709779061480175,0.011553321579954237,0.21116714370087683,0.16807464102168207,Healthy
RDVT,2023,0.7829214005713906,0.22471928775496644,0.12914963051877415,0.08956323054553694,Healthy
RDVT,2024,0.8138424503584301,0.09313862400085118,0.2489037273270879,0.16584055459272096,Healthy
RDW,2021,0.2134940879790118,-0.44721331967064193,2.3738139021699154,1.8793949013163034,Distressed
RDW,2022,0.178730481036942,-0.8135647061021869,0.16677204380782115,0.08202261864340377,Distressed
RDW,2023,0.23777276456111568,-0.11182526661197703,0.5185395113018455,0.2519974702732974,Distressed
RDW,2024,0.14618498459393425,-0.3759112926297513,0.24733798195242002,0.3001407445967571,Distressed
RDWR,2021,0.8169398525633865,0.02726390595331174,0.1458602470933139,0.10010702906187592,At-Risk
RDWR,2022,0.8163625581918439,-0.0005657303715417175,0.024188819390148553,0.10621349307230375,At-Risk
RDWR,2023,0.8020988013410284,-0.08262786461123953,-0.10951313107904548,-0.012781156807575017,At-Risk
RDWR,2024,0.8062718277066356,0.021965948777648427,0.05200312294291444,-0.048485862130169435,At-Risk
REAL,2021,0.5847373912745996,-0.5048343781805119,0.5592384038619899,0.4389516990470953,Distressed
REAL,2022,0.5777879776567416,-0.32551330338545764,0.290364171292218,0.16386343390867958,Distressed
REAL,2023,0.6850086655112652,-0.30670084324891134,-0.08979225939654643,-0.1510874507426493,Distressed
REAL,2024,0.7452671511647271,-0.22348971829390957,0.09317245095611902,-0.0228406495718866,Distressed
REBN,2023,0.6571627912803217,-0.857843819845505,0.6997685250189553,0.48220345919114477,Distressed
REBN,2024,0.6281417342199158,-0.8106470858811109,0.07632232955631657,0.049464237992987305,Distressed
REE,2021,-0.5044542404467389,-24.696043881430608,-0.6509892588799009,1.8793949013163034,Distressed
REE,2024,-0.5044542404467389,-24.696043881430608,-0.6509892588799009,-0.3472263374485597,Distressed
REED,2021,0.27415875320066935,-0.3306921510514325,0.19185389883455484,0.3053691943222313,Distressed
REED,2022,0.22835165249523953,-0.3781414377556984,0.06939656041452448,0.035153271313100504,Distressed
REED,2023,0.28688689584218646,-0.3471852564245935,-0.15704832111008465,-0.24842725598526705,Distressed
REED,2024,0.29973125362280656,-0.34652474047531223,-0.1511261210887701,-0.09689686942544057,Distressed
REGI,2021,0.11402197869946518,0.06591112960651038,0.5179341814418094,0.5163593709760494,Healthy
REGN,2021,0.848335894771555,0.5024546252107742,0.8914335479163479,0.46443869632695295,Healthy
REGN,2022,0.8718136187761338,0.35639822885261524,-0.24258790295986113,0.014413090477468948,Healthy
REGN,2023,0.8615710669960053,0.3014057878205715,0.0775739552612771,0.2375154968031314,Healthy
REGN,2024,0.8612519363469934,0.3107027179270525,0.08270057634251213,0.1380346690679874,Healthy
REKR,2024,0.49283045102980794,-1.334187885634831,0.31760799244267596,0.16986592947345197,Distressed
RELL,2022,0.3192057697444573,0.07981034636274598,0.26949140089410356,0.19884277481225257,Healthy
RELL,2023,0.3186234571191435,0.08502691713178354,0.1693437806072478,0.13918032236883096,Healthy
RELL,2024,0.3052326173266823,0.0003104957752214191,-0.25203115838847473,-0.17519206334514184,Healthy
RELL,2025,0.31018290260352593,-0.005471281754256638,0.06336658861854831,0.05223370502239316,Healthy
RENT,2021,0.4244958189867191,-1.041810132808657,0.29079365079365077,0.14305555555555555,Distressed
RENT,2022,0.5290148448043185,-0.46794871794871795,0.45794392523364486,0.19167679222357228,Distressed
RENT,2023,0.5251509054325956,-0.3796109993293092,0.006072874493927126,-0.04384399694111649,Distressed
RENT,2024,0.5323318092749837,-0.22828216851730895,0.02682763246143528,-0.05758464409490802,Distressed
REPH,2021,0.2630440552016985,-0.15087579617834396,0.13325012406201597,0.0014296976256330087,Distressed
REPH,2022,0.25647903873013056,-0.22037599485667414,0.1971072186836518,0.19996530928110157,Distressed
REPH,2023,0.19166270407354574,-0.14026522956622814,0.049005697563571066,0.09198865847556568,Distressed
REPX,2024,0.9650998495600192,0.21672627449833123,0.09367892557466131,0.137868715247605,At-Risk
RES,2021,0.23316017846551568,0.00834403748747007,0.44563949309880296,0.22794360305557262,Healthy
RES,2022,0.3206762303013806,0.13632674517187945,0.8518999825419197,0.5353976638123604,Healthy
RES,2023,0.3264071014433617,0.12062821411657931,0.009809197621119741,0.03324758184594284,Healthy
RES,2024,0.2673860546897913,0.06462478065355523,-0.12517975559421665,-0.027810575381605213,Healthy
REV,2021,0.5915235483715784,-0.0995333621975273,0.09158220868560626,0.008228535941623972,Distressed
REV,2022,0.5780145425166633,-0.34028479095132297,-0.047289171116563236,-0.04075556924340417,Distressed
REVG,2021,0.12222782258064516,0.018649193548387098,0.045310853530031614,0.008577083791510886,At-Risk
REVG,2022,0.10615028306742151,0.006519128495453766,-0.02066532258064516,-0.0033144352376798954,At-Risk
REVG,2023,0.11982562547384382,0.01717210007581501,0.13141190598730484,0.11551588343397218,At-Risk
REVG,2024,0.12490547012856063,0.10822619947903538,-0.09772554965883246,-0.1081038675766847,At-Risk
REYN,2021,0.2280652418447694,0.09111361079865017,0.08979466748391052,0.1574773413897281,At-Risk
REYN,2022,0.20330102174482578,0.0675923500130993,0.07339707536557931,0.1030995106035889,At-Risk
REYN,2023,0.2507987220447284,0.07933972310969116,-0.015981137018600995,-0.04052055604850636,At-Risk
REYN,2024,0.26468200270635994,0.09526387009472259,-0.016240681576144837,-0.03020961775585697,At-Risk
REZI,2021,0.2709544988026001,0.041395826205952786,0.15282981660422007,0.12012711864406779,At-Risk
REZI,2022,0.2772370486656201,0.04442700156985871,0.08963393773520356,0.08265557026669189,At-Risk
REZI,2023,0.2717077859660365,0.03364306312079462,-0.020094191522762952,-0.012403913347309574,At-Risk
REZI,2024,0.281171424345511,0.017157225262535127,0.08314642742710669,0.09481691137449141,At-Risk
RFIL,2021,0.3094176650877682,0.10763792142658123,0.33407675866555153,0.22008424056896908,Healthy
RFP,2021,0.2865720524017467,0.0837882096069869,0.30857142857142855,0.10417450169236556,At-Risk
RGCO,2021,0.5316860326253836,0.13438100030862746,0.19182422507694008,0.19461638002999732,Distressed
RGEN,2021,0.5834961388982512,0.19132661431038545,0.8307595697045814,0.677995661810098,At-Risk
RGEN,2022,0.5685409014691791,0.2320033036569786,0.19536966059886599,0.2174721563266455,At-Risk
RGEN,2023,0.440317413127291,0.056290542442461754,-0.21106226045991697,0.015906670299457557,At-Risk
RGEN,2024,0.43289425776158147,-0.04021505613620852,0.003284511087003963,0.08311390248818325,At-Risk
RGF,2021,0.12242373788428376,-0.12062793601712553,1.1569105273958546,1.808996355595594,Distressed
RGF,2022,0.09357431420741871,-0.0775630703166935,0.6838675150145685,0.31181439827401475,Distressed
RGLD,2022,0.8374089223646383,0.4857929131868807,-0.6509892588799009,-0.47722532627691366,Healthy
RGNX,2021,0.8897983828960321,0.2717993311321216,2.0429975350495253,0.17591179985119607,At-Risk
RGNX,2022,0.5161190163585394,-2.486790745537774,-0.6509892588799009,0.20024541759337372,Distressed
RGNX,2023,0.5876310365461759,-2.919859932182354,-0.19944288705155955,-0.045873269435569755,Distressed
RGNX,2024,0.5971702188940092,-2.725398425499232,-0.0766162097471244,-0.108259619945866,Distressed
RGP,2022,0.3933353043037547,0.08344533911042983,0.2787887837640346,0.18962086378496545,At-Risk
RGP,2023,0.4037192368138435,0.07008249929413403,-0.03648986730731487,-0.0300451786357715,Healthy
RGP,2024,0.38885526413517046,0.03323951763666619,-0.18415946511474995,-0.1369838548364052,Healthy
RGP,2025,0.37622408317326617,-0.3478491142344617,-0.1287450557126174,-0.0833508546831671,At-Risk
RGR,2021,0.38256908103610604,0.21334517527533883,0.28454404185153676,0.1731744196388864,Healthy
RGR,2022,0.3022361632781845,0.148247354164359,-0.18460018392415317,-0.0667437452615618,Healthy
RGR,2023,0.2457284094106483,0.08866849220346215,-0.08739733016470809,-0.0014277416498438217,Healthy
RGR,2024,0.21360309011785836,0.05705852592118258,-0.01494022255855909,0.025028321093061995,Healthy
RGS,2022,0.9092427717806839,-0.31111328528411003,-0.32960930496950086,-0.23530180260777447,Distressed
RGS,2023,0.9650998495600192,-0.031650994745549145,-0.15451485141339363,-0.1991896037526323,Distressed
RGS,2024,0.9650998495600192,0.44861120690504575,-0.13004980156519205,-0.1827529113853603,Distressed
RGTI,2022,0.780720500686918,-5.4587849183330786,0.5985846754514397,1.7597164796219729,Distressed
RGTI,2023,0.7668221185876083,-6.254746835443038,-0.08349870248816975,-0.28674286203501564,Distressed
RGTI,2024,0.5279888785912882,-18.627247451343838,-0.1014323784143904,-0.04815632801997311,Distressed
RH,2021,0.4653229311253917,0.09541968654361788,0.0,0.0,At-Risk
RH,2022,0.49361528351982803,0.18318142395751857,0.3195203582358653,0.18888111688460002,At-Risk
RHE,2021,0.6285125515174222,-0.0442862495316598,0.5182888673986006,0.5685312397775597,Distressed
RHE,2022,0.4134446764091858,-0.1911482254697286,0.34600974147620833,0.4589363920750782,Distressed
RHE,2023,0.5004660918200886,-0.22652062456303892,-0.5222268615170494,-0.47722532627691366,Distressed
RHE,2024,0.4850286337605672,-0.1755113171529861,0.06822419016546259,0.03985743985743986,Distressed
RHI,2021,0.41724852834753345,0.0926458543941571,0.26471794871794874,0.20053744513921995,Healthy
RHI,2022,0.42746453440675797,0.09089611671061441,0.12020501918766145,0.09514299767841553,Healthy
RHI,2023,0.40281535426499454,0.06431676286508116,-0.1168290149599165,-0.05350886212737041,Healthy
RHI,2024,0.3877317460791254,0.043410123507614175,-0.09334038532865849,-0.06301764512282287,Healthy
RICK,2021,0.8460959346095934,0.1553636726792244,0.47557187875490264,0.20935939682515184,At-Risk
RICK,2022,0.8654472759883417,0.17203871160600853,0.37059685134539944,0.2487652351477251,At-Risk
RICK,2023,0.8672453112767623,0.09954729568739576,0.0977879082280846,0.15832370946477664,At-Risk
RICK,2024,0.8613516731843953,0.010185924412389549,0.006174478368902958,0.059785509778230696,At-Risk
RIDE,2023,-0.5044542404467389,-24.696043881430608,4.509057831645275,-0.3505970468184666,Distressed
RIG,2022,0.3479611650485437,-0.2411650485436893,0.007433489827856025,-0.003837298541826554,Distressed
RIG,2023,0.298728813559322,-0.336864406779661,0.09980582524271844,0.1236517719568567,Distressed
RIG,2024,0.37599318955732125,-0.1452894438138479,0.2443502824858757,0.08056222146040452,Distressed
RIGL,2021,0.9650998495600192,-0.12003806052158997,0.37391480468785965,0.14983938253121504,Distressed
RIGL,2022,0.9650998495600192,-0.4871259626420053,-0.1942828808062398,0.10278046406381351,Distressed
RIGL,2023,0.9391694187300011,-0.214669495730737,-0.02794364697859317,-0.21263583841533312,Distressed
RIGL,2024,0.895988353283727,0.0975300929283013,0.5338375455587687,0.1289409126975461,Distressed
RILY,2023,0.7360437501748219,-0.06816180087421211,0.5601953414803674,0.38089711850284436,Distressed
RIO,2021,0.4851563115205922,0.37922671076462716,0.24820334503493652,0.09006978030064741,At-Risk
RIO,2022,0.37412247542931204,0.2230622457428808,-0.12506496574533427,0.0675566464126433,At-Risk
RIOT,2021,0.5324160699296108,-0.07239159081423541,4.509057831645275,1.8793949013163034,Healthy
RIVN,2022,-0.5044542404467389,-4.072376357056695,4.509057831645275,0.991578947368421,Distressed
RIVN,2023,-0.4578258908434822,-1.2250789354984213,1.6743063932448734,0.19485553206483439,Distressed
RIVN,2024,-0.2414486921529175,-0.9551307847082495,0.12088407758231845,-0.05052590189717881,Distressed
RKDA,2022,0.17754111620382854,-2.07279590186034,0.09410029498525074,-0.3627128183481075,Distressed
RKDA,2023,0.5118994162550516,-3.1389762011674898,-0.39956861687786466,-0.47722532627691366,Distressed
RKLB,2021,-0.03041599048797339,-1.8850523000787314,0.7701080773606371,0.8231756036931818,Distressed
RKLB,2022,0.09000170619348234,-0.6442965743426415,2.390201969889294,1.107249376103232,Distressed
RKLB,2023,0.21018267155099105,-0.7464307908680579,0.1592257673131244,0.22042172154823803,Distressed
RKLB,2024,0.26626609874969626,-0.4359672087553357,0.7834352717995683,0.48165723888191997,Distressed
RL,2021,0.6669614858888799,0.09650237195465144,0.413038538447555,0.2869144785657866,At-Risk
RL,2022,0.6465019554286424,0.08111925010863492,0.03619844013829702,0.057675854629319644,At-Risk
RL,2023,0.6683053352233315,0.09746056639623608,0.029145198336333725,0.019941266463854256,At-Risk
RL,2024,0.6855346800395536,0.1049442011583557,0.0674970594444612,0.04982672712539439,At-Risk
RLBY,2022,0.135821185617104,-0.02872691933916424,-0.01985064390764307,0.003164199344558707,Healthy
RLGT,2022,0.12631602027930292,0.03046691868476428,0.6219154667863954,0.6106005229741653,Healthy
RLGT,2023,0.2614865599372079,0.0189730682846209,-0.25622045485223915,-0.24429351106298514,Healthy
RLGT,2024,0.2947437287375229,0.009576681994342468,-0.26072745295655586,-0.24989248694011687,Healthy
RLGT,2025,0.2652266100658472,0.019154842826377874,0.12489688088028213,0.11404295747849733,Healthy
RLGY,2021,0.19554052361267693,0.042966303394713766,0.283234206719177,0.260966798554963,At-Risk
RLGY,2022,0.16155182397220613,-0.041546033584250144,-0.13466115495427783,-0.09331514324693042,Distressed
RLGY,2023,0.1463804116394606,-0.017210787792760824,-0.18413433700057905,-0.15076737887451097,Distressed
RLGY,2024,0.14915671117357696,-0.022487702037947997,0.0099361249112846,-0.002834868887313962,Distressed
RLJ,2021,0.7210576022319974,-0.388420495275334,0.6607177960924735,0.14424065668494596,Distressed
RLJ,2022,0.7144560185379111,0.03512300802069598,0.519303417236885,0.2835179536640265,Distressed
RLJ,2023,0.7082289448293083,0.05763905076808062,0.11051285874895908,0.09359235285178476,Distressed
RLJ,2024,0.7032852844958524,0.049670668302371775,0.03308974129756325,0.0394058978837968,Distressed
RMBS,2021,0.7855828744090843,0.055844583069350355,0.33282451425370047,0.035642010920312266,At-Risk
RMBS,2022,0.7634550223948038,-0.031464864234937655,0.3852801062429943,0.2560205124767475,At-Risk
RMBS,2023,0.7757141896742041,0.5635498732008526,0.013905227213259659,-0.013676148796498906,At-Risk
RMBS,2024,0.8021878323608037,0.3230564977435396,0.20712096929846438,0.021571094246716178,Healthy
RMD,2022,0.5657459894520234,0.21783379963874955,0.11927521838073714,0.1276018024280425,At-Risk
RMD,2023,0.5578181162033657,0.21254025284910488,0.18022445821514999,0.19216747665060674,At-Risk
RMD,2024,0.566730988451746,0.21790528967533968,0.10947306803492216,0.07495288173608823,Healthy
RMD,2025,0.5936214313626009,0.27217916778315876,0.09839931171919304,0.04778812156637514,Healthy
RMR,2021,0.8029701698510304,0.05878419993478669,0.030081169794997496,0.02391216932035231,Healthy
RNG,2024,0.7060871231609798,-0.024282670143872153,0.08988530390764016,-0.0014638270227049358,Distressed
RNGR,2021,0.10167178437393382,0.029341521664960766,0.560702875399361,0.6326829268292683,Distressed
RNGR,2022,0.17189811010682005,0.024815119145439605,1.0760832480382123,0.7573946818046011,At-Risk
RNGR,2023,0.16478165252906063,0.0373861137291863,0.04617912900575185,0.021931315878952737,Healthy
RNGR,2024,0.172123971283488,0.032218525652250044,-0.10289035501099592,-0.09382798203293961,Healthy
RNLX,2022,0.2942760942760943,-15.244444444444444,0.9919517102615694,0.6367920411903307,Distressed
RNLX,2023,0.2115780193946518,-13.401998236849838,0.1457912457912458,-0.18882846378047913,Distressed
RNLX,2024,0.06815203145478375,-14.615989515072084,-0.32735821334116955,-0.317003702648818,Distressed
ROAD,2021,0.13169085764417687,0.022154536041610166,0.15917442110582056,0.20574294050793374,At-Risk
ROAD,2022,0.10701757890224434,0.016421930529456685,0.42925031210917725,0.43872361589294434,At-Risk
ROAD,2023,0.12560215612184594,0.03133961989014728,0.20118247733303424,0.17617765962640577,At-Risk
ROAD,2024,0.1415952396225867,0.03779561146539071,0.16650656071959416,0.14700321624350257,At-Risk
ROC,2023,0.7663746267282319,0.0970046173882158,0.17350026243477723,0.19041225941944206,At-Risk
ROC,2024,0.7507802079691284,0.019514911360605,0.015864872331189075,0.19644741611954727,At-Risk
ROCR,2022,0.11748264920621444,-0.048311613889124715,0.23130597264802585,0.3091765761723132,Distressed
ROG,2021,0.374209454389538,0.11587522778432843,0.1623719914326618,0.12438422622261727,At-Risk
ROG,2022,0.33051894563426687,0.12005766062602966,0.041054775431450315,-0.0639083856667898,At-Risk
ROG,2023,0.33806693086745926,0.06230735358872743,-0.06466227347611203,0.06051039200210471,Healthy
ROG,2024,0.3338152029875919,0.03144199494036863,-0.08619550858652576,-0.031133713718680227,Healthy
ROK,2021,0.4141109554977563,0.19408637493926315,0.10546936712060413,0.10104689079155622,At-Risk
ROK,2022,0.3997216638317613,0.12012267408896449,0.10904050075742419,0.11276411499826809,At-Risk
ROK,2023,0.48829763744756016,0.153124310002208,0.16720787588268646,0.1462856609235654,At-Risk
ROK,2024,0.46599709583736687,0.11531945788964182,-0.08765731949657761,-0.03978275627970129,At-Risk
ROKU,2021,0.5095160790918272,0.08767503537602764,0.5545449024622299,0.40633066854363936,At-Risk
ROKU,2022,0.46093277731827,-0.15928341095922832,0.1309238568985424,0.44591624220592024,Distressed
ROKU,2023,0.4369530786579537,-0.2036265657737618,0.11453097903301228,0.16940183550052468,Distressed
ROKU,2024,0.4390201264412587,-0.03145859683366813,0.18030062971016345,0.01264181682657641,At-Risk
ROL,2021,0.5204318772429155,0.1470795693602277,0.12172754277676498,0.10729290607081157,At-Risk
ROL,2022,0.514656934079129,0.13672967401791586,0.1120005774862847,0.11421819793348793,Healthy
ROL,2023,0.5217253369203827,0.14152868695900597,0.14001475616166195,0.12823125313573386,At-Risk
ROL,2024,0.526900222739758,0.13762737893025898,0.10263633813797515,0.09925243152923147,At-Risk
ROLL,2021,0.37872520946017607,0.05801251458267048,0.5482758620689655,0.5238673139158576,Distressed
ROLL,2022,0.4116245831348261,0.113455386918941,0.5582776540460282,0.561322006902044,At-Risk
ROLL,2023,0.42972505287444723,0.13452541177978594,0.06193425440686041,-0.028054067839836775,At-Risk
ROLL,2024,0.44374503452912056,0.15046140683248793,0.04870858168300968,0.040409341380215166,At-Risk
ROP,2021,0.7049526252637677,0.23844594315031653,0.20172036595067622,0.19006633781255317,Distressed
ROP,2022,0.6986112662422279,0.5635498732008526,0.11129959865943978,0.09979417986393002,At-Risk
ROP,2023,0.6972061251578232,0.22406034510667228,0.1500428161882423,0.15213266446598914,At-Risk
ROP,2024,0.693019093078759,0.22009603364018637,0.13943475023471139,0.13757162838965845,At-Risk
ROST,2021,0.2752838777084922,0.09106400826718031,0.5094877615046485,0.34366965095603536,At-Risk
ROST,2022,0.25404591580293123,0.08087584669286395,-0.011652154624353544,0.00736412175663146,At-Risk
ROST,2023,0.2736102538648956,0.09199221806648997,0.08991909371871128,0.08163659652648488,At-Risk
ROST,2024,0.2777534276113092,0.098949705618556,0.036918102673016526,0.026252017374462887,At-Risk
ROT,2021,0.2380295566502463,-16.060689655172414,-0.42414614773629866,1.8793949013163034,Healthy
ROT,2022,0.20282792230077562,-10.785228910700804,1.8707389162561576,0.41020844468198825,Distressed
ROT,2023,0.17979173446143834,-18.807842499186464,-0.5781453771707049,-0.2654258430761879,Distressed
ROT,2024,0.5520164397636784,-9.326611867454405,0.26684022128213475,-0.47722532627691366,Distressed
ROVR,2021,0.758405637444577,-0.5831277256297969,1.2507581967213115,0.24747311035803743,Distressed
ROVR,2022,0.7640480432159071,-0.12630883282569969,0.5842566712492148,0.6057370530476618,Distressed
RPAY,2021,0.7469465196252816,-0.2284249605487599,0.4142392734590676,0.399211842410686,Distressed
RPAY,2022,0.767837637477751,0.045969766534038614,0.2735088343412783,0.21268036300706183,Distressed
RPAY,2023,0.765014648025972,-0.37248800682338423,0.062314890751968825,0.0017877240873279898,Distressed
RPAY,2024,0.7711616971524587,-0.032442930980507406,0.0553388599149774,-0.004348055478829222,Distressed
RPD,2021,0.684447632068494,-0.2733151041082995,0.3011475481547367,0.3498542994532368,Distressed
RPD,2022,0.6871196628729658,-0.18204655494297772,0.2795627227290046,0.21546099052739337,Distressed
RPD,2023,0.7016279910043243,-0.19649430955359795,0.13520113621269247,0.015422425338616813,Distressed
RPD,2024,0.7025676327329039,0.030243824991972815,0.08525061494881749,-1.4833420685699594e-05,Distressed
RPID,2021,-0.3332042011019284,-3.164772727272727,0.44504571748460536,0.5115515798957462,Healthy
RPID,2022,-0.4984532773011148,-3.5490573746570946,-0.262525826446281,0.14032697547683923,Distressed
RPID,2023,-0.24357209467560725,-2.329899196234291,0.3143640926866281,-0.015805455993628037,Distressed
RPID,2024,-0.003885779473102563,-1.6715625111404229,0.2456592211021804,-0.014061354037581245,Distressed
RPM,2022,0.3627238611941331,0.073270860118359,0.09849519053146527,0.13006222560205624,At-Risk
RPM,2023,0.37870551487277326,0.06596798363489184,0.0817990830874478,0.0662137085208724,At-Risk
RPM,2024,0.4109713920823985,0.08021469400542065,0.010868040329562232,-0.004661987714269361,At-Risk
RPM,2025,0.41375631320324163,0.09341126466977112,0.005094149818745768,0.005972702743573361,At-Risk
RRC,2021,0.448149850711021,0.1405278710869446,0.4884073069649621,0.14055969325276535,Distressed
RRC,2022,0.576998957371844,0.2853410917985384,0.41532299760120645,0.05597627022583944,At-Risk
RRC,2023,0.5813441220881859,0.2581259378133452,-0.1862311355194767,-0.16465337305332656,At-Risk
RRC,2024,0.4150840434176057,0.11019062639113908,-0.28379980040724506,-0.0011558046635246604,Distressed
RRD,2021,0.19517698491044985,0.0007454116888611318,0.04141577324129828,0.04465130608921459,At-Risk
RRGB,2021,0.4225416373617576,-0.04342406448830401,0.33718998751028817,0.048007581340739826,Distressed
RRGB,2022,0.4096776538599516,-0.062331790374656075,0.0894401607386817,0.07115180079664658,At-Risk
RRGB,2023,0.39948397830928456,-0.016291059563515026,0.02964124235303042,0.01331469468175411,At-Risk
RRGB,2024,0.3816692830140322,-0.06210434420452361,-0.041814333492447696,-0.025649282528683866,At-Risk
RRR,2021,0.674297344889885,0.1494839912751043,0.3682657544325529,3.4047897826041724e-05,Distressed
RRR,2022,0.6655477327012007,0.12348763603011445,0.028362091824026096,0.012063894379450902,Distressed
RRR,2023,0.6555606854878469,0.10208539481209174,0.036242641782056106,0.059148175074710825,Distressed
RRR,2024,0.6319989933012242,0.079448234177114,0.12466025476687358,0.20309558134569472,Distressed
RRX,2021,0.29173555887987823,0.060257722489042854,0.3107327141382869,0.3061646194466766,At-Risk
RRX,2022,0.3199946338565323,0.09369669790528756,0.3694197307298638,0.3261264428429132,At-Risk
RRX,2023,0.33073095813268916,-0.009182971507191195,0.19793403476494376,0.26554146600097206,Distressed
RRX,2024,0.3631210845569956,0.0325168219032782,-0.034700113587278224,-0.058181754704465315,Distressed
RS,2021,0.31861239028474525,0.10026040742764292,0.5993486081321849,0.49171182462737,Healthy
RS,2022,0.30844640234948606,0.10808223201174744,0.20802083259421145,0.19591917427943029,Healthy
RS,2023,0.307127564011644,0.09022754442485766,-0.13034361233480177,-0.09999242325097636,Healthy
RS,2024,0.2968268883267076,0.06325984821105891,-0.06557520988254682,-0.030850119390191638,Healthy
RSG,2021,0.4034794156706507,0.11424524125719344,0.1124133312322723,0.10810022601890781,Distressed
RSG,2022,0.3927170453704389,0.11013248464214344,0.19619300575475873,0.2074788902291918,Distressed
RSG,2023,0.4024056130972269,0.11566989642499165,0.1076160165790837,0.09463264008718554,Distressed
RSG,2024,0.41679141716566864,0.12768213572854292,0.07129969929836284,0.05376254874305152,At-Risk
RSI,2021,0.3195214144497598,-0.03992788436914189,0.75262118491921,0.41383136004894167,At-Risk
RSI,2022,0.299804799632564,-0.0652317075641831,0.21328812448141282,0.23116363086897992,Distressed
RSI,2023,0.3271987279374849,-0.02648442258750132,0.16708374703653422,0.035929763880559545,At-Risk
RSKD,2021,0.5366608332860553,-0.7830549748844597,0.3499528690939083,0.614767655255228,Healthy
RSKD,2022,0.5171236416111955,-0.4007892913602836,0.14011460192632483,0.2999501901194034,At-Risk
RSKD,2023,0.5124794193743489,-0.19836363025435974,0.1391901151018002,0.010426476342098517,At-Risk
RSKD,2024,0.5219256463806349,-0.10662685181792646,0.10048721481133026,0.002427502076328784,At-Risk
RSVR,2021,0.5902657954829387,0.12125924788097431,0.3438762871972746,0.42910314092615154,Distressed
RSVR,2022,0.6075926759881076,0.02076435564898276,0.13396005359594648,0.14399354419797372,Distressed
RSVR,2023,0.6170099635022966,0.004452272465099576,0.18455965673406546,0.18819792937807145,Distressed
RSVR,2024,0.6381352908378812,0.04883196534244988,0.09561271635239182,0.027975056107894233,Distressed
RTC,2021,0.375245403895115,0.22483170091723312,0.26041897985433904,0.16465868629704203,At-Risk
RTX,2021,0.1939957756103622,0.06001164813319252,0.1378585187410536,0.07925053804279023,Distressed
RTX,2022,0.2037749351462564,0.07748188567850434,0.04171584767347953,0.033766233766233764,Distressed
RTX,2023,0.1754062681369704,0.046358096343586765,0.02752184154814086,0.0608688604311882,Distressed
RTX,2024,0.19086427704426664,0.059129530084966186,0.17147417295414974,0.13175949270379708,Distressed
RUN,2021,0.15185651267054834,-0.049332465399632534,0.7457923575484905,0.6406996617167604,Distressed
RUN,2022,0.1286763027144569,0.07468568834102546,0.4419182162968631,0.3108212540435764,Distressed
RUN,2023,0.07215685545662406,-0.7100131736564043,-0.026539336665199174,0.03245795200049336,Distressed
RUN,2024,0.16123616651756204,-1.3967416508360573,-0.0982798134181899,-0.15247677616560665,Distressed
RUSHA,2021,0.21308383575796377,0.047094871737848855,0.08239166881337179,0.051350948586649424,At-Risk
RUSHA,2022,0.20940975854974955,0.05511126256218608,0.38538300343611237,0.3692974923099081,Healthy
RUSHA,2023,0.20102021142144175,0.04379229640187841,0.11593808216940522,0.1235938946458418,At-Risk
RUSHA,2024,0.19621599472936083,0.03897026245312788,-0.015176988738456817,-0.010254420120305077,At-Risk
RUTH,2021,0.7006685728800367,0.09851487801865666,0.5450084249031496,0.29846700350054317,At-Risk
RUTH,2022,0.7009239747122711,0.07634751254304567,0.17881819431724705,0.2011622934578496,At-Risk
RVLV,2021,0.549504706133118,0.11200484636354457,0.5351615175433007,0.5129421093453789,Healthy
RVLV,2022,0.5377831809234658,0.053292307357074895,0.23561628467898452,0.3080744282844782,Healthy
RVLV,2023,0.5185638133129475,0.026337138200032,-0.029686331050211727,0.017805530810793987,Healthy
RVLV,2024,0.5250617084000422,0.04385920661007814,0.05725733331212414,0.03048868462666673,Healthy
RVNC,2021,0.6990925216586544,-3.615902722435024,4.076541598694943,0.22180202227483387,Distressed
RVNC,2022,0.6102515746992042,-2.6886583939953983,0.703964112187974,0.14826625509966693,Distressed
RVNC,2023,0.6822637156041702,-1.384318919842762,0.7654735412816355,0.13070559923307654,Distressed
RVYL,2023,0.390350544262096,-0.80616071293021,1.0015497280379229,0.10493731182947687,Distressed
RVYL,2024,0.40712594305853844,-1.4772289222974833,-0.6509892588799009,-0.47722532627691366,Distressed
RWLK,2021,0.48659068052296345,-2.134763660744217,0.3580696562713408,0.13563456729889614,Healthy
RWLK,2022,0.3456722917800762,-3.5508982035928143,-0.07626550452564532,0.32178722947210137,At-Risk
RWLK,2023,0.3214234156200375,-1.597589143929551,1.5138813282525858,0.5222037134847438,Distressed
RWLK,2024,0.3201496317655769,-1.1277714998246502,0.8523892016746066,0.20685421448780228,Distressed
RXN,2021,0.42529215358931555,0.12604340567612687,0.16764132553606237,0.07751937984496124,Distressed
RXN,2022,0.3998925020155872,0.061273851115291586,0.5530050083472454,0.6778006166495375,Distressed
RXN,2023,0.4296591923541459,0.07719371947697316,4.117710292932007,1.8793949013163034,At-Risk
RXN,2024,0.45415025827238786,0.10422952999539713,0.026781494512419263,0.003319604106473228,At-Risk
RXRX,2023,0.04459899046550757,-7.35986539540101,0.11876615716688001,0.3819203697867423,Distressed
RXRX,2024,0.2311562059178436,-7.8801645167320995,0.32,0.36288722490402525,Distressed
RXST,2021,0.19992918160492187,-2.1550037622272384,0.5392424035972203,0.5051015314577801,Distressed
RXST,2022,0.43522089582695644,-1.362228344046526,1.1690346567520913,0.49009020960466965,Distressed
RXST,2023,0.6035789260976459,-0.5456851937088137,0.8177124783185389,0.23894482875279327,Distressed
RXST,2024,0.7071044187326249,-0.19620945207143725,0.5708544293139644,0.27035397594170824,At-Risk
RXT,2022,0.27444512058418474,-0.25775870351984115,0.037481309187572684,0.04739050176204061,Distressed
RXT,2023,0.21264076290960737,-0.2833181157214839,-0.05290971399288986,-0.008075111353222034,Distressed
RXT,2024,0.19487779036206204,-0.3135435314749187,-0.07439721348618579,-0.05950573413018898,Distressed
RYAM,2021,0.053086267137837304,0.04718384606531312,0.04741954735480722,0.03679590097930468,Distressed
RYAM,2022,0.07167377000780892,-0.008687641467517864,0.2200328512217614,0.1952105818823042,At-Risk
RYAM,2023,0.05364351651828908,-0.0619686855348591,-0.04305504036355442,-0.03440559292110542,Distressed
RYAM,2024,0.10156485768333345,-0.023764834620206735,-0.007924154004369178,-0.053533075503004256,At-Risk
RYI,2021,0.2020686131129632,0.05185628953535496,0.6371372526394739,0.5411788928760516,Healthy
RYI,2022,0.20717629198557783,0.06183186792333481,0.11423184677461984,0.09714296620035498,Healthy
RYI,2023,0.1999725957680036,0.02851997572768023,-0.19212157631728763,-0.15100805399481623,Healthy
RYI,2024,0.18139909104746993,-0.0018700937221388654,-0.09982970227259381,-0.06452075564479777,At-Risk
RYN,2021,0.28251878835288846,0.137482347194522,0.29149954490114693,0.07015594457456108,Distressed
RYTM,2022,0.9097639394195787,-7.66219646332177,4.509057831645275,0.17078394808703734,Distressed
RYTM,2023,0.8798625820116753,-2.385157824042982,2.275573229545647,0.29088488374959937,Distressed
RYTM,2024,0.8972688010082536,-2.002689700751579,0.6806064989409516,0.5112745191664916,Distressed
S,2022,0.6584931983826765,-0.8969607678259696,1.061430964018379,0.7472475324713843,Distressed
S,2023,0.7113743129723064,-0.5452641373958793,0.4713048256782076,0.2038290158895672,Distressed
S,2024,0.74301153676194,-0.35113170314841485,0.3224755857645608,0.15909127534083217,Distressed
SABR,2021,0.5905848567833617,-0.5497559025978832,0.2659283412038078,0.013876430308435455,Distressed
SABR,2022,0.5897466116676487,-0.17163792882580514,0.5021922877655244,0.18846422088022147,Distressed
SABR,2023,0.5926534313723635,-0.19969440708957384,0.04141165897718382,-0.06726803248662026,Distressed
SABR,2024,0.5823898981545406,-0.10155728283382122,0.03889667106598332,-0.04094405280908434,Distressed
SAFM,2021,0.18640055854037782,0.0948170628168328,0.34660310240506675,0.17476098763346787,Healthy
SAGE,2021,0.9123335447051364,-24.696043881430608,-0.6509892588799009,-0.04694521562283903,Healthy
SAGE,2022,0.8942232630757221,-24.696043881430608,0.21845275840202916,0.18718925039114587,Healthy
SAGE,2023,0.9650998495600192,-6.263246775779307,4.509057831645275,0.14106098165592465,Distressed
SAGE,2024,0.7710156875106079,-9.71476371747933,-0.5229541379908623,-0.28622823177726026,Distressed
SAH,2021,0.15442386499306252,0.02814526798102675,0.26921265485819595,0.25306717671798884,Healthy
SAI,2022,0.10716300056401579,-0.8314532806918594,-0.37563094259889657,-0.47722532627691366,Healthy
SAI,2023,0.06744391971664698,-0.9031877213695395,-0.3630381650686219,-0.18324393656716417,Healthy
SAI,2024,-0.18221179866498285,-1.061879848457514,-0.18196576151121605,-0.03976015418659433,Distressed
SAIA,2023,0.26992715083085395,0.12315295896173883,0.03201080780227624,0.042802087726016326,Healthy
SAIA,2024,0.26628211128817847,0.11282538202609226,0.11370765865456528,0.12638784074100234,Healthy
SAIC,2021,0.1161752772518258,0.03746280768190425,0.04790249433106576,0.03975211608222491,At-Risk
SAIC,2022,0.11526479750778816,0.03894080996884735,0.04192588585339464,0.047099869167030094,At-Risk
SAIC,2023,0.11714132186996239,0.06407845244492208,-0.03374870197300104,-0.03609607108149382,At-Risk
SAIC,2024,0.11926728172215537,0.048402192806524934,0.004701773240193444,-0.003888808872245427,At-Risk
SAIL,2021,0.7374850212095116,-0.14041106813014576,0.20177739326605595,0.36679867280316814,Distressed
SAM,2021,0.3877252478832361,0.007072727643852953,0.1849712513936624,0.3446048721600743,Healthy
SAMG,2021,0.4486143932889068,0.11164639103971793,0.21873813470638898,0.1794590557979977,At-Risk
SAMG,2022,0.41883019388558396,0.15280359041366046,-0.06372195162724253,-0.16251162422587603,At-Risk
SAMG,2023,0.3814922067966953,0.07745507197001959,-0.04712823717506513,0.16462110920796172,At-Risk
SAMG,2024,0.3800050141122999,0.07711219480635013,0.05315560855123073,0.07539227718554432,At-Risk
SAND,2021,0.5424952115619014,0.24048406756050844,0.2347218489653319,0.13047473200612558,Healthy
SAND,2022,0.4409676465051233,0.5268603931904365,0.2948981368622671,0.5385596124117488,At-Risk
SANM,2021,0.0781260295537962,0.037033662216718735,-0.03189686755158131,-0.03445648788816268,At-Risk
SANM,2022,0.07856511333495463,0.030352963815697263,0.1753047776045077,0.1694608760943216,At-Risk
SANM,2023,0.0831792957351768,0.034691475636168936,0.12821647295792651,0.12031846298349086,At-Risk
SANM,2024,0.08461961479470763,0.02940358821657835,-0.1529616852645895,-0.14760762467108587,At-Risk
SANW,2022,0.08906488015620306,-0.5100652801601383,-0.15103966213247227,-0.01608028551309652,Distressed
SANW,2023,0.19773974045151085,0.19599870736763858,0.030369481036727458,-0.10931664435407083,Distressed
SANW,2024,0.26157045756166203,-0.49685902002073207,-0.17790282001440916,-0.1828019210313033,Distressed
SAP,2023,0.7220495401647462,0.19207229146831126,0.08777741821519797,0.10456734291545282,At-Risk
SAP,2024,0.729547050568968,0.0914384363204415,0.095145550633195,0.04656504941527924,At-Risk
SATL,2022,0.4537591483699268,-6.094644045242847,0.41558747351071346,0.3292582530666008,Distressed
SATL,2023,0.49811395672027,-6.056978360135001,0.6756487025948104,-0.17962613156618049,Distressed
SATL,2024,0.6096348096348096,-9.034343434343434,0.27754615842763547,-0.18119707588358896,Distressed
SATS,2023,0.2979775967908974,-0.10002922024838622,-0.08686415323700246,0.008030817226853225,Distressed
SATS,2024,0.25610153880606484,-0.007554003294426545,-0.06994065092511001,-0.024365597558443995,Distressed
SAVE,2021,0.16382044555872816,-0.14627109594447152,0.7849368681706631,0.3933026793545927,Distressed
SAVE,2022,0.211058140688854,-0.10933329282125274,0.5688022223769839,0.4231327267395656,Distressed
SAVE,2023,0.17002007813821374,-0.08344240770573845,0.05802605808051263,0.10768461387004727,Distressed
SAVE,2024,0.10877960589984045,-0.2502319666887897,-0.0837527079006644,-0.009383685435715015,Distressed
SB,2021,0.9650998495600192,0.5298832024945977,0.6604477235337458,-0.16526001705029839,At-Risk
SB,2022,0.9650998495600192,0.4934089752314722,0.06287249529679574,0.05365623244650973,At-Risk
SB,2023,0.9238188332671122,0.27197864986410036,-0.18677048364682403,0.15483128369782517,At-Risk
SB,2024,0.9456235189332743,0.3165330117380125,0.08168747648566636,0.026926789348888935,At-Risk
SBAC,2021,0.7637404854571614,0.10291948230145606,0.10834423835578824,0.053051376941779055,Distressed
SBAC,2022,0.7460939131649916,0.1752181735469843,0.1405991076014993,0.11904760344851308,Distressed
SBAC,2023,0.7740722765733977,0.1850623104428998,0.029668260770835564,0.04676630488874421,Distressed
SBAC,2024,0.7829080389336752,0.2797158119355106,-0.011782780839538808,-0.30429352461652476,Distressed
SBH,2021,0.5040865838089681,0.0618988866313961,0.10262752786448626,0.06490670343925505,At-Risk
SBH,2022,0.5029831754930135,0.048106374809497414,-0.015337302196621055,-0.0004620586145252109,At-Risk
SBH,2023,0.5091505636470393,0.049515427435355676,-0.022915085970229836,-0.01867956507575468,At-Risk
SBH,2024,0.5085596541971267,0.04127326352672334,-0.0029773631881497725,0.014317033270651765,At-Risk
SBIG,2022,0.7483570543392541,-0.49104359908370576,0.13984247923979112,0.46974492645689814,Distressed
SBIG,2023,0.7687700534759359,-0.3648128342245989,0.0533628750610237,-0.10124778312642513,Distressed
SBIG,2024,0.7300093310073431,-0.07610856424195708,-0.12124777183600713,-0.3182282673808097,Distressed
SBUX,2021,0.6992938893209363,0.14450148998988321,0.23567480227910537,0.10924041254357934,Distressed
SBUX,2022,0.6800835961215864,0.10175409220999494,0.10976029400631783,0.14002966799708239,At-Risk
SBUX,2023,0.6828656089127075,0.11464714973482026,0.11551210376337584,0.09532864136646946,At-Risk
SBUX,2024,0.6909404525627346,0.10396061498996578,0.0055760015121360034,0.01955520843246578,Distressed
SCCO,2021,0.6438298533944267,0.31068857976422387,0.3693471427319065,0.0009868015295423707,At-Risk
SCCO,2022,0.5373063028095423,0.2625921834413161,-0.08104919472110188,0.15261860751694392,At-Risk
SCCO,2023,0.526293983306049,0.2450736676165646,-0.0151374914161168,0.016286238662889113,At-Risk
SCCO,2024,0.5765564049189218,0.29535396295065336,0.1553790496978516,0.0307179801876041,At-Risk
SCHL,2022,0.5340556333313043,0.049242193681903954,0.26347765900176884,0.17775745102523058,At-Risk
SCHL,2023,0.5384976525821596,0.050645539906103286,0.03719033416519569,0.03404310400621319,At-Risk
SCHL,2024,0.5564571931811033,0.0076114990249732655,-0.06707746478873239,-0.02034174125305126,At-Risk
SCHL,2025,0.5577976007382344,-0.001168871116579514,0.022519972321821728,0.026578073089700997,At-Risk
SCHN,2021,0.1642869752997135,0.059854612077137596,0.610980393530969,0.5037907875438712,Healthy
SCHN,2022,0.14001603642189847,0.04842483034813953,0.26363986020196833,0.2819341351215144,Healthy
SCHN,2023,0.10676165350090763,-0.008948298258566996,-0.1731563493759709,-0.12896649557405976,At-Risk
SCHN,2024,0.06466627134413071,-0.0972767291831283,-0.049799044071522545,-0.01074304632870518,At-Risk
SCI,2021,0.3193408965126234,0.19379948990416213,0.17987537551519875,0.11282377862190311,Distressed
SCI,2022,0.28101661344170276,0.1375966525347309,-0.00832266711527939,0.07175860313349247,Distressed
SCI,2023,0.26630880989165756,0.1310600232500394,-0.0021620182341643666,-0.008137104954177082,Distressed
SCI,2024,0.2605251459554904,0.12388940418437987,0.02112333887347071,0.02192561365465121,Distressed
SCL,2021,0.16871941025573262,0.05874083426614026,0.25469501270223294,0.2797946513173712,At-Risk
SCL,2022,0.1539947426684023,0.05306118769539208,0.1821441572469507,0.18086850179940253,At-Risk
SCL,2023,0.11935756274916501,0.01728633294464452,-0.16136257919351524,-0.1214587732897458,At-Risk
SCL,2024,0.12485311479199403,0.023102600865762744,-0.06255740039419237,-0.06362428760814309,At-Risk
SCLX,2021,0.8839607880703771,-2.8235143851582207,0.32924448217317487,0.14174232377843518,Distressed
SCLX,2022,0.7161224167849819,-0.6142924751538098,0.2144841459909953,0.32034844762117487,Distressed
SCLX,2023,0.6645273089018676,-2.445949126072353,0.22897933427985487,0.7162223124464294,Distressed
SCOR,2021,0.4467661908433761,-0.13633577012258422,0.030831151905987036,0.06236045513095749,Distressed
SCOR,2022,0.45461887291690467,-0.17682500803617207,0.025639418767182634,0.007962048914059381,Distressed
SCPH,2024,0.6873004513927117,-2.3436089397776065,1.6728463179577724,0.4655669744452014,Distressed
SCPL,2021,0.6865203761755486,0.03184293020953638,0.04105118515973892,0.0416274694261524,Healthy
SCPL,2022,0.6959761549925484,0.03338301043219076,0.10707803992740472,0.1682095281101829,Healthy
SCS,2021,0.2746420456594655,0.0014426371406931872,0.06798397658115708,0.09796569605105704,At-Risk
SCS,2022,0.2851883932438285,0.010920002474788096,0.1658672052511992,0.14360967812250236,At-Risk
SCS,2023,0.3218128877073047,0.02566780605139891,-0.02258244137845697,-0.04085263191333905,At-Risk
SCS,2024,0.3338281743524953,0.03812381554011371,0.002025572857323712,-0.007352697645149538,At-Risk
SCSC,2022,0.12083055353710478,0.0251557040002153,0.12032762410633978,0.10658021677849581,Healthy
SCSC,2023,0.11860403656974734,0.023710563687240956,0.07302854018558415,0.0716207793488289,Healthy
SCSC,2024,0.12241576116882921,0.023639421818885707,-0.1393745737872457,-0.13327765356320864,Healthy
SCSC,2025,0.13438721919488558,0.02352925700717901,-0.06718154345852778,-0.06849582970920282,Healthy
SCVL,2021,0.39596315076586336,0.11641739214097478,0.28348146883269615,0.142921711583135,Healthy
SCVL,2022,0.37090082274695285,0.08720087780801515,-0.05123219136586605,-0.006189322550189715,Healthy
SCVL,2023,0.35836078790218745,0.06237700721671052,-0.0684127757509497,-0.029946468469453508,At-Risk
SCVL,2024,0.35647131687567807,0.06132423298985356,0.022964038908666006,0.02712178843415926,At-Risk
SCWX,2021,0.5943192816331412,-0.07434596254955962,-0.046022166214525324,-0.0105764065812494,Distressed
SCWX,2022,0.5877728032795728,-0.2470446086628189,-0.13403797359560848,0.014372315295751444,Distressed
SCWX,2023,0.5951667081193509,-0.2351651775587011,-0.21057446464210583,-0.22705622004150777,Distressed
SCX,2022,0.3320680643749926,0.0586438366423467,0.15505545336999874,0.15046957636357258,At-Risk
SCX,2023,0.3219951285013896,0.09012272429191519,0.009787111599875444,0.02329284232733783,Healthy
SCYX,2023,0.8885122840567714,0.47838248621031676,4.509057831645275,-0.25730891158858754,At-Risk
SDGR,2021,0.47574511893627974,-0.727849431962358,0.27601646699662336,0.475489761021472,Distressed
SDPI,2021,0.4200639929862811,-0.03972668571714368,0.27365163572060125,-0.07567320052546771,Distressed
SDPI,2022,0.4845966948772383,0.05577413641767194,0.43202411730702767,0.29734023823762706,Distressed
SDPI,2023,0.544167079766321,0.35454392057882805,0.09822466982519926,0.09637448287987443,Distressed
SE,2021,0.39132703645033395,-0.20559718096791724,1.275126700770443,1.031743678320208,Distressed
SEAC,2021,0.5987184181618455,-0.2720615159282314,0.24142006454838857,-0.17917370311347905,Distressed
SEAC,2022,0.6317360662296495,-0.3509679007786292,0.1897839619187111,-0.03769921761808172,Distressed
SEAS,2021,0.9239976591542365,0.17058447992658257,2.4826381088473504,0.5959013802235557,Distressed
SEAS,2022,0.9218957312026025,0.1681976528921228,0.15129511281945562,0.14329629792279655,At-Risk
SEAS,2023,0.9237240868835453,0.13564100737466459,-0.0026859407464142693,0.03466661436190644,At-Risk
SEAS,2024,0.9238353191703941,0.1318593103464265,-0.0007448220101274943,-0.0036200174405378763,At-Risk
SEAT,2022,0.765926893385354,0.04774819499095413,0.35490409400548034,0.43050806757497945,Distressed
SEAT,2023,0.7444390983603107,0.10455631320322242,0.18758933420404683,0.20659667247832075,Distressed
SEB,2022,0.09161255892555367,0.05194343146846927,0.21822515982229929,0.20693193478508723,Healthy
SEDG,2023,0.23645771180381975,0.011533236038767316,-0.043002894595629525,-0.0026615410376953147,At-Risk
SEE,2021,0.3037514908381221,0.09158263760887636,0.12860988742046012,0.1361720786338944,At-Risk
SEE,2022,0.31423811127457063,0.08713376699338875,0.019534497090606815,0.005831778906970262,At-Risk
SEER,2022,0.45781966049183503,-6.000516362228103,1.3413933806861116,0.44356511717249325,Healthy
SEER,2023,0.510533581417682,-5.178380649420803,0.07538888530304008,0.0656092541338443,Healthy
SELF,2021,0.6406098490507507,0.31223751835361313,0.14269587074420728,-0.02347365088181081,Distressed
SELF,2022,0.6509640556390411,0.17226863459984848,0.13664889431078436,0.0759777890883902,At-Risk
SELF,2023,0.6268440366295168,0.2410661720826055,0.02058334763517332,0.08245138195217772,At-Risk
SELF,2024,0.6217167533367172,0.16948887016092218,0.027854395742989643,0.0633081815073037,At-Risk
SEM,2021,0.14817693244355118,0.0648277907298153,0.121626338893576,0.10609972973713432,At-Risk
SEMR,2021,0.7769479949574736,-0.017473311312173872,0.5055135135135135,0.4539306976034193,At-Risk
SEMR,2022,0.8090839742682332,-0.13309426068355903,0.35273748543890726,0.46684410007664284,At-Risk
SEMR,2023,0.829927683432193,0.0030876736816445923,0.20981377498859685,0.12391518296501744,At-Risk
SEMR,2024,0.8262356859466847,0.021856879370513383,0.22471764036727065,0.1734023244706257,At-Risk
SENEA,2021,0.10221471471471472,0.03335065835065835,-0.0561198764823077,0.027057008150684667,Healthy
SENEA,2022,0.0691150904494114,0.0061158695917188305,0.08956456456456456,0.1235557647927908,At-Risk
SENS,2021,-0.05930530164533821,-22.118756855575867,1.7631844817134774,-0.15725686556690732,Distressed
SENS,2022,0.16633107572152053,0.5635498732008526,0.19846435100548446,0.1998249996471767,Distressed
SENS,2023,0.1380527020991514,-2.6972755694506474,0.3661602294221734,0.15264185565070104,Distressed
SENS,2024,0.023718405126379495,-3.4983980064079745,0.0036623492630638676,-0.006929066361882992,Distressed
SERA,2021,0.5487804878048781,-24.696043881430608,2.28,0.9713825294509891,Healthy
SERA,2022,0.2798507462686567,-24.696043881430608,2.268292682926829,0.2943597260196747,Distressed
SERA,2023,0.3137254901960784,-24.696043881430608,0.1417910447761194,-0.12615418118466898,Distressed
SERA,2024,-0.06493506493506493,-24.696043881430608,-0.6509892588799009,-0.08510479228449672,Distressed
SFIX,2022,0.4394242453677364,-0.10264673873180943,-0.039716208100100035,0.017395671016469872,At-Risk
SFM,2021,0.36217367946754264,0.04002659729249923,-0.05702639408888165,-0.05122530604265789,At-Risk
SFM,2022,0.3667211463435923,0.0407799665939178,0.04989516987987775,0.04857441118680466,At-Risk
SFM,2023,0.36883126646097397,0.03785892382232737,0.06763677654572615,0.07299040682860329,At-Risk
SFM,2024,0.38105719567473173,0.04930518221235373,0.12898295605453783,0.11216630777784954,Healthy
SFRX,2023,-0.5044542404467389,-24.696043881430608,0.1798442004539042,-0.08515437423712614,Distressed
SFT,2021,0.07660602101845121,-0.26107095807772085,2.254013427482398,1.8793949013163034,Distressed
SFT,2022,0.03776800103763979,-0.2564908393998983,0.053204034110625575,0.06901865747761521,Distressed
SFWL,2022,0.11215013839195301,0.02102747586579356,0.06814556719229072,0.06615263581298504,At-Risk
SFWL,2023,0.11507939453777458,0.025472568859326784,0.09126037939647606,0.08249024215002816,At-Risk
SFWL,2024,0.09180455333447055,0.021576569250116036,0.24754219652034912,0.25441615519649424,At-Risk
SG,2021,0.39958043274860683,-0.4506817232268429,0.5405752102078282,0.3039784805800017,At-Risk
SG,2022,0.40947235192137926,-0.4051031152614841,0.3831743528484085,0.3770455470526435,Distressed
SG,2023,0.42978147082139784,-0.19413705544644982,0.24236287637868137,0.07963261010863847,Distressed
SG,2024,0.447075023713628,-0.1335247168400741,0.15886727130458306,0.10054512590358597,Distressed
SGA,2021,0.23165317556279594,0.10297850345661463,0.1307755732520639,0.015003318355401304,Healthy
SGA,2022,0.2380997972026146,0.08009191160471046,0.06045614391331235,0.0914440680872958,At-Risk
SGA,2023,0.1954391189915501,0.08224823382739992,0.005317991522547066,0.021537373677852745,At-Risk
SGA,2024,0.18671791284017747,0.03064143323975593,-0.022380177309876716,0.06295185356099062,At-Risk
SGC,2021,0.34640381685928495,0.05482452056478195,0.01953495083511013,0.03917192015124977,At-Risk
SGC,2022,0.33405087149789836,-0.055232010725064826,0.07792568148890287,0.13946356423112496,At-Risk
SGC,2023,0.37464798583476594,0.016145716378735953,-0.061380610229928946,-0.06912166780587833,At-Risk
SGEN,2021,0.8021019187980469,-0.42840664620981966,-0.27632960337130713,0.429308842048187,At-Risk
SGEN,2022,0.7910438786554506,-0.31099891358185744,0.24647367107244736,0.14135400790719133,At-Risk
SGH,2021,0.22545377720555285,0.020188928963581293,-0.05955931028522502,-0.03904733096710874,At-Risk
SGH,2022,0.28014307861156723,0.04768116938753872,0.3224421119647115,0.23924973648365716,At-Risk
SGH,2023,0.2880631396357329,-0.1301134431916739,0.03250575265997839,0.07537580318415132,At-Risk
SGH,2024,0.2910635157619261,-0.04481737211264815,-0.18765238508239376,-0.16751648532627186,At-Risk
SGHT,2021,0.8241277882179917,-1.28605278209004,0.7712011577424023,0.6787123086180383,At-Risk
SGHT,2022,0.8267092848831504,-1.2090395480225988,0.4570430590734537,0.5461397534699405,Distressed
SGHT,2023,0.8534223253059613,-0.6852916502171338,0.13633623529741626,-0.10918633480374795,Distressed
SGHT,2024,0.8549946159817695,-0.6449177372098265,-0.014681208053691275,-0.05734114075037953,Distressed
SGLB,2021,-0.5044542404467389,-4.470735849227947,1.0455598101767456,0.6575448580024152,At-Risk
SGLB,2022,-0.5044542404467389,-13.78813123782573,-0.6183306947416854,-0.017829732081921946,Distressed
SGMA,2022,0.11733897302046002,0.026073851207571587,0.36222923822709335,0.31195450331136837,At-Risk
SGMS,2024,0.7079673776662484,0.1053952321204517,0.09855272226051,0.05846422338568935,At-Risk
SHAK,2021,0.4142720636632594,-0.011697637361077885,0.41506922410479147,0.35487754046051684,Distressed
SHAK,2022,0.4237089749313149,-0.023575047252261557,0.21704895167274188,0.22654532338611935,Distressed
SHAK,2023,0.43974573645121573,0.01863299780328505,0.2077178323705199,0.16611618943624284,Distressed
SHAK,2024,0.45817845646842426,0.00814859876353975,0.1517884974524911,0.12849653024044946,Distressed
SHC,2021,0.5568268923152238,0.12548015089996759,0.13850625429318053,0.10227235599699415,Distressed
SHC,2022,0.5549578703320855,-0.23271199088959008,0.0775208861615626,0.11944067758931151,Distressed
SHC,2023,0.550047270148901,0.04896272520032632,0.04543348673441023,0.022849403643671634,Distressed
SHC,2024,0.5473214829327515,0.04034564324666202,0.048750200135711075,0.03911358588447261,Distressed
SHCR,2021,0.5087500793333576,-0.20590337075929896,0.25550098082450085,0.4384442648606151,Distressed
SHCR,2022,0.4621960625204842,-0.2683159476961676,0.07170282087617941,0.16654150925015268,Distressed
SHCR,2023,0.4271252147665025,-0.2885967690134329,0.006410270899494818,-0.0007071064601709962,Distressed
SHLS,2022,0.40163638588120143,0.3903193246467242,0.5334033731684896,0.4961963245131351,At-Risk
SHLS,2023,0.3442228989710373,0.08175661994645549,0.49550070349299563,0.5335840020951419,At-Risk
SHLS,2024,0.3557468788200637,0.060437165587863974,-0.1835218708264221,-0.1509329013622702,At-Risk
SHO,2021,0.5137542963763134,0.0673632524796229,0.9004800191111808,0.21106019821782043,At-Risk
SHO,2022,0.5549227950568663,0.09570606094163388,0.7913247569478543,0.4020789973758031,Distressed
SHO,2023,0.5524764820371422,0.20954099424215392,0.0816038103048836,0.06090651177174512,At-Risk
SHO,2024,0.5418073788182718,0.04776062061648758,-0.08177661990106236,-0.0494684599279113,Distressed
SHOO,2021,0.41127470471164573,0.10217764778886065,0.552771061079335,0.4046357954994181,Healthy
SHOO,2022,0.41179655694202993,0.1018190780529206,0.1371101448871522,0.13349764256008523,Healthy
SHOO,2023,0.42007547504973297,0.0865742623822784,-0.0661764394024719,-0.03963788552883038,Healthy
SHOO,2024,0.41040821717032566,0.0741986055620701,0.15207293970171307,0.16067917631566997,Healthy
SHW,2021,0.4283214504176569,0.09347893665453305,0.08620661485592293,0.12179557494144444,At-Risk
SHW,2022,0.4210186510391035,0.09120543232395288,0.11052114356768249,0.10035834047521813,At-Risk
SHW,2023,0.46669038127009055,0.10362703291268832,0.040769519028033,0.01546222001515904,At-Risk
SHW,2024,0.48466783557373855,0.11608546009481135,0.0020215253406443722,-0.007186134261284959,At-Risk
SHWZ,2021,0.45520738983060166,0.13391531077514043,3.517349592422802,1.089619429695992,Distressed
SHWZ,2022,0.5037592636214386,-0.11587216398644795,0.47001353686372155,0.41323807362051834,Distressed
SHWZ,2023,0.44085017130924486,-0.20034668928715618,0.08199668113570063,0.20824311194517656,Distressed
SHYF,2021,0.20091410295707166,0.06949541839417943,0.4672065304383459,0.4474626270679689,Healthy
SHYF,2022,0.17566133548294138,0.03559120062619017,0.03566473615435495,0.07922422720162162,At-Risk
SHYF,2023,0.17238975553716013,0.007447850144118652,-0.15086782636463117,-0.11658185789895423,At-Risk
SHYF,2024,0.19994250651253664,-0.0035551835721263432,-0.09862668797681261,-0.09633887768720138,At-Risk
SIBN,2021,0.8843286893246961,-0.6275179696512556,0.2284464550942265,0.26678814513103594,Distressed
SIBN,2022,0.8524091007339605,-0.5756655921961488,0.1803287780637146,0.1706082272143955,Distressed
SIBN,2023,0.7878403870800512,-0.31202569013435477,0.3052091458429268,0.11925815273042682,Distressed
SIBN,2024,0.7903013554415055,-0.18491069399083612,0.20370663709805165,0.08938364089399786,Distressed
SIEN,2021,0.5494961763940359,-0.7744134452115068,0.46704365692674144,0.24520182712854593,Distressed
SIEN,2022,0.4593534992103723,-0.8095837612784238,0.12228102574272151,0.25635858398998684,Distressed
SIF,2022,-0.00564633416032167,-0.116244142165949,-0.11475285683030681,-0.03515662267451105,Distressed
SIG,2021,0.3991822131357015,0.09837720419115768,0.4972545868488014,0.36295785742418274,At-Risk
SIG,2022,0.38919422093571876,0.04803560270845819,0.0020572450805008947,0.04239210530118045,At-Risk
SIG,2023,0.39399813138848994,0.11300916177434424,-0.08556381581464148,-0.09342296763462471,At-Risk
SIG,2024,0.39165846236462903,0.00912915063098541,-0.06516434019885373,-0.048834186988762324,At-Risk
SILK,2021,0.7492387287509239,-0.490869672333087,0.3489172770414878,0.26130955405382517,Distressed
SILK,2022,0.7267992902378857,-0.39678875921464535,0.36622813500862283,0.27996616155173454,Distressed
SILK,2023,0.7174568405839646,-0.31469396050447684,0.27767278812446805,0.24004678926994052,Distressed
SIMO,2021,0.49972345732566964,0.21689838412319706,0.7091086352523813,0.5314658549952668,Healthy
SIMO,2022,0.49246290123593833,0.1823725237096967,0.025833423706756318,0.0818876981386538,Healthy
SIMO,2023,0.42305152845533545,0.08272496565708402,-0.3243177812946324,-0.18268576255525515,At-Risk
SIMO,2024,0.45891865118872205,0.11106810760224603,0.2572354813171408,0.18974934442898428,Healthy
SINO,2022,-0.03712226536105195,-7.084977365695395,-0.22570564500472914,0.27083895248837786,Distressed
SINO,2023,0.12075400944274414,-5.066809761247822,0.13797661477052914,0.14264625928483984,Distressed
SINT,2021,0.2590759075907591,-15.361386138613861,0.020202020202020204,0.23389755990327543,Distressed
SINT,2022,0.8302370275464446,-7.712363869314542,1.5759075907590758,0.14876180295742028,Distressed
SINT,2023,0.7015607156452227,-3.163304149219642,0.6828955797565663,0.23953163771712158,Distressed
SINT,2024,0.7190855559404226,-3.8184967093869067,0.09897221164826799,-0.2539881138567407,Distressed
SIRI,2021,0.5436982520699172,0.15110395584176634,0.08159203980099503,0.1452888583218707,Distressed
SIRI,2022,0.5412640231034099,0.10085527046540042,0.03530358785648574,0.00045038282540159135,Distressed
SIRI,2023,0.5298782530995197,0.0877918016307383,-0.005553704320781961,0.004501800720288115,At-Risk
SIRI,2024,0.525347741119669,-0.19140131049545925,-0.028370378644029935,-0.044816253361219,Distressed
SITC,2021,0.856030807110257,0.22478343442229162,0.1575620257509238,0.08745634780302361,Distressed
SITE,2021,0.34887936243058953,0.06859049975544494,0.2851543723423923,0.2530993781439379,Healthy
SITE,2022,0.3540914186075476,0.06112840951550629,0.15501913283655092,0.1663558491639536,At-Risk
SITE,2023,0.3466939458755696,0.04031433088440435,0.0714161165774069,0.10205962059620596,At-Risk
SITE,2024,0.3435889530018059,0.02722107210500815,0.05565888589230912,0.07352579550484434,At-Risk
SITM,2021,0.6373715769076085,0.14751288801140727,0.8837425531182204,0.49047439668507403,Healthy
SITM,2022,0.645129669787204,0.0819943230902135,0.2961363387079083,0.43824375554539835,Healthy
SITM,2023,0.5700832679366358,-0.5592980214315973,-0.4922762292625306,-0.08972456003260264,At-Risk
SITM,2024,0.5155182365797224,-0.4617779246856145,0.40768648475967584,0.26184461832296224,At-Risk
SIX,2021,0.9158562360336828,0.08539553278264152,3.1980088340461332,0.5970023840043831,Distressed
SIX,2022,0.9203390802482043,0.08031911464576112,-0.0926371413015522,-0.10444522734421445,Distressed
SIX,2023,0.9225700822566472,0.02735038778935173,0.049819766226193385,0.11784097532369647,Distressed
SJI,2021,0.37523820328956486,0.04422247835839028,0.29234330468157493,0.3020727741632778,Distressed
SJM,2022,0.33763392466464137,0.07897335883684006,-0.00047483974158721434,0.031677422279988515,At-Risk
SJM,2023,0.32849505229095344,-0.010704403695540028,0.06629661578467039,0.07649824941769333,At-Risk
SJM,2024,0.3809162825387898,0.09096800224974629,-0.041094123716175025,-0.08419405320813772,Distressed
SJW,2021,0.6006822547525998,0.10542003813933057,0.016226001991050898,0.04689206366256691,Distressed
SJW,2022,0.6249544867230118,0.11894351198167225,0.08194726732045056,0.06008208460699857,Distressed
SJW,2023,0.6178190025404147,0.1267775816982739,0.08001475757937032,0.05043384275997798,Distressed
SKIN,2021,0.6864575563467469,-1.4563029151895912,1.1839082390084976,1.2015498187475233,Distressed
SKIN,2022,0.6799544107839814,0.12087155211055112,0.4067500749752005,0.30566240242122034,Distressed
SKIN,2023,0.38973996899427377,-0.2515534270875472,0.08777563983426079,0.3502298853509038,Distressed
SKIN,2024,0.5453163981405589,-0.0870431416657194,-0.16004633270601595,-0.23981486383265144,Distressed
SKLZ,2021,0.9335979629308122,-0.494339136244785,0.6597204940470733,1.0285759864193331,Distressed
SKLZ,2022,0.8861068781538621,-1.6272167410060472,-0.2905269969538661,-0.2239765092704698,Distressed
SKLZ,2023,0.8988749268472307,-0.6664957028912605,-0.4361367251370922,-0.47722532627691366,Distressed
SKLZ,2024,0.8556506757120551,-0.5038496742583319,-0.38936342295780485,-0.29527517145942,Distressed
SKT,2021,0.6700404431158783,0.02137741046831956,0.09367908490195928,0.04817705315369308,Distressed
SKX,2021,0.49513128533274847,0.11750887889693284,0.36778644089105067,0.27507229204512934,At-Risk
SKX,2022,0.47220543887810545,0.050107528326090896,0.17976693876108585,0.20761204481792717,At-Risk
SKX,2023,0.5190283115396817,0.06822195851127365,0.07465756828821084,0.04605414997071564,At-Risk
SKX,2024,0.5315255250909459,0.07129512492040951,0.12112094707951235,0.11773701153452347,At-Risk
SKY,2021,0.26690615246537625,0.11237800880651713,0.5534228411809293,0.42846777967292676,Healthy
SKY,2022,0.3140848474617887,0.15415029771039224,0.18091960553254782,0.11414835428666549,Healthy
SKY,2023,0.23991924232389694,0.07244880169772865,-0.22318189491130072,-0.11428427769331147,Healthy
SKY,2024,0.2673794659682828,0.07989416327621919,0.22650127937108577,0.21452970289000214,Healthy
SKYT,2021,-0.04588327765769307,-0.3113087050501081,0.15957219555960636,0.5148517545888724,Distressed
SKYT,2022,0.12194457619716259,-0.18593413198961214,0.3076058655924543,0.0900288329396125,Distressed
SKYT,2023,0.2068214955944217,-0.10728263371959175,0.3462978007992824,0.24210986040839197,Distressed
SKYT,2024,0.20342479161127652,-0.019846962476882217,0.1938977682589071,0.11357348989949248,Distressed
SKYW,2021,0.23361787453873994,0.04124207524550478,0.2756726745164557,0.16584617579908675,Distressed
SKYW,2022,0.2974646621795885,0.0242778105942744,0.10740186718879849,0.2000529529560159,Distressed
SKYW,2023,0.2659952606635071,0.011699129804403578,-0.02312636754661098,0.0026914440057469414,Distressed
SKYW,2024,0.3339364271298669,0.09154459284791039,0.20184013801035078,0.07130841223820471,Distressed
SLAB,2021,0.5901173598202147,0.5635498732008526,0.41088372529984657,0.21954447781287215,At-Risk
SLAB,2022,0.6274321212843201,0.08925052680093662,0.420672530033571,0.20054186159443171,At-Risk
SLAB,2023,0.5887903990754968,-0.04412355003080825,-0.236155241742554,-0.1087853623710554,Healthy
SLAB,2024,0.5342153987261844,-0.32685587950430023,-0.25294979405771495,-0.07010808370907179,Healthy
SLB,2021,0.15953595882942997,0.08203584979720005,-0.02847336977246727,-0.0811574390521759,Distressed
SLB,2022,0.18372432451674914,0.12249474920793137,0.22512974835361332,0.18726443166038484,At-Risk
SLB,2023,0.19806850762034103,0.12684472612041647,0.1795592894521377,0.15484544695071012,At-Risk
SLB,2024,0.2055719363994599,0.12292981344208989,0.09518635883506865,0.08377039100083192,At-Risk
SLCA,2021,0.27982777097852213,-0.0305839679892452,0.30499890647073774,0.2584589071944727,Distressed
SLCA,2022,0.29830436016987216,0.05125800988363745,0.3816251600039497,0.2588455224393953,Distressed
SLCA,2023,0.3423888321170705,0.09466682817640472,0.01762125224650476,-0.05723704080585264,At-Risk
SLDP,2021,-0.13311209439528024,0.5635498732008526,0.289586305278174,1.1362441588785046,Healthy
SLDP,2022,0.18636016625667995,-0.810501314784969,3.346976401179941,1.4235422790347938,Healthy
SLGC,2021,0.5900448386543503,-1.0725381618601917,0.46050206659628906,0.7167710122444457,At-Risk
SLGC,2022,0.5559969692625888,-1.1176560932156534,0.19650601524024208,0.764842186794036,At-Risk
SLGG,2021,0.43908498971898563,-1.7775873886223441,4.509057831645275,0.7663286394002019,Healthy
SLGG,2022,0.4327387304975352,-4.342684352289475,0.6858293351610693,0.39225076186329993,Distressed
SLGG,2023,0.3900474500578173,-1.2093783643685951,0.2745337195710728,-0.07158771106941839,Distressed
SLGG,2024,0.3770856507230256,-1.0279940674823878,-0.3547589616810878,-0.3036522471318809,Distressed
SLGN,2021,0.16177541193971223,0.0632507237403571,0.15342761994602538,0.15896638704757435,At-Risk
SLM,2021,0.7849681795363015,0.5635498732008526,-0.12109652463816864,-0.2376934519154911,Distressed
SLM,2022,0.7328192835133246,0.23086169385404465,0.14336430209967785,0.22334997030875475,Distressed
SLM,2023,0.6026351857788229,0.2242758658999353,0.2760034062158517,0.4939878247161616,Distressed
SLM,2024,0.5653898404228105,0.23226968903944414,0.010316309474625458,0.07464656102473917,Distressed
SLP,2021,0.7718762105625618,0.21051951964877544,0.11726658491428021,0.17439300960512275,Healthy
SLP,2022,0.7992431269246466,0.23156976959893147,0.16011707485042828,0.10740351574702525,Healthy
SLQT,2022,0.4035691615022675,-0.3893802066632201,-0.17842945178449882,0.4442129576288762,Distressed
SLQT,2023,0.474011016624653,-0.05837774019592201,0.31255096231242924,-0.06963484248088615,At-Risk
SLQT,2024,0.4524019198411834,-0.025817536405563425,0.31802227256772714,0.2683046410394799,At-Risk
SLQT,2025,0.38721952267597015,0.031167422379493173,0.15495666436673083,0.15977159237877678,At-Risk
SLS,2022,0.9,-24.696043881430608,-0.6509892588799009,0.21166433772155624,Distressed
SLVM,2024,0.24913861648555527,0.08004240657301882,0.013974737973662993,0.003315250150693189,Healthy
SM,2021,0.8073059757657001,0.013812605465565897,1.3279993396486824,0.1013476132318709,At-Risk
SM,2022,0.8151303188456542,0.3310714106007568,0.28051190783920354,-0.04871533099724327,At-Risk
SM,2023,0.7624262847514743,0.34456613310867734,-0.2931677547536255,0.035473691851569296,At-Risk
SM,2024,0.7631970260223049,0.2862453531598513,0.13310867733782644,0.1436426116838488,At-Risk
SMAR,2021,0.7885507741017225,-0.3106155778894472,0.42882859981375465,0.42468254987796084,Distressed
SMAR,2022,0.7844806790843836,-0.28117718391216756,0.3922847619600895,0.3713342803398126,Distressed
SMAR,2023,0.8054465126082865,-0.1091796422556551,0.2496013247882751,0.09111214292434078,Distressed
SMCI,2024,0.13752588438208152,0.07689950618613298,1.1042028322665798,1.1656304127097892,Healthy
SMCI,2025,0.11059154174200105,0.047735845398438614,0.4658532304249225,0.5037255568957295,Healthy
SMG,2021,0.30328934010152286,0.10406091370558376,0.19203214251137574,0.1780149051490515,At-Risk
SMG,2022,0.26324507530389135,-0.1114905328610382,-0.20322842639593908,-0.16029235561945843,At-Risk
SMG,2023,0.23737786162813618,-0.10703122800101371,-0.09500267577278866,-0.06977540595302645,At-Risk
SMG,2024,0.262898640470628,-0.009823514510090918,0.0003942218342578774,-0.025125782304577248,At-Risk
SMHI,2021,0.25467851480920317,0.19384465985339971,0.20519328524997005,0.16636639701941972,Distressed
SMHI,2022,0.20862763142758542,-0.3296905556194639,0.2713450839763427,0.19336460539443054,Distressed
SMHI,2023,0.4288239103291105,-0.03332248104725753,0.2861428735764408,-0.026840518916699058,Distressed
SMHI,2024,0.2731011457062732,-0.2878969343420757,-0.02915806533553241,0.11254248272432009,Distressed
SMIT,2022,0.5123282534182535,-0.33192219714329324,0.7664998529584808,0.36695483958001246,Distressed
SMLR,2021,0.8845493805042715,0.3247779433118977,0.37364971634328936,0.31622648175956186,Healthy
SMLR,2024,0.9154616833055033,0.5635498732008526,-0.17438108647189957,-0.23872494085419002,Healthy
SMP,2021,0.29021123854341185,0.06997603971617226,0.15083272194990555,0.15033302085474862,At-Risk
SMP,2022,0.2788561139803837,0.04034873506996206,0.05620426603922342,0.08249303935585822,At-Risk
SMP,2023,0.28626519577816517,0.02514076709230552,-0.009872322434147462,-0.0022695279729394533,At-Risk
SMP,2024,0.2891835155128705,0.01878609064186265,0.07772890849550017,0.08915313900155895,At-Risk
SMPL,2021,0.40747882137561864,0.04065182132689216,0.23140155833469053,0.1745692454524405,At-Risk
SMPL,2022,0.38125214986506123,0.09290326334542107,0.16215482496745767,0.16104685685712156,At-Risk
SMPL,2023,0.36487504345474914,0.10749015025686585,0.06331427476173933,0.07433749620827419,At-Risk
SMPL,2024,0.3842544360075444,0.104639677433166,0.07133740842313982,0.06993870233193251,At-Risk
SMR,2021,0.38155136268343814,-24.696043881430608,3.77,0.1111306234830002,Distressed
SMR,2022,0.3801253812267028,-2.1953575059301933,3.124388539482879,0.0740790914530204,Distressed
SMR,2023,0.16874177992108724,-2.55861464270057,0.9323957980345645,0.26344029513469197,Distressed
SMR,2024,0.8667296531245782,-3.6880280739640976,0.6240683910565541,-0.4690223155793108,At-Risk
SMRT,2021,-0.0910454911105688,-0.6504243607473088,1.1060075379754064,1.0655977337110483,At-Risk
SMRT,2022,0.008032367820475388,-0.5739567753737613,0.516861447797753,0.4925310907405274,Distressed
SMRT,2023,0.20912606929631225,-0.14603653129987587,0.41125365717043755,0.029128318974389132,Distressed
SMRT,2024,0.34501529576578893,-0.19237213025702604,-0.26158386745370255,-0.22621670946474426,Distressed
SMTC,2021,0.6224391178876384,0.16961954922535763,0.24489470137804836,0.14542074687520426,At-Risk
SMTC,2022,0.6325672508667831,0.08113327508515822,0.021157900704318507,0.1253941907320913,Distressed
SMTC,2023,0.44666293720460704,-1.257001374375833,0.1483411827375673,0.34559827963660006,Distressed
SMTC,2024,0.5020725029611113,-0.17804719521999104,0.04665165673294519,-0.06137655034528466,Distressed
SMWB,2021,0.7693581660226051,-0.5010532585640817,0.4726055238217487,0.8007688229056203,Distressed
SMWB,2022,0.7243031764596293,-0.43295175797219954,0.40362320946044106,0.3794135688872531,Distressed
SMWB,2023,0.7840096505350451,-0.1347267898669382,0.12826417711168842,-0.1218969013483226,Distressed
SMWB,2024,0.7806676723499778,-0.04584395369588617,0.14629000224751054,0.05165987375722168,Distressed
SN,2023,0.44851482588140706,0.03927818304491844,0.14428065463556722,0.14256629579810554,At-Risk
SN,2024,0.4814911952109733,0.07935135573149196,0.29972165474374135,0.2588384560787146,At-Risk
SNA,2021,0.4964252116650988,0.19296801505174035,0.1835768963117606,0.13603553581343697,At-Risk
SNA,2022,0.4854656339031339,0.2029246794871795,0.05663217309501411,0.045167040423207405,Healthy
SNA,2023,0.4966174791763562,0.21375417529914167,0.05284009971509972,0.04472808296426705,Healthy
SNA,2024,0.5051408420784297,0.22175723329226324,-0.004820092173692444,-0.009268279838858317,Healthy
SNAP,2021,0.5748784080243903,-0.11852060019703438,0.6424660080921526,0.43055774070575636,Distressed
SNAP,2022,0.6055188275490254,-0.3106693899210469,0.11775403152938707,0.24445059125976812,Distressed
SNAP,2023,0.5410194925658608,-0.2871150633451401,0.0009274536941362892,0.0012240808263521042,Distressed
SNAP,2024,0.5385089859025575,-0.13016306567801905,0.16397397807045633,0.02401501275544617,Distressed
SNBR,2021,0.6036053930778247,0.07036594446826905,0.1768835289016485,0.19127944156074894,At-Risk
SNBR,2022,0.5686504781494748,0.017315448113486422,-0.032335766189508314,0.027620588998866633,At-Risk
SNBR,2023,0.5767101355138751,-0.008099150084610079,-0.10727679223874413,-0.09656145350629906,Distressed
SNBR,2024,0.5960740559330819,-0.012087052456880359,-0.10870885126321735,-0.11220935389861166,Distressed
SNCE,2022,0.2818677042801556,-0.3026199740596628,0.536223798517574,1.2621900523304153,Distressed
SNCE,2023,0.350921764054459,-1.275421796625627,-0.20357976653696497,-0.42276510647497567,Distressed
SNCR,2021,0.6822680651941988,-0.12116698883501811,-0.3508348476017417,-0.36287695464942127,Distressed
SNCY,2021,0.413022158374999,0.13041098528927875,0.5517726645511923,0.30049881425743985,Distressed
SND,2021,-0.10845808856041943,-0.4001168593266376,0.03521333987248651,0.2746938899522985,Distressed
SND,2022,0.11570735903652146,-0.00274888558692422,1.0192975806961027,0.5443223530533441,At-Risk
SND,2023,0.14040132039071132,0.015707513861061652,0.15731993430828184,0.1408887105362669,At-Risk
SND,2024,0.14395321351952006,0.009609084953046517,0.05202839448192909,0.03933711000253657,At-Risk
SNDL,2021,0.058241875712656786,-4.040478905359179,-0.07863028989789553,-0.04803138619631146,Healthy
SNDL,2022,0.2087849280568543,-0.5229283467156162,4.509057831645275,1.8793949013163034,At-Risk
SNDR,2021,0.2710253712981618,0.0722805641235937,0.23192321208926375,0.18740475018170735,At-Risk
SNDR,2022,0.19237175216522318,0.06931742474713827,0.17752776935831832,0.18349656425242872,Healthy
SNDR,2023,0.1712888032151885,0.04337231082580152,-0.1673884077281812,-0.134824899477785,At-Risk
SNDR,2024,0.1615726301861828,0.02211511199319535,-0.03789848878866683,-0.011493366244986116,At-Risk
SNEX,2021,0.039335405391426194,0.002734270304837049,-0.21436065283082992,-0.21584598984507614,At-Risk
SNEX,2022,0.031912895996123326,0.0031361681507056757,0.5525388981102266,0.5499083446619647,Healthy
SNEX,2023,0.04788509286661485,0.003919081242471995,-0.07844054758010782,-0.09016325807121989,Healthy
SNEX,2024,0.03440059747036175,0.002610929462857326,0.6413769531731413,0.6494972447973612,Healthy
SNFCA,2021,0.9650998495600192,0.08395166347547305,-0.023035415015299335,0.06951521630489997,Distressed
SNH,2021,0.21066908037235074,0.12616648785580228,-0.15245712997219407,-0.09112437276242163,Distressed
SNH,2022,0.13594626221012399,-0.012289200555327891,-0.07203957166363507,-0.015923065360085323,Distressed
SNH,2023,0.16745065616872343,-0.20816162143304867,0.0987420981858354,0.0797070087322745,Distressed
SNH,2024,0.17311777840041673,-0.2475914905909817,0.06035490119888705,0.04288163625523372,Distressed
SNOA,2021,0.3162020905923345,-0.4027557808045613,-0.322132159536207,-0.1613823715916297,Distressed
SNOA,2022,0.33732670283303196,-0.3881103074141049,0.050997782705099776,-0.03634890629219552,Distressed
SNOA,2023,0.37259521005104046,-0.37966234786022773,-0.04046112115732369,-0.02275529649142473,Distressed
SNOA,2024,0.38248880179171335,-0.24195128779395297,0.12194738908519827,0.03223216334021565,Distressed
SNOW,2021,0.6240278448685217,-0.5576420435207291,1.0595035208234453,0.7028053162627004,At-Risk
SNOW,2022,0.6526338567982422,-0.3856904745652598,0.6940976456684712,0.5032990188501331,Distressed
SNOW,2023,0.6798284261937246,-0.29791565190528096,0.35864099544019606,0.3415960378634119,Distressed
SNOW,2024,0.6650467847416554,-0.35452278239883345,0.2921468781812435,0.3027594660394508,Distressed
SNPO,2021,0.4048459692484125,-0.03611262949981796,0.23817332483328482,0.25648701785069206,Distressed
SNPO,2022,0.3925686792530061,-0.007675667883656594,0.11487748669908027,0.08920632208797365,Distressed
SNPO,2023,0.42160872175603853,-0.02013988966793876,-0.05590975706769199,-0.05648183190234961,Distressed
SNPS,2021,0.7950196387273372,0.18018107161112729,0.14080663048489384,0.1343367839948816,At-Risk
SNPS,2022,0.8054444014512164,0.2133134765282251,0.09788347014516222,0.005756988217106063,At-Risk
SNPS,2023,0.8061601567803319,0.2312682892523412,0.15215414126611831,0.15507502071168325,At-Risk
SNPS,2024,0.7967683383392336,0.36938451907127223,0.15220381142283568,0.19541652094704892,At-Risk
SNWV,2021,0.6167563412759416,-2.0952344350499614,2.2068030564456493,0.2301558535701341,Distressed
SNWV,2022,0.7413092820451559,-0.6148010990323737,0.2868562644119908,-0.0536977018267531,Distressed
SNWV,2023,0.7041376605549564,-1.2651730561819787,0.21837295424680445,-0.18510158013544017,Distressed
SNWV,2024,0.752282895140038,-1.0137586566157994,0.5998627316403569,0.3748208997994078,Distressed
SNX,2021,0.0597685803476283,0.012496580251721942,0.5825164750727706,0.5871250888166659,At-Risk
SNX,2022,0.06255952274973249,0.010447019519660412,0.9720211529203884,0.977752244978683,At-Risk
SNX,2023,0.06874816090287662,0.010892302472455416,-0.07680624588070571,-0.07858883956275013,At-Risk
SNX,2024,0.06811189186366844,0.01178891842933629,0.015585327365195311,0.016274094563094848,At-Risk
SOFI,2021,0.6692348995263173,-0.4449389876136397,1.9918495228821276,0.4460602838488819,Distressed
SOFI,2022,0.4850505726652333,-0.181759236673266,0.6207541410456324,0.2984444535539426,Distressed
SOFI,2023,0.42284441965910696,-0.10327267183038039,0.6519738372257929,0.4360479656905908,Distressed
SOFI,2024,0.4411452407535988,0.13240551803610806,0.2932846768466641,0.20266286061717773,Distressed
SOFO,2021,0.7072823954275315,0.08749680097818978,0.011912640635340834,0.010083193697269012,Distressed
SOFO,2022,0.6849559455326586,-0.2578824728755552,-0.21898370631557995,0.0008440046565774156,Distressed
SOFO,2023,0.5813921932244788,-0.8751187299289882,-0.1950411417752858,0.039460292535403764,Distressed
SOHO,2021,0.24214330033303152,-0.2055168951569429,0.7843822018384344,0.22235384419129034,Distressed
SOHO,2022,0.2797647052363037,0.19630038671629688,0.3016694589371953,0.17222152260738705,Distressed
SOHO,2023,0.25764036812721625,0.0226729466954408,0.046729762665222455,0.06923383014568535,Distressed
SOHO,2024,0.2573628274537287,0.00716003246435112,0.04634330444685078,0.04088309011995211,Distressed
SOI,2021,0.27470491051517376,-0.005452638059162379,0.5458844779366065,0.38703845351505456,At-Risk
SOI,2022,0.3132138560334995,0.06611771691067327,1.0102205554403885,0.7241251817315887,At-Risk
SOI,2023,0.39290383584744,0.08307304734303475,-0.08455492882923704,-0.12178650742015563,At-Risk
SOI,2024,0.4093697998345529,0.05049011309810886,0.06876329165343902,0.11835428893064373,Distressed
SOL,2021,0.39447820857456983,0.08613756768112873,0.0837913935974457,0.020812404398258304,At-Risk
SOLO,2021,-0.5044542404467389,-18.459658125354036,2.695149343647816,1.1738198138680833,Healthy
SOLO,2022,-0.5044542404467389,-18.157723819021832,2.2428328660443553,0.8136191667026295,Distressed
SON,2021,0.18995112726408914,-0.015289857431564396,0.06739834686506374,0.07779672735262715,At-Risk
SON,2022,0.2091226517994302,0.07960590013153387,0.048098020226679916,0.03084096826474018,At-Risk
SON,2023,0.22100254602378128,0.08728575928442286,-0.07132235493939833,-0.06869152738383096,At-Risk
SON,2024,0.21473225687582287,0.03090249209997804,-0.025004658705273214,0.0013449654001098006,Distressed
SONO,2021,0.47181991024870334,0.09238127525128965,0.2943585598735758,0.1538305255544449,At-Risk
SONO,2022,0.45446021767514905,0.038453241844029915,0.020732269924927653,0.064685166924919,At-Risk
SONO,2023,0.4328577772004918,-0.006206898634953527,-0.055400904849298306,0.007816916485647135,At-Risk
SONO,2024,0.4541156584473827,-0.025128190264390775,-0.08288692678771549,-0.06546119410288327,At-Risk
SONX,2021,0.2511070277434708,-1.4608247733228905,0.421652177636932,0.16090780823151513,Distressed
SONX,2022,0.2515844056078356,-1.3694545803725753,0.2548121818236588,0.29112254661115566,Distressed
SONX,2023,0.13483308305417582,-1.7591255631281044,-0.16871519108891878,-0.059734823449298,Distressed
SONX,2024,0.3735411015077913,-0.8841398019052426,-0.08449809402795426,-0.34960007668303283,Distressed
SOPA,2021,-0.36700039431797415,-24.696043881430608,4.509057831645275,1.8793949013163034,Distressed
SOPH,2023,0.688028089977714,-1.2663096631447308,0.311417157275021,0.013399023511075985,Distressed
SOPH,2024,0.6741595445966888,-0.9588786767526429,0.044924724631639705,-0.039767633403062747,Distressed
SOTK,2021,0.5026965377923283,0.1484046014903655,0.1550496913039864,0.12977349645904782,Healthy
SOTK,2022,0.5081620296923876,0.04222980657120906,-0.12108458031449783,-0.056953401523835864,At-Risk
SOTK,2023,0.4997275111135161,0.07317113408676579,0.3082494637640361,0.2881480287038549,At-Risk
SOTK,2024,0.4749725924425614,0.062104483914925304,0.04083754596346395,0.052757943730872385,Healthy
SOUN,2022,0.6916380224228211,-3.749333418998362,0.4685568712553663,0.5810757708843789,Distressed
SOUN,2023,0.7535151396246158,-1.9387657227563055,0.47364194159786693,-0.1964678620770316,Distressed
SOUN,2024,0.48863542441524094,-4.140613746118333,0.8462494277679681,0.850151013427459,Distressed
SOVO,2022,0.28082097428079933,-0.06085241885262605,0.22134051552727668,0.24337145661118031,At-Risk
SOVO,2023,0.2993725138937752,0.029570148007538065,0.16171981998494941,0.14127594363679638,At-Risk
SP,2022,0.14407014805278404,0.029095590601866752,0.3196568127760788,0.319372324808592,At-Risk
SP,2023,0.14251248386915782,0.017449363182404757,0.14728033472803348,0.16092275313089674,At-Risk
SPB,2021,0.3450852206397385,0.0632400520329542,0.143396514244308,0.13209756097560976,Distressed
SPB,2022,0.31616919393455706,0.022857142857142857,0.044828391314499186,0.08162702516373664,Distressed
SPB,2023,0.3166712347540085,0.5635498732008526,-0.06822027134876296,-0.08110778252278666,At-Risk
SPB,2024,0.3742703869901144,0.0421066837612605,0.015451555433739893,-0.04865952207539972,At-Risk
SPG,2021,0.8999155525076371,0.5031983925856626,0.11053405716719013,0.025763612923199734,Distressed
SPG,2022,0.8945978292894174,0.4629446349930369,0.034134297896591004,0.0015886231648998242,Distressed
SPG,2023,0.896338575636403,0.46270187013725084,0.06943072471480863,0.05314831378185409,Distressed
SPG,2024,0.8935622903391429,0.4578729863083894,0.053891294958892604,0.006728349043801594,Distressed
SPGI,2021,0.7372544293117994,0.3644690852115222,0.11488847084117172,0.06404582140067691,At-Risk
SPGI,2022,0.6643412932653608,0.2904928002861998,0.34759551645172954,0.9970638610227551,At-Risk
SPGI,2023,0.6686404737136913,0.21013043130351283,0.11769966908147751,0.03442783631462877,At-Risk
SPGI,2024,0.6930602477477478,0.27111486486486486,0.13691285908618067,0.03399265663863556,At-Risk
SPKE,2021,0.17857351614419864,0.009487019835571877,-0.2908774712105102,-0.16523955519606603,At-Risk
SPKE,2022,0.2245354435355152,0.016456276208324558,0.17029365795392454,0.11991487524288313,At-Risk
SPKE,2023,0.2859611389915256,0.03441009945035754,-0.05494328904022428,-0.10789200701348535,At-Risk
SPKE,2024,0.4213850196054835,0.07083797145922963,-0.08346660784205592,-0.19044556493105577,At-Risk
SPLK,2021,0.7254819603360781,-0.5008471520729606,0.19928321039210364,0.26944770533740525,Distressed
SPLK,2022,0.7766666082784941,-0.07604931756998644,0.3665546605706626,0.017987469156467505,Distressed
SPNE,2021,0.5985186810202088,-0.28386375626139326,0.24040947228611229,0.2849790782199689,At-Risk
SPNS,2022,0.42163012706009234,0.11078789053284352,0.029717917294782393,0.011641766634369726,At-Risk
SPNS,2023,0.42674082365561306,0.12134850675497101,0.08393717771561457,0.06729047508236476,At-Risk
SPNS,2024,0.43900482872677593,0.13307852995783392,0.054014504920479454,0.04776964811941724,At-Risk
SPOK,2021,0.7715841382172729,-0.15602906727258659,-0.04067350519638278,0.06022901078913646,At-Risk
SPOK,2022,0.7898895446504229,0.16245707404819598,-0.053597180502697794,-0.1749389166146808,At-Risk
SPOK,2023,0.8051141880956663,0.11268476892645207,0.03338189602628332,-0.07673647483204298,At-Risk
SPOK,2024,0.7914538731447917,0.10871539305354769,-0.009868728645926991,0.003071043472326486,At-Risk
SPOT,2021,0.2679975175519603,-0.0035167562235743147,0.27227139262058064,0.2147342088785828,At-Risk
SPOT,2022,0.24950967849634886,-0.03666751939059806,0.07888253560410777,0.15069846065484147,Distressed
SPOT,2023,0.2564354193197227,-0.040160036234919316,0.16230543888700696,0.1375151548179185,Distressed
SPOT,2024,0.30141006825941713,0.07260894526728898,0.1831429773249596,0.04491979443969382,At-Risk
SPR,2021,-0.029800151783455603,-0.13680748798380976,0.16100798872180452,0.06849115656161292,Distressed
SPR,2022,0.009662796246222363,-0.10849769365357086,0.2723501138375917,0.20585831062670298,Distressed
SPR,2023,0.03409447907538154,-0.10188660526794424,0.20246142834420233,0.162749971754604,Distressed
SPR,2024,-0.2172687838394073,-0.3387581926986037,0.0444286446535161,0.31208602568462646,Distressed
SPSC,2021,0.6582242340555862,0.1157533819910921,0.23237053385791512,0.25800466335456734,Healthy
SPSC,2022,0.6605156639866926,0.12228222899916828,0.17026495291687,0.14991928913871064,Healthy
SPSC,2023,0.6608947495855916,0.1225978283138701,0.19081785417244249,0.21061489150445228,Healthy
SPSC,2024,0.6696055757214648,0.12081879689227223,0.187843400197426,0.1940991424133385,Healthy
SPT,2021,0.7509408652233857,-0.1527848013669827,4.509057831645275,1.8793949013163034,Healthy
SPT,2022,0.7641788927935452,-0.19792930645949225,0.3511623079011386,0.4147109489321503,Distressed
SPT,2023,0.7714083616320438,-0.19909603977904528,0.3144452148699119,0.31886980203205195,Distressed
SPT,2024,0.7746410516668801,-0.15267252677946727,0.21659378437431626,0.1572123498461233,Distressed
SPTN,2021,0.15719100543620962,0.008257829800093808,-0.044653866375139926,-0.041712737738660445,Healthy
SPTN,2022,0.15528979270151716,0.003579554292706702,0.07972879751168929,0.08337942941053453,Healthy
SPTN,2023,0.15269015940539524,0.00536908460997743,0.008930634339579595,0.0038119131661368657,Healthy
SPTN,2024,0.15838796547273923,3.1311116891625e-05,-0.018490178913641474,-0.019954211807176787,Healthy
SPWH,2021,0.3255468530056996,0.07202178913093132,0.037406140241512585,0.06503594004299412,At-Risk
SPWH,2022,0.32885678252823297,0.028951458183727935,-0.07075159753318566,-0.05228078925969283,At-Risk
SPWH,2023,0.2976839051946953,-0.02251342598954803,-0.07969046419652523,-0.020968323875919525,At-Risk
SPWH,2024,0.309331823688893,-0.02760361479685346,-0.07015132916714222,-0.0742025577846746,At-Risk
SPWR,2021,0.2025663653492976,-0.03300092135448827,0.3011573337072724,0.2633070054945055,Distressed
SPWR,2022,0.20901088524770944,0.03218534328275913,0.5380100686466512,0.5570577820698536,Distressed
SPXC,2021,0.35407954079540793,0.34883148831488314,0.08102118606506516,0.08433031806244529,Distressed
SPXC,2022,0.3586145526730098,0.00013690190978164144,0.197949979499795,0.2523322569070685,At-Risk
SPXC,2023,0.38479209740408915,0.05163105903974271,0.1918680265589705,0.08767280280782179,At-Risk
SPXC,2024,0.40294369675890923,0.10106356167145522,0.13938662991040662,0.10108659861705631,At-Risk
SQ,2021,0.2502560556039133,0.009415213674855557,0.8595480868912053,0.8461811106293655,At-Risk
SQ,2022,0.3417769309760719,-0.0308441557515586,-0.007339024414135323,0.018438111443123805,Distressed
SQ,2023,0.34244456568722687,0.00044589195570666644,0.2500649827080686,0.22637761609306753,At-Risk
SQ,2024,0.36851774257118874,0.12010449958382828,0.1006327769007525,0.04182754747548261,At-Risk
SQFTP,2021,0.678479852617964,-0.18852693310614588,-0.21027951454250265,-0.1457545969993415,Distressed
SQFTP,2022,0.6711718307090504,-0.11974135063501866,-0.07627370839612006,-0.01886815022882202,Distressed
SQFTP,2023,0.6618820303052675,0.5635498732008526,-0.007243017603695866,0.040575431561364374,Distressed
SQFTP,2024,0.6694327030915006,-1.3541958571275714,0.07312821657357663,0.06156419609365464,Distressed
SQSP,2021,0.8384886957009737,-0.31777668939515685,0.262238206935856,0.7642637912722553,Distressed
SQSP,2022,0.8239216491420714,-0.29092173680349537,0.10577803626865025,-0.16712556785363036,Distressed
SQSP,2023,0.795008771791184,-0.006994713217745887,0.16766862136262764,0.08784322821667176,Distressed
SRC,2021,0.9618139680139385,0.2822235736945052,0.2579996153981353,0.12249730290165749,Distressed
SRC,2022,0.9579540858674039,0.4023454509328114,0.16640477325399824,0.18637350841280143,Distressed
SRCL,2021,0.3842986134723639,-0.010502852393365824,-0.01068959073070454,0.022341269841269842,Distressed
SRCL,2022,0.3791917772765926,0.020704699227271046,0.021836865767501604,-0.0037650894693940923,Distressed
SRCL,2023,0.38152897379009515,-0.008047230474184935,-0.01678559544496617,-0.018701784461934077,Distressed
SRDX,2021,0.8366211383351088,0.04030018262060569,0.10828132906054984,0.013171721375435676,At-Risk
SRDX,2022,0.7964802753349141,-0.2728737081169773,-0.04931707502663217,0.25318080529055975,At-Risk
SRDX,2023,0.8117042780425994,-0.011585108308694865,0.3264899800902442,0.04052082991904028,At-Risk
SRDX,2024,0.7380510477640826,-0.09154650295848601,-0.04907077777107343,0.037344169600176405,At-Risk
SRE,2021,0.7497083300925566,0.10251225013611262,0.13078276165347405,0.17240571562426799,Distressed
SRE,2022,0.6895906918761687,0.1481404529399543,0.1230458116201291,0.18701298701298702,Distressed
SRE,2023,0.7223684210526315,0.18391148325358853,0.1579749290117044,0.09442854738259553,Distressed
SRE,2024,0.8667425104285172,0.21706484641638224,-0.21142344497607657,-0.21385727468471238,Distressed
SREV,2021,0.28462371745084414,-0.07522074152802191,0.005668007872518641,-0.011068068622025456,Distressed
SRFM,2023,-0.023353441864308735,-4.1433931080076025,1.9843642103186347,1.770898311275956,Distressed
SRG,2021,0.6142797151255966,-0.2412433687855129,0.0016138031675179193,-0.14482340293325707,Distressed
SRG,2022,0.609826724580823,-0.6907197235066087,-0.08251416230299187,-0.10923759161760212,Distressed
SRG,2023,-0.024207132200779632,-7.455171086192791,-0.6509892588799009,-0.4311507885128311,Distressed
SRG,2024,0.0728067188741346,-8.712745431846555,-0.15193223928004235,-0.2783234132629255,Distressed
SRGA,2021,0.6709944751381215,-0.9353701657458564,-0.11055636910436466,-0.21459698153770174,Distressed
SRGA,2022,0.49144293050659316,-0.6660852169458032,-0.09415469613259668,-0.29527275081145565,Distressed
SRI,2021,0.2165687600426757,0.004420724188863305,0.18897355888680042,0.19842146201595315,At-Risk
SRI,2022,0.19437885241292865,-0.015619114079760157,0.16803035062079635,0.14154159810325936,At-Risk
SRI,2023,0.2062946164141264,-0.005311441272860308,0.08433499310496564,0.0735728906072322,At-Risk
SRI,2024,0.20836071981019383,-0.018192327382623486,-0.06919630504868736,-0.05639357745004579,At-Risk
SRNE,2021,0.7536859216694389,-8.096268713140784,0.32306307207522633,0.7429734340322635,Distressed
SRNE,2022,0.46765543691019906,-9.116042585018858,0.18779298351731438,0.04844054742973614,Distressed
SRNGU,2021,0.5867600059903708,-5.83120218457352,3.0940422922890276,1.8793949013163034,Distressed
SRNGU,2022,0.572506939414619,-4.406327322662893,0.5221468469300943,0.2540974576904118,Distressed
SRNGU,2023,0.7852299616233521,-3.5508102841462685,-0.4736197577589564,-0.47722532627691366,Distressed
SRNGU,2024,0.8037904714084997,-2.4093629841043325,-0.09708297707343262,-0.2990052478740275,Distressed
SRPT,2021,0.8617313043267648,-0.5966487483027895,0.29955248945100804,0.042865732951056904,Distressed
SRPT,2022,0.8499602899423695,-0.7539959250299835,0.32929232198345315,0.2758056854958809,Distressed
SRPT,2023,0.8790809563947316,-0.4310797724830617,0.3326030827008841,0.028549959366028367,Distressed
SRPT,2024,0.8322279057760364,0.12368117629058996,0.5297385421157274,0.11430821355779666,Distressed
SRTS,2021,0.6282079727830782,0.15246653354041861,1.823639970763287,0.28695749817528493,Healthy
SRTS,2022,0.6653193209377526,0.5444174975298661,0.6467716884845796,0.2957420818427711,Healthy
SRTS,2023,0.5761114525711944,0.019872976849006352,-0.4519671247642145,-0.16544897478199388,Healthy
SRTS,2024,0.5843758222307269,0.15899251321549024,0.7130506043843474,0.3602694961068302,Healthy
SRT_delisted,2021,0.13777164495491453,-0.00232390518126673,-0.265365763750699,-0.26885495261270703,Distressed
SRT_delisted,2022,0.1500932288339384,-0.0007401174839121831,-0.18126673031005955,-0.16078216904583859,Distressed
SSD,2021,0.4799274353124839,0.1693644297004164,0.24076123175689798,0.18686030510456594,Healthy
SSD,2022,0.4448271739299944,0.1578361381171946,0.34507000623563056,0.3609759253177281,At-Risk
SSD,2023,0.4705025695601641,0.15989995496437578,0.04617768551103995,0.05685822129757939,At-Risk
SSD,2024,0.45870261663812156,0.1443566014482073,0.008282579795943903,0.03603763597720807,At-Risk
SSNC,2021,0.47699465452385664,0.15838447832112454,0.08207116690588916,0.03438255343418158,Distressed
SSNC,2022,0.47611205754306263,0.12307401097861063,0.045931498713126115,0.08701131619712762,Distressed
SSNC,2023,0.4819001235734535,0.11032565239514429,0.04160514858981639,0.03714886113861984,Distressed
SSNC,2024,0.48684121047262835,0.12929275756545391,0.06891037290106855,0.056964531078972494,Distressed
SSNT,2021,0.4126496053607818,-0.003223730245857571,0.011668346983287841,0.022814950383833986,At-Risk
SSNT,2022,0.3992581039182687,-0.006273586050689119,0.07874789755159181,0.08199606480588288,At-Risk
SSNT,2023,0.39646348845314305,-0.019626905368967478,0.21188541779759226,0.23048697445518473,At-Risk
SSNT,2024,0.40597539543058,0.492091388400703,0.04371113597593411,1.2909651071147095,Healthy
SSP,2023,0.44030821941705567,-0.41335384873034814,-0.06534404852407963,0.017763288015096936,Distressed
SSP,2024,0.4737474160999485,0.05825947536270227,0.09457842254739825,0.01411554073206773,Distressed
SST,2024,-0.03544086646797994,-0.21712001163044267,-0.1444034519903177,-0.11360357406344783,Distressed
SSTI,2021,0.5591780586364027,-0.07619293267990715,0.2715922508418245,0.370221192142391,Distressed
SSTI,2022,0.5775712010666272,0.07882424107749096,0.3928810936290947,0.35333530397083457,Distressed
SSTI,2023,0.5687090824767842,-0.029315012349407338,0.14461192795328567,0.2091008372770295,Distressed
SSTI,2024,0.5673177759700483,-0.08997265536944654,0.10045622701338482,0.10499588526926397,Distressed
SSTK,2021,0.6409961017047768,0.11880167827104465,0.16008885742313472,0.14428296240239413,At-Risk
SSTK,2022,0.6203235945718062,0.09193115461461708,0.07035162235022595,0.07549725014993033,At-Risk
SSTK,2023,0.5968039771915201,0.1260812246237367,0.05648650803429706,0.12668649324005155,At-Risk
SSTK,2024,0.5762716757443369,0.03841918093539564,0.06937560242720278,0.07487964951059742,At-Risk
ST,2021,0.33458176102110393,0.09515793264562503,0.2545421591566527,0.1861398479930999,At-Risk
ST,2022,0.32691197544364203,0.07710717247972458,0.054558122029749745,0.07980744015048742,At-Risk
ST,2023,0.3111171406724057,-0.0010113218716854542,0.006164404300340856,0.02057228292296479,At-Risk
ST,2024,0.29391273393002443,0.0326993490642799,-0.02992032756962088,-0.0034894030832594456,At-Risk
STAA,2021,0.7750919851435315,0.11936807941962581,0.4099596231493943,0.25810033760713763,At-Risk
STAA,2022,0.7854784434106564,0.13947347138270902,0.23395032802249296,0.22044000750762177,Healthy
STAA,2023,0.7836204891211637,0.06620969868027232,0.13370324658656568,0.22332276205479054,At-Risk
STAA,2024,0.7632406395647036,-0.0643769851003979,-0.026406959973946622,0.10938508687881815,At-Risk
STE,2021,0.4458506564493135,0.05774679802045886,0.35909160973754306,0.46192231656886146,At-Risk
STE,2022,0.4366423838460972,0.023594295396257625,0.07407841496537271,-0.0002296064118925442,At-Risk
STE,2023,0.4316461361823029,0.0735983809134606,0.13280394050966146,0.14204685046519328,At-Risk
STE,2024,0.44009524681747414,0.11255609488048356,0.062428240605600635,0.05193377917036898,At-Risk
STEM,2021,0.009790297634469385,-0.7946157288550769,2.5081664692758974,1.4557728662450113,Distressed
STEM,2022,0.09116755744118134,-0.3417653865226734,1.8497852729428206,1.3478866212074414,Distressed
STEM,2023,0.007941237012881488,-0.30424363238464625,0.2714612375337484,0.29695952851744883,Distressed
STEM,2024,-0.07648149172799203,-5.906697836551762,-0.6509892588799009,-0.47722532627691366,Distressed
STEP,2021,0.4121711429669907,0.14198568316215376,0.7335245189890773,0.9870938119495939,Distressed
STER,2021,0.5112595500121517,-0.028863470658249776,0.4136763769868275,0.3461335402517504,Distressed
STER,2022,0.40247684478769713,0.025313583260952916,0.1945803291560469,0.10532591702179908,Distressed
STER,2023,0.40377410927686064,-0.0001611917069645934,-0.06148031643935303,-0.05814205207076145,Distressed
STG,2021,0.17976494983302374,0.10276464633228247,0.034664211319572896,-0.2435682123874759,Distressed
STG,2024,0.8404334431854144,0.1718828797511415,-0.09298826943567194,0.05103679484547886,Distressed
STGW,2022,0.37734169906004633,0.007410915725621626,0.8292225950973313,0.7085984988607615,Distressed
STGW,2023,0.3585039749886929,5.3023591145376834e-05,-0.05975722823789936,0.007841637975635652,Distressed
STGW,2024,0.351341819840519,0.0007950821056899581,0.12426474283360445,0.11593749935573786,Distressed
STIM,2021,0.789322389354932,-0.5639463407578825,0.12322313378279587,0.15824633488463097,Distressed
STIM,2022,0.7625525258411803,-0.5698708707787626,0.17887619323112525,0.21044693276702545,Distressed
STIM,2023,0.7246874474407131,-0.4231232830632954,0.0941937858479281,0.015799914271758527,Distressed
STIM,2024,0.7232073708105221,-0.583629323007077,0.0496439984302293,0.07410060646503504,Distressed
STKS,2021,0.7565896283254804,0.11309699904032787,0.9527415934565283,0.6688517355071523,At-Risk
STKS,2022,0.7619837164206444,0.04274281671814501,0.14236339103392043,0.16508769882938593,At-Risk
STKS,2023,0.7724337303054071,0.014178003359687951,0.05094461182801811,0.07566618487944748,At-Risk
STLD,2021,0.29129597992270023,0.17459352431031813,0.9172925596277741,0.6150951850678614,Healthy
STLD,2022,0.27482561927092025,0.17351930350669748,0.2092430542918216,0.21698769009505062,Healthy
STLD,2023,0.21526017439664222,0.13039855249041835,-0.1556755394039758,-0.08881246799455203,Healthy
STLD,2024,0.1597790014931253,0.08763396937012233,-0.06676801815941802,-0.002990385853867919,Distressed
STLY,2024,0.9483192912359941,-0.020759141839659514,0.03646020885848038,-0.028967347239625563,At-Risk
STM,2021,0.4173654102343077,0.1567275291905023,0.24875232410216264,0.1637591446257738,At-Risk
STM,2022,0.4734002976190476,0.24553571428571427,0.2638507953922106,0.1304642166344294,At-Risk
STNE,2021,0.6447112540967057,-0.2816916089541906,-0.6509892588799009,-0.47722532627691366,Distressed
STOR,2021,0.9650998495600192,0.34286488199278364,0.12732259012369862,0.17009868577875953,Distressed
STOR,2022,0.9650998495600192,0.3602626756261454,0.16291537620230392,0.04666797046887987,Distressed
STRA,2021,0.4625178715650808,0.04867692981975566,0.10123358760204076,0.14458193263888033,At-Risk
STRA,2022,0.43938788151818897,0.04380185456320156,-0.05850209333684432,-0.029001048867839715,At-Risk
STRA,2023,0.4492984524999029,0.06160254350689014,0.06329917032698877,0.028558086431706688,At-Risk
STRA,2024,0.4667759625552286,0.0923692343003287,0.07679773753579235,0.042018899728673086,At-Risk
STRL,2024,0.2014046043116503,0.12168747246846989,0.0727740034245516,0.04822942962605087,At-Risk
STRM,2021,0.5064733298808908,-0.3764313251625525,0.0,0.0,Distressed
STRM,2022,0.4618104383462574,-0.45718992325927116,0.43213073249323897,0.4124159746935548,Distressed
STRM,2023,0.5108426270136307,-0.8274473358116481,-0.09212905299529912,-0.11906494960806271,Distressed
STRN,2021,0.2981174032586286,0.005925035754482678,0.051666986162624336,0.10695415611849253,Healthy
STRN,2022,0.28106360564002114,-0.01320432944172732,0.4848724699273707,0.5061850730506149,At-Risk
STRN,2023,0.327,-0.00506578947368421,0.28915234111676585,0.26462222549495473,Healthy
STRN,2024,0.31230188496624484,-0.050088319984513754,0.08755263157894737,0.1450469538831777,At-Risk
STRR,2024,0.2071815438820068,-0.19561835866489252,0.16542535764988534,0.23225150106720394,Distressed
STRS,2021,0.14251310383907068,0.5635498732008526,-0.36309295558613225,-0.0444614419078999,Distressed
STRS,2022,0.24795989119419704,0.5635498732008526,0.3280209661425131,0.012971819133433222,Distressed
STRS,2023,0.14348581354950782,-0.8573827446438912,-0.5394421035788576,-0.3067088120276376,Distressed
STRS,2024,0.30884225679641214,0.036099883727368366,2.137405906195715,0.6940612578910451,Distressed
STRT,2022,0.12385658850452722,0.015513028865819819,-0.06806169443328285,-0.017750011077141213,Healthy
STRT,2023,0.08551038044735124,-0.013530893850442037,0.0899494765237195,0.12555484383176052,At-Risk
STRT,2024,0.12174068275048999,0.030334755265301265,0.09092273798752805,0.04191489574879517,Healthy
STRT,2025,0.14967632099613143,0.033066933774107805,0.050765574617956506,0.04294627196356587,Healthy
STRY,2021,-0.5044542404467389,-7.480797736154157,0.7357710899734914,0.30048146942412146,Distressed
STSFF,2024,0.6737171210855422,-0.023716699155295645,0.01722805933250927,0.032045827321272216,Distressed
STWD,2024,0.9006524922656834,0.18488034217448454,-0.05027786612862626,-0.0376999768142824,Distressed
STX,2023,0.14233477789815818,-0.07164138678223185,-0.36677814938684505,-0.21426362980521488,Distressed
STX,2024,0.23446802014959547,0.05113723095710578,-0.11281148429035753,-0.1960912906610703,Distressed
STX,2025,0.3517643179070023,0.16148180718918326,0.38864295527400394,0.17180616740088106,Distressed
STZ,2021,0.5336651286179102,-0.004580135363406532,0.023888843747460795,-0.00012019643531714688,At-Risk
STZ,2022,0.504517275670186,-0.007511160950426338,0.07163830534991554,0.13542614758461988,At-Risk
STZ,2023,0.5036740348129856,0.1734023971571403,0.053868776844466074,0.025001134352738326,At-Risk
STZ,2024,0.5205951786221557,-0.007973591152644312,0.024784677467927483,0.009901136195956914,At-Risk
SUM,2021,0.2793989547942062,0.06315556202947376,0.03310594734894752,0.02099679078439244,At-Risk
SUM,2022,0.2691560947423485,0.11280518892677456,0.0011839800404121895,-0.004059276082643434,At-Risk
SUM,2023,0.289012883532076,0.10912750222564277,0.08577994314663244,0.06502155093241671,At-Risk
SUMO,2021,0.6765802787816211,-0.5095095508518327,0.19487063073377517,0.29648657133887035,Distressed
SUMO,2022,0.6755524365745607,-0.41512565354477365,0.24178833247289624,0.1764777105118327,Distressed
SUNW,2021,0.40316744765407203,-0.26321252743341833,1.6680558119906101,1.5415886709530398,Distressed
SUNW,2022,0.44038657486028343,-0.17421187513508507,0.6008758922039662,0.5221992730998928,Distressed
SUP,2021,0.08284166817115003,0.0027109586567972558,0.25799447654347907,0.22235217745509647,At-Risk
SUP,2022,0.10146155075120343,0.022583056792418083,0.18425853042065354,0.1598406468006746,At-Risk
SUP,2023,0.08355549010563185,-0.06702745937111768,-0.15526476582137225,-0.11982914164821495,At-Risk
SUP,2024,0.08721704604274767,-0.0616896438536025,-0.08513711638704871,-0.087694219004909,At-Risk
SUPN,2021,0.8705342589797767,0.09214609115605192,0.11410134954659616,0.4509206813244818,Distressed
SUPN,2022,0.8692805265887135,0.0909885228359296,0.15085679789573542,0.24256210571764386,At-Risk
SUPN,2023,0.8620969480890373,0.002166180263727509,-0.08949879952880381,-0.04424861330965343,At-Risk
SUPN,2024,0.8822846799039614,0.11160940259920794,0.08937304224874532,-0.01322464560912142,At-Risk
SVACU,2021,0.4450760267159301,-0.3664914025863294,0.019116582186821145,0.008267823258335593,Distressed
SVACU,2022,0.46112600536193027,-0.4760053619302949,0.06011084268864573,0.06102970829412555,Distressed
SVC,2021,0.3241839286430682,-0.36414167078992765,0.18203933755593737,0.2550609656392976,Distressed
SVC,2022,0.34119712658701423,-0.07105755145836498,0.2456779309699247,0.07679529748071112,Distressed
SVC,2023,0.34685406563873666,-0.017492740931434155,0.005824979025888736,-0.00890782867598433,Distressed
SVC,2024,0.328307136591373,-0.14524852814656117,0.012308797388069458,0.020926664217073822,Distressed
SVT,2021,0.1476404161940924,0.09998027516149711,-0.18630125993098468,-0.11308011773718801,At-Risk
SVT,2022,0.15827767514565866,-0.058576097768935624,-0.13247694659499976,-0.14343190962198532,Healthy
SVV,2023,0.34286908373210045,0.03540412291559601,0.04384826635143042,0.10348390702540936,Distressed
SVV,2024,0.34914416268810766,0.018879864101398462,0.024907865294361137,0.0360985635957809,Distressed
SWAG,2022,0.41294153761471775,-0.5581183643657842,-0.06785531041559774,0.250234606557834,Distressed
SWAV,2021,0.8252637615646058,-0.03852479063530483,2.4982961837466258,0.7835401492671522,At-Risk
SWAV,2022,0.8672827847010514,0.44104848968723775,1.065111787675103,0.536020536348244,Healthy
SWAV,2023,0.8693726634074196,0.2016871396683237,0.4910777913679495,0.5621951919999781,At-Risk
SWBI,2022,0.4334599352409255,0.22507597271694174,-0.18416722133318228,-0.17184472451975016,Healthy
SWBI,2023,0.32246130347507107,0.07694651136586526,-0.4454026380412116,-0.29645878267286885,Healthy
SWCH,2021,0.42633245783681983,0.00914119703738736,0.15736188463621134,0.20397996799107979,Distressed
SWI,2021,0.6840997896002404,-0.07153591824466486,0.0025977649734224366,0.1309010905665318,Distressed
SWI,2022,0.8665729731833681,-1.2919872610225378,0.0010227766088902247,-0.1379342464368073,Distressed
SWI,2023,0.8853296254316366,-0.012005430055091335,0.054732841512051565,-0.06093741558551814,Distressed
SWI,2024,0.895460506089259,0.1404237697563669,0.050287318449007565,-0.032695724784546173,Distressed
SWIM,2021,0.3238322737827858,-0.09889349930843706,0.5628983437823044,0.8339844287325648,Distressed
SWIM,2022,0.31113669552818884,-0.008184138811273242,0.10354410141231109,-0.01851987969428548,At-Risk
SWIM,2023,0.2699843951900468,-0.004215416987353749,-0.18576586521324182,-0.15883806697040603,Distressed
SWIM,2024,0.30233619130024386,-0.03512152914339652,-0.10233507269299479,-0.10923699449272571,Distressed
SWK,2021,0.33323081151472717,0.11054033361036038,0.19853333333333334,0.208855516660877,At-Risk
SWK,2022,0.2527880382831585,0.062351747170657446,0.10902868211474155,0.18137742508307728,At-Risk
SWK,2023,0.24919682404902066,-0.015119351629480835,-0.0688188158655605,-0.05576518870101601,At-Risk
SWK,2024,0.29379722368652256,0.017434936254124445,-0.026322626432884907,-0.06309448319594166,At-Risk
SWKS,2021,0.4917500146796892,0.29326104401949465,0.5225139315195041,0.42341128933512917,At-Risk
SWKS,2022,0.47476073284112663,0.2324674140916963,0.07367246677497015,0.12625089605734768,At-Risk
SWKS,2023,0.4415598021959601,0.20593412119688206,-0.1299972655181843,-0.07859361474616834,At-Risk
SWKS,2024,0.4118717089516515,0.14265198659645764,-0.12454949291760958,-0.0631372440662043,Healthy
SWM,2024,0.18378678511937813,-0.02458230276109232,-0.022161895360315893,-0.03947825224420969,At-Risk
SWN,2021,0.6240447945102745,-0.003749812509374531,1.8886481802426343,0.7241254078664576,Distressed
SWN,2022,0.6281991962405012,0.12325023330222637,1.2501874906254686,0.9335324691221832,At-Risk
SWN,2023,0.4434304466421343,0.23873045078196872,-0.5652579656045861,-0.24383089440317576,Distressed
SWTX,2024,0.9344951954444148,-1.3473163908157566,4.509057831645275,0.3479882913390346,Distressed
SXC,2021,0.2315934065934066,0.02980769230769231,0.09227306826706677,0.04052877384627563,At-Risk
SXC,2022,0.18636248415716097,0.05105196451204056,0.354739010989011,0.3836439710916698,At-Risk
SXC,2023,0.16411399767351686,0.02786932919736332,0.04598225602027883,0.06559269848251595,At-Risk
SXC,2024,0.17154076676655988,0.04955048052082257,-0.061942613416052734,-0.0797688457767917,At-Risk
SXI,2022,0.3671041519625642,0.08348938380801237,0.12054730644040522,0.10897974859610335,At-Risk
SXI,2023,0.384720018136477,0.18756139953147435,0.007763766099717274,-0.020829043349120474,At-Risk
SXI,2024,0.3913229304710429,0.10140223552838816,-0.027546123867819627,-0.030800922769071943,At-Risk
SXI,2025,0.39899406029816215,0.07057271989743161,0.09640386603481652,0.09842802497932909,At-Risk
SXT,2021,0.3294014768189274,0.08603064341314415,0.03623345628118898,0.026193353090062703,At-Risk
SXT,2022,0.34036028249755224,0.09803978876008236,0.04113343534280398,0.024831520463777314,At-Risk
SXT,2023,0.3160403721377322,0.0641244120979093,0.013507636188022733,0.049294196186692125,At-Risk
SXT,2024,0.32563824950488945,0.08005635655151333,0.06919427374781147,0.04934737023282904,At-Risk
SYK,2021,0.6411035772737901,0.1165536591068506,0.19211204794091005,0.1907356948228883,At-Risk
SYK,2022,0.627567889858529,0.12781180551791424,0.07838438157587094,0.06358782331322377,At-Risk
SYK,2023,0.6370377597814421,0.15440530783491072,0.11106293024012141,0.08058417003520668,At-Risk
SYK,2024,0.6390794423545032,0.13246293427749503,0.10230266367450483,0.08175455532762158,At-Risk
SYM,2024,0.13738333802152916,-0.007543987486711342,0.5194091891262658,0.3605281257834144,Distressed
SYNA,2022,0.5421049606253951,0.14801402540667932,0.2986712451478053,0.12432343775627358,At-Risk
SYNA,2023,0.5283004944284555,0.054313334809239174,-0.2210725987239179,-0.12414296134208606,At-Risk
SYNA,2024,0.45841150719199497,0.1309151553053992,-0.29200796989152095,-0.13849100599600267,At-Risk
SYNA,2025,0.4471749045890347,-0.04449408917434609,0.11976235146966854,0.09975833736104399,At-Risk
SYNH,2021,0.2337412262107781,0.045047448959038706,0.18053289375799547,0.17288442839622595,Distressed
SYNH,2022,0.23256942876077166,0.049414601891831056,0.03455074554428665,0.027573104397241,Distressed
SYNL,2021,0.1815454939276698,0.06048429260714339,0.30748046875,0.172859382606729,At-Risk
SYNL,2022,0.16522197157939333,0.0842236242953056,-0.21726543477286647,-0.19485562074093443,At-Risk
SYNL,2023,0.00789940935608943,-0.13784624622759203,-0.2626558724851427,-0.11358414587612545,At-Risk
SYNL,2024,0.13238735559600312,-0.1683691789557099,-0.5819266069293246,-0.47722532627691366,At-Risk
SYPR,2021,0.1488802676683704,0.0299997947328448,0.18322687197920967,0.16130130324839526,Distressed
SYPR,2022,0.13487890593074892,-0.02264781467658303,0.13021121990270337,0.14899920438842595,Distressed
SYPR,2023,0.12661591654860047,-0.01171608318712699,0.23703017589742192,0.23230408994414936,Distressed
SYPR,2024,0.14188899985732628,-0.011984591239834499,0.02904795812748214,0.014779599863959662,Distressed
SYX,2021,0.35208352930110054,0.09716865769918163,0.03313896987366375,0.031961054079796804,Healthy
SYX,2022,0.3612040133779264,0.0675756796158134,0.09688646411438247,0.0879909752845862,Healthy
SYX,2023,0.3419916817076042,0.055795338617280074,0.0927879255638453,0.11018946177773588,Healthy
SYX,2024,0.34349114674367354,0.04666008055323353,0.03264537393078553,0.0489047376464595,Healthy
SYY,2022,0.17949763972259455,0.01980010490121802,0.3379899813721212,0.3297718956751922,Healthy
SYY,2023,0.18283655420897477,0.02319030461840812,0.11202575907686928,0.10553627998189773,Healthy
SYY,2024,0.18527725635431994,0.024795799299883313,0.03300360301342942,0.03214802281472587,Healthy
SYY,2025,0.1839621482118717,0.02246528204497972,0.032037948353711126,0.03490124533989054,Healthy
T,2021,0.5493292946776287,0.14981572389919276,-0.06299895141558895,-0.09297341815767579,Distressed
T,2022,0.7777142809816052,-0.07059739442277271,-0.099203211029708,-0.09356237491661107,Distressed
T,2023,0.7795683993857614,0.11762015225275264,0.013972055888223553,-0.0005724215475825411,Distressed
T,2024,0.7795252419565786,0.08949123724823436,-0.0007514620838370308,0.004479718534579745,Distressed
TACO,2021,0.46137990537683343,0.010848479676878004,0.07211471020547569,0.07244769798639114,Distressed
TACT,2021,0.39054486365713703,-0.10259990859696339,0.2873345317862396,0.2578157243087082,At-Risk
TACT,2022,0.41989026299041954,-0.10210013932128176,0.47613365155131265,0.3497118717060066,At-Risk
TACT,2023,0.5286998664482108,0.06537153557021107,0.24926469323517778,0.016850006077549533,Healthy
TACT,2024,0.495159505808593,-0.22734187718974738,-0.4026792967190318,-0.2975719088531939,At-Risk
TALK,2021,0.587414556043318,-0.5519613621768085,0.4919411996324977,1.1145947928126145,At-Risk
TALK,2022,0.504637567221725,-0.666337701874263,0.051868990331746884,-0.05300249525516152,Distressed
TALK,2023,0.45764270718784367,-0.12784164750574828,0.2549031087172882,-0.11870838441230779,At-Risk
TALK,2024,0.42506916569381586,0.006119631329527221,0.2502449265220434,0.1087189906149353,At-Risk
TAP,2021,0.39431111802873625,0.09783359436559433,0.06481251294800083,0.02875760613619938,Distressed
TAP,2022,0.34157555368657133,-0.01638164657508644,0.040983686294347114,0.0994753719420303,Distressed
TAP,2023,0.37333470060929236,0.08108800984438691,0.0935520044855621,0.059021766015335146,At-Risk
TAP,2024,0.3899028124193687,0.09653392964651243,-0.006417651532630895,-0.038867641763738456,At-Risk
TARS,2022,0.9630074372482181,-2.4051363495506664,-0.5473021551195048,0.2796022201665125,At-Risk
TARS,2023,0.9086949045681206,-7.7889035364246,-0.32417880384257824,0.8141717874570757,Distressed
TARS,2024,0.929894563084508,-0.6316048384011194,4.509057831645275,0.8898664425142431,Distressed
TASK,2021,0.43245129833851054,-0.07716283490402956,0.5912757349711115,0.9264143762513858,Distressed
TASK,2022,0.41825361872962624,0.042084813048353494,0.26263337991305413,0.07562339480668963,At-Risk
TASK,2023,0.41717287002428693,0.04942852661015941,-0.0376100090682975,-0.055393748980390414,At-Risk
TASK,2024,0.3940632270838254,0.046101197505490035,0.07639839240992465,0.09013955229738951,At-Risk
TAST,2021,0.13608304193370735,-0.02604077779189891,0.06776598673216577,0.08120117611869823,Distressed
TAST,2022,0.12120469071450035,-0.04367212963176995,0.04724728722985772,0.05952495018514066,Distressed
TAST,2023,0.17278016300524807,0.018010086842340865,0.08440858972284505,0.02689942152210422,At-Risk
TATT,2022,0.18837220303704055,-0.018472964662472207,0.0844266605106896,0.049367574732721346,At-Risk
TAYD,2022,0.3118808554831241,0.07255170008781665,0.3712605189927285,0.14206902948484185,Healthy
TAYD,2023,0.4216315267155786,0.1564044536636086,0.3023584535534255,0.17597088519837337,Healthy
TAYD,2024,0.4674280154679359,0.20184377354256766,0.1090428716839579,0.051305337647881324,Healthy
TAYD,2025,0.4639637005598612,0.20333942320310588,0.03835375372394116,0.044497414323654456,Healthy
TA_delisted,2021,0.21584880365454137,0.007976726777889786,0.5139884404514452,0.4919140869541479,At-Risk
TA_delisted,2022,0.1720311406465105,0.015127722570514127,0.4781546397878979,0.4683120976285156,Healthy
TBI,2021,0.25778171181557785,0.02835543622580191,0.1772471240711454,0.14036812594221293,Healthy
TBI,2022,0.26712282582078484,0.02762551770396738,0.03706348205897805,0.03649046637342175,Healthy
TBI,2023,0.2654745486278507,-0.007435043695898162,-0.15435341569277397,-0.11979428038234664,Healthy
TBI,2024,0.25927958080711094,-0.08022748602296935,-0.1777580297999783,-0.16667326180042985,Healthy
TBLA,2023,0.29559104943095194,-0.056984687622639675,0.027502408735681404,0.06262797609581465,At-Risk
TBLA,2024,0.30246401920485555,-0.002128840121842126,0.2268100313610269,0.1575612170102606,At-Risk
TBTC,2021,0.7278858532819708,0.24554741474529557,0.5828186723393544,0.15034477234907845,Healthy
TBTC,2022,0.6286102573967898,0.14692173995465327,0.5870661834333498,0.655748097746025,Healthy
TBTC,2023,0.743176267198406,0.17002529711380582,-0.1419727443920986,-0.13561462473424846,Healthy
TBTC,2024,0.7070292562915923,0.14120604878562626,0.17678918393697046,0.2093504709174184,Healthy
TCMD,2021,0.7123672839654518,-0.05676809720413156,0.1118313471917918,0.09718147994605401,At-Risk
TCMD,2022,0.7130741333549446,-0.07239499969609174,0.18614129781742503,0.1723311651042663,At-Risk
TCMD,2023,0.7110664922400819,0.10390892891630804,0.1119922199485382,0.04567318480198767,At-Risk
TCMD,2024,0.7395898752150288,0.05788712011577424,0.067636459043156,0.04668638268319899,At-Risk
TCNNF,2021,0.6079550697796196,0.01871913676290381,0.7869128128037919,1.3832145319246487,At-Risk
TCNNF,2022,0.5656793591352693,-0.20198501267003166,0.30720523127174243,0.5121091414398654,Distressed
TCOM,2021,0.7703640813236371,-0.027468411321840153,0.16868153939168978,0.16089928295383057,Distressed
TCOM,2022,0.7747891612704861,0.07001347357177529,-0.04041989094859174,-0.10752557195476099,Distressed
TCOM,2023,0.8611558123253453,0.23471223018782275,1.0057538490568887,0.4747168030375529,Distressed
TCOM,2024,0.8525752087188692,0.336017482974682,0.1830206935957702,0.1650282279691717,At-Risk
TCS,2021,0.5815062164170443,0.07468840226702946,0.10507247840595987,0.08713813087216689,Distressed
TCS,2022,0.5738442676016798,-0.15168754977283536,-0.042829893274863154,0.008573221817791422,Distressed
TCS,2023,0.5765240705419691,-0.12183245869501368,-0.19047741817202637,-0.12490340515384041,Distressed
TCX,2021,0.25725757959104545,0.011053536047210823,-0.022059626866151247,0.02934503749332243,Distressed
TCX,2022,0.24365545459640905,-0.08585298715210093,0.05521839276854277,0.12875096507161551,Distressed
TCX,2023,0.19646251366635528,-0.28348514898169075,0.05665717968998138,0.14374061638800828,Distressed
TCX,2024,0.22918777172037816,-0.3032502932854875,0.06759651909458739,-0.010871264476201584,Distressed
TDAC,2021,0.5028186605640174,-3.232652172265048,1.1998647633076365,1.8793949013163034,At-Risk
TDG,2022,0.5708233560508381,0.1595137226008473,0.13151313047102958,0.034438364982298034,Distressed
TDG,2023,0.5834472285497343,0.19741837509491267,0.21293055811383313,0.13939016801493467,Distressed
TDG,2024,0.5884130982367758,0.21612090680100757,0.20577069096431283,0.20398689240851994,Distressed
TDOC,2021,0.6801024446710716,-0.21094678180377202,0.8581148156882963,0.6727069903062746,Healthy
TDOC,2022,0.5965003905535889,-5.675296654534576,0.1840565315119198,0.15957732001875252,Distressed
TDOC,2023,0.6258048773927295,-0.0846782699915271,0.0812579980389224,0.06784207461375458,Distressed
TDOC,2024,0.6278515427070791,-0.38965408273900654,-0.012619432334965791,-0.012284049719223752,Distressed
TDS,2021,0.5361231000187653,0.029273784950272098,0.019904306220095695,0.020226537216828478,Distressed
TDS,2022,0.5261407722150379,0.01145390726029928,0.015762807280915746,0.043219666931007136,Distressed
TDS,2023,0.5476744186046512,-0.09689922480620156,-0.04673933123960835,-0.049410870391486124,Distressed
TDUP,2021,0.7074569485924891,-0.25090550930927114,0.353611267908502,0.35069904214888825,Distressed
TDUP,2022,0.6669625735577139,-0.32000943203215215,0.14530644341361124,0.20271311167554698,Distressed
TDW,2021,0.28835170995571824,-0.3475944188252797,-0.06549750905454893,-0.03295403176443361,Distressed
TDW,2022,0.9650998495600192,-0.033579646864829144,0.7456237046300463,0.3878440187428009,Distressed
TDW,2023,0.9650998495600192,0.09622420134952499,0.5593792651972258,0.348033559383219,Distressed
TDW,2024,0.9650998495600192,0.1342333941382116,0.3325296910350154,0.25557132285518563,At-Risk
TDY,2021,0.39906377998829723,0.09650434518778579,0.4951396539433608,0.5310233682514102,Distressed
TDY,2022,0.4269043344447294,0.14446927783680796,0.18297466571310925,0.1243609022556391,At-Risk
TDY,2023,0.43286309999112765,0.15716440422322775,0.032407577034404424,0.025611876421024474,At-Risk
TDY,2024,0.4294179894179894,0.14447971781305113,0.006121905775885015,0.005933363760839799,At-Risk
TEAM,2022,0.8384113209189684,-0.18534850914166204,0.34164906765106273,0.4030715819370897,Distressed
TEAM,2023,0.8206992098503755,-0.13771134713027922,0.2610759211411683,0.4197418105027117,Distressed
TEAM,2024,0.8156530888452103,-0.0689484681215518,0.2331084263860012,0.15356472087073042,Distressed
TEAM,2025,0.828418247526894,-0.0492180321607331,0.19655403348274664,0.194387445036285,Distressed
TECH,2022,0.6842408504349226,0.24606661185475023,0.18749838888459258,0.16616263247114177,At-Risk
TECH,2023,0.6772355463437207,0.2509567151285033,0.02813226133525808,0.035536069438040864,At-Risk
TECH,2024,0.6640941797663624,0.1450356323227443,0.019669183303979407,0.13681277886931548,At-Risk
TECH,2025,0.6479577906504815,0.06018193967867436,0.05226217797180474,0.1732575647802229,At-Risk
TEL,2021,0.3274810694900489,0.15151109026335188,0.22601051593821886,0.17075272936219116,At-Risk
TEL,2022,0.32209323751612307,0.1491308887660463,0.09100046907458285,0.09112474437627811,At-Risk
TEL,2023,0.31526755644255955,0.11912186603467631,-0.0151710582888029,0.0013494264937401604,At-Risk
TEL,2024,0.3443357526033449,0.20151467339854845,-0.011787451665211425,-0.03705921988470465,At-Risk
TELA,2021,0.6488477072938941,-1.129416556358823,0.617690660517213,0.35471854304635764,Distressed
TELA,2022,0.6723646723646723,-1.0694866966053407,0.4057631605742796,0.3651254370777744,Distressed
TELA,2023,0.6927274904624228,-0.798316596239714,0.41129460620986047,0.27482747901771837,Distressed
TELA,2024,0.6763059163059163,-0.546046176046176,0.18556789215266967,0.08258231897627966,Distressed
TELL,2021,0.3291672395650649,-1.609793055068397,0.9040177378853449,0.6824918282350491,Distressed
TELL,2022,0.5501199894878115,-0.12709031807024795,4.498786390740091,1.2303167433621691,Distressed
TELL,2023,0.40848313348743137,-1.0002949532890302,-0.5761240642366161,-0.2343559453823228,Distressed
TEN,2021,0.13141114499584142,0.0019406709176601053,0.17270303660836206,0.15554823839315113,At-Risk
TENB,2021,0.8033818121338681,-0.0862583852309057,0.2292235036493034,0.2228954335849484,Distressed
TENB,2022,0.7734323198051497,-0.1349871412240501,0.2625265647811062,0.2884003719347124,Distressed
TENB,2023,0.7701581299846002,-0.09801304603673423,0.16908741479322767,0.12698300679355426,Distressed
TENB,2024,0.7781518431236605,-0.040333503329366756,0.12684328479673473,0.06431694847767705,Distressed
TER,2021,0.5959294938184619,0.27399989359636456,0.18626230149971054,0.129896059583078,Healthy
TER,2022,0.5917985321920923,0.22677996668827227,-0.1479485838189237,-0.07498568906500153,Healthy
TER,2023,0.5742066092789369,0.16767639478114918,-0.1517401495065839,-0.06590338524173205,At-Risk
TER,2024,0.5847507695362923,0.19233868107862745,0.05364948148524566,0.052780631703662984,Healthy
TESS,2021,0.1868946757329992,-0.006468287953771667,0.11840150297034317,0.07649357429534055,At-Risk
TESS,2022,0.2014857607771631,-0.0096158802047583,0.08267352389492097,0.07867663631486235,At-Risk
TEVA,2021,0.47827182264768864,0.026199773271192845,-0.046881565520139265,-0.060436732593191676,Distressed
TEVA,2022,0.46720268006700166,-0.1638860971524288,-0.060020153671747074,-0.04256984114562955,Distressed
TEVA,2023,0.48251924775968696,-0.035277041524675,0.06170854271356784,0.0340008173273396,Distressed
TEVA,2024,0.48736702127659576,-0.0990691489361702,0.0440489713492364,0.04189392142913604,Distressed
TEX,2021,0.194864670165689,0.0568333847895441,0.2634247822129762,0.18311170212765956,At-Risk
TEX,2022,0.1971480307831598,0.06790402897238569,0.13666769579088195,0.12341238619759469,At-Risk
TEX,2023,0.2284549689440994,0.10054347826086957,0.16613852421910366,0.12931465732866435,Healthy
TEX,2024,0.2083089526038619,0.0653403549834211,-0.004852484472049689,0.01904761904761905,At-Risk
TFX,2021,0.5515455606441286,0.17275782746284743,0.10736706769311781,0.08445281044441671,At-Risk
TFX,2022,0.5485720202605407,0.13010880169800443,-0.006592484311617144,0.011832668632410245,At-Risk
TG,2021,0.232697940287226,0.06829412320483749,0.23070482967924233,0.1185085122458159,Healthy
TG,2022,0.1736411351886193,0.03729137862118224,-0.09882251511715798,-0.03520396563710268,At-Risk
TG,2023,0.15885527002279515,-0.18541635298525494,-0.2514543703189196,-0.220543786070675,At-Risk
TG,2024,0.19447370757009613,-0.10813585608459937,0.045343450507200955,0.009071416213911368,At-Risk
TGAN,2021,0.47900207900207903,-0.42557172557172557,4.509057831645275,1.8793949013163034,Distressed
TGEN,2021,0.47494132016081764,0.1514873736134817,-0.1364913630459686,-0.17616174365427276,Distressed
TGI,2021,0.2645647752759158,-0.033862251168920034,-0.3246557370385603,-0.3512401137569012,Distressed
TGI,2022,0.283646540393185,0.07924642788276981,-0.10465002090751277,-0.10805670920518888,Distressed
TGI,2023,0.27083083412259457,0.42983684313401443,0.05438091851663155,0.044370651976136925,Distressed
TGI,2024,0.31548968986387865,0.03238924785373886,0.058654763292934904,0.022628682211490787,Distressed
TGLS,2021,0.4077900902805036,0.1382992642692513,0.3191071860055708,0.2216146670955291,At-Risk
TGLS,2022,0.4877388112815217,0.21921235887631355,0.44241472669263365,0.2905608214849921,At-Risk
TGLS,2023,0.4691592710602269,0.22098372066509453,0.16285219866865763,0.17004416970142097,At-Risk
TGLS,2024,0.42684802304250485,0.18120921475520146,0.06830480099368148,0.15636709834124668,Healthy
TGNA,2021,0.4654933831880186,0.15945843208485994,0.018147376590486694,0.055100919560486974,At-Risk
TGNA,2022,0.48365523161581403,0.19226041360130153,0.09633669030016787,0.04461149771082666,At-Risk
TGNA,2023,0.4095162027255894,0.16377034143727262,-0.11231701199513912,0.009213888024829003,At-Risk
TGNA,2024,0.433871238641496,0.19336673360260298,0.06562885400885628,0.002625078678768118,At-Risk
TGT,2021,0.29283524362058394,0.0655252110749493,0.13300413633885913,0.11533864999655259,At-Risk
TGT,2022,0.24572947214076246,0.025476539589442817,0.029385406348757134,0.08461863402672601,At-Risk
TGT,2023,0.2754254645663427,0.03852455963951886,-0.0156524926686217,-0.03388365377308306,At-Risk
TGT,2024,0.28211624720830286,0.03838935495373759,-0.007876214948050497,-0.006931812595250971,At-Risk
TGTX,2022,0.9048473967684022,-24.696043881430608,-0.5836447899536552,-0.3709052834043231,Distressed
TGTX,2023,0.9395237565372204,0.054232181527163165,4.509057831645275,-0.03650820213386642,Distressed
TGTX,2024,0.8830226988121725,0.07107208422997896,0.4080338266384778,0.3475864788362148,Distressed
THC,2021,0.8308599308802602,0.04660500101646676,0.06230428679408271,0.05402270785007936,Distressed
THC,2022,0.8310099132589839,0.021220570012391575,-0.015653588127668226,-0.018011235304337753,Distressed
THC,2023,0.380665240225637,0.029712118264929,0.0617513424204874,0.06870724227412126,Distressed
THC,2024,0.39792019347037483,0.154776299879081,0.00539778253258121,-0.020032007063627837,At-Risk
THMA,2021,-0.24358365019011408,-15.480513307984792,-0.5515771526001705,0.277409680569117,Distressed
THMA,2022,0.35544351662202617,-5.94698282653222,2.0166349809885933,0.23796784144577,Distressed
THMO,2021,0.37583387131482676,-1.2243382827630729,-0.046182266009852216,-0.11341810182949728,Distressed
THMO,2022,0.25851378422207383,-1.075073929218735,0.12793199913922962,0.009137670196671709,Distressed
THMO,2023,0.20444679724722076,-1.9031233456855479,-0.09901745683487552,-0.03939793715519309,Distressed
THO,2022,0.1720169011235232,0.0697503298845519,0.3243502270775116,0.29540253539460865,Healthy
THO,2023,0.1435362072290825,0.03365260679551198,-0.31821683031903397,-0.28713239863617507,At-Risk
THO,2024,0.14456865637640132,0.026416132850522453,-0.09694616919050802,-0.08699535711173968,At-Risk
THPTF,2021,0.5416260991855595,0.2671581127235075,0.8843588922216722,0.46281126595085015,Healthy
THPTF,2022,0.5515726072860808,0.2713919149393851,0.005810808722394795,0.020369461425192987,Healthy
THPTF,2023,0.5273516642547034,0.2712925584583746,0.008635127452637401,0.04121569913632885,Healthy
THPTF,2024,0.5378329769305935,0.27163553453330125,0.07567979282504379,0.08223435531289375,Healthy
THR,2021,0.3939506401929857,0.056489931791471965,0.28782935828315487,0.22005596728066668,At-Risk
THR,2022,0.42017521959191084,0.0764111759231939,0.2387467174997329,0.20260554505356018,At-Risk
THR,2023,0.4277225961276027,0.10429635140681197,0.12265144465375973,0.09579860992855777,At-Risk
THR,2024,0.4473963633590054,0.10741519087447587,0.007233704453236668,0.0011404007899128322,At-Risk
THRM,2021,0.2902365817521388,0.08931224011852985,0.1457149177853856,0.1334946056488501,Healthy
THRM,2022,0.22716028476179093,0.02028877953540264,0.15151364527075467,0.23955258727880366,At-Risk
THRM,2023,0.2393504488535651,0.02746147918827889,0.2194983464159063,0.18963286733059515,At-Risk
THRM,2024,0.2516482112787098,0.04460265746598504,-0.008816426107294653,-0.024785192801755757,At-Risk
THRN,2021,0.5231043363540994,0.03935629167610885,0.3311298701084838,0.25863011055786267,At-Risk
THRN,2022,0.5024849806123219,0.06852597677444862,0.24107172549369313,0.29056501115232697,At-Risk
THRY,2021,0.633510331584308,0.0912328383250313,0.003557666740277709,-0.013675978084977013,At-Risk
THRY,2022,0.6490267700609121,0.04520005189672552,0.07994201451074294,0.08816014647331145,At-Risk
THRY,2023,0.6306124251740259,-0.2827764757715977,-0.23738344028716188,-0.15258321976252043,Distressed
THRY,2024,0.6518632394837871,-0.0900509126912866,-0.10120932078899757,-0.08698056434611594,Distressed
THS,2021,0.16757275343779982,-0.0044416018192801054,-0.06011421701232342,-0.04449124214467175,Distressed
THS,2022,0.15844226744715054,-0.04437232719662734,0.1715524286678748,0.15784502361378344,Distressed
THS,2023,0.16788087189649142,0.015473831448886817,0.040793424524582206,-0.007553554702843158,At-Risk
THS,2024,0.1635062611806798,0.008020274299344066,-0.02261335820025644,-0.016165859895880902,Distressed
TIGR,2024,0.844707324700498,0.15509960249953525,0.43680923461968096,0.3063274424141052,Distressed
TILE,2021,0.36049127039531886,0.046013072331010214,0.08804436298902708,0.06439409815803812,At-Risk
TILE,2022,0.3372575638387295,0.015070277883288557,0.08124055521585341,0.08461327130533526,At-Risk
TILE,2023,0.34963907988756227,0.0352889976837062,-0.028061073148632543,-0.02102204029801347,At-Risk
TILE,2024,0.3670771583496623,0.06608556326948188,0.04293308431721651,0.018779140268293144,At-Risk
TITN,2021,0.19435880241088005,0.0385809734880303,0.21306640627767992,0.18209967066335725,At-Risk
TITN,2022,0.1990846899433578,0.04610859699833341,0.2905533364565578,0.2782062502391642,Healthy
TITN,2023,0.19262809300167305,0.04076245855907948,0.24855723924164422,0.25042069394099326,At-Risk
TITN,2024,0.14641455863206768,-0.013660004988671866,-0.02041838789607913,0.041192462156317576,At-Risk
TIVC,2021,-0.030230708035003977,-6.757358790771678,0.46162790697674416,0.6953740157480315,At-Risk
TIVC,2022,0.1625,-5.48695652173913,0.4638027048528242,0.7326560232220609,Distressed
TIVC,2023,0.24404761904761904,-7.010204081632653,-0.36086956521739133,-0.21083933657229018,Distressed
TJX,2021,0.2849845520082389,0.06762100926879505,0.5107197311510098,0.3878941530660751,At-Risk
TJX,2022,0.2760933995514258,0.07004966356936879,0.02854788877445932,0.02924991437378696,At-Risk
TJX,2023,0.3000165999594223,0.08252024272829556,0.08572973405959629,0.07418581950483627,At-Risk
TJX,2024,0.3060326472675656,0.08630234208658623,0.039526347824483096,0.03382899628252788,At-Risk
TK,2023,0.6761917438864145,0.10282837591085173,0.23088110745901474,-0.013374854142968172,Healthy
TK,2024,0.6676871188668392,0.10961393802227842,-0.16696598918070274,-0.057708987794248635,Healthy
TKNO,2021,0.4776244816089773,-0.2657143631583227,0.17880308016742819,0.8360366448899902,Healthy
TKNO,2022,0.4219217769193626,-1.1460164171897633,0.12270620442902448,0.4371485245700497,Distressed
TKNO,2023,0.2806673209028459,-1.0026169447170428,-0.11434089811685176,-0.03407894362389368,Distressed
TKNO,2024,0.19157504305205988,-0.708570671612134,0.028922691091484026,-0.058807065097299764,Distressed
TKR,2021,0.27808560574898983,0.08930775000604903,0.17639189343049072,0.18893022949524219,At-Risk
TKR,2022,0.2962172259657082,0.09059977316698913,0.08802535749715697,0.06502533994295051,At-Risk
TKR,2023,0.31643950513734537,0.08263786957433424,0.06055551849133809,0.05738877187508126,At-Risk
TKR,2024,0.31504482834025804,0.07712661272687514,-0.04109876284336339,-0.025600039346842417,At-Risk
TLCC,2024,0.3364766395199314,-0.8143163309044149,-0.14335022398472497,-0.10429161668665866,Distressed
TLF,2021,0.5685752652399559,0.016380155091276417,0.2898851507396542,0.15870750064884506,Healthy
TLF,2022,0.5787888218086762,0.01527354204269621,-0.02813902565901695,-0.017595599855651373,Healthy
TLF,2023,0.5924648099804536,0.04943000695273452,-0.051110972801394164,-0.09028842134596628,Healthy
TLF,2024,0.561949698216182,0.011116936188517428,-0.02411155859318632,0.027068046060234757,Healthy
TLRY,2022,0.18590420960832119,-0.7587877881255053,0.22469376419111842,0.4732809072215995,At-Risk
TLRY,2023,0.23433962023459476,-2.316377622288415,-0.0019860846759562805,-0.060278320739854716,Distressed
TLRY,2024,0.28310192637735093,-0.31051839045202306,0.258031904376168,0.11453411336059538,At-Risk
TLRY,2025,0.2929104636622757,-2.662503393972305,0.0410258295286599,0.03626510024490196,Distressed
TLS,2021,0.35485680579789053,-0.17792132259222135,0.347471334004013,0.5805422558735107,At-Risk
TLS,2022,0.36444323541752155,-0.24634026013546226,-0.10537344338435774,-0.0463548399595628,Distressed
TLS,2023,0.38854572218630057,-0.23677585329279532,-0.3297062525646996,-0.3159191392384491,Distressed
TLS,2024,0.4263890941332939,-0.48507462686567165,-0.25523806903382906,-0.176921913976869,Distressed
TLYS,2021,0.3604655959695447,0.08282776455664217,0.45991278473412894,0.2876851014935372,At-Risk
TLYS,2022,0.3069613851371452,0.014394299994050098,-0.1333180352046039,-0.0392472594786506,At-Risk
TLYS,2023,0.271843398070562,-0.055356990962680735,-0.07317933004105433,-0.010630879467790462,At-Risk
TLYS,2024,0.2694234642718539,-0.08118141444509029,-0.08607200003851814,-0.053149151842706764,At-Risk
TM,2022,0.1699134781121883,0.06597670072746145,-0.017132649615422307,0.00690639257145014,Distressed
TM,2023,0.2077447717695254,0.10965509173908496,0.13712698780961255,0.08146544372283329,At-Risk
TM,2024,0.19938999145389374,0.0991967308981627,0.00943691285927389,0.031051682703814063,At-Risk
TMCI,2021,0.8211376947436427,-0.21766805409928086,0.645933931839972,0.9629976995222085,At-Risk
TMCI,2022,0.8199918216556917,-0.301858458241092,0.5022188330738516,0.5927485148157831,Distressed
TMCI,2023,0.8119849506728375,-0.26468324800393334,0.3192374398962196,0.35014319511891423,Distressed
TMCI,2024,0.8037180509846816,-0.26625811413040884,0.11885013734648725,0.11108549294475699,Distressed
TMDX,2021,0.6991937082810125,-1.4610732932390458,0.18031124458832248,0.3395997923995156,Distressed
TMDX,2022,0.698402508051659,-0.3876673193592912,2.08832859692023,0.7921653034868704,Distressed
TMDX,2023,0.6377414401774666,-0.10358285428125634,1.5853368856931918,0.9467236740968485,Distressed
TMDX,2024,0.5935611722607238,0.08031888390632785,0.827392259842813,0.6617887783892276,Distressed
TMHC,2021,0.20634932907982853,0.09354528869464017,0.2238331495174016,0.16568026295961952,At-Risk
TMHC,2022,0.2543935701721975,0.12883947643483817,0.09647066194835138,0.023262363921430756,At-Risk
TMHC,2023,0.24037660065320982,0.10387847876286208,-0.09812694766403114,-0.0652764862053174,At-Risk
TMHC,2024,0.2429210287389926,0.10893929777858742,0.10114883986976786,0.09804380382618362,At-Risk
TMO,2021,0.5008288490474612,0.19701104281961695,0.21705257930349495,0.1916135662898253,At-Risk
TMO,2022,0.4223755983524435,0.15473672492485807,0.14546938359133915,0.2560546470709998,At-Risk
TMO,2023,0.39900133000443333,0.13988379961266537,-0.04581988199933207,-0.023868380575697647,At-Risk
TMO,2024,0.41283612024534155,0.14776464003358286,0.0005133350444501482,-0.010608064379976927,At-Risk
TMST,2021,0.17148647595291916,0.13329176085431443,0.5443601781629951,0.2784256559766764,At-Risk
TMST,2022,0.09527032107677269,0.04895104895104895,0.03663574713539637,0.12007718621173581,At-Risk
TMST,2023,0.13689078097475044,0.050939518496770406,0.024437927663734114,-0.012920908379013312,At-Risk
TMST,2024,0.09012915129151292,0.0011992619926199262,-0.20434527304756311,-0.1479571598571995,At-Risk
TMUS,2021,0.5431114106692628,0.03774432711750168,0.17136716522654502,0.19371403420113134,Distressed
TMUS,2022,0.5449849819657916,0.032549546945495215,-0.006827429541426396,-0.024062491464780268,Distressed
TMUS,2023,0.6157234145472136,0.10587082155859365,-0.012730768747407976,-0.10000839583566551,Distressed
TMUS,2024,0.6357125307125308,0.1392997542997543,0.03617709208482904,-0.014412985680302253,Distressed
TMX,2021,0.41662591687041567,0.061124694376528114,0.04283528811830699,0.025142857142857144,At-Risk
TNC,2021,0.40154015401540155,0.059497616428309495,0.08971028971028971,0.0742558412461325,At-Risk
TNC,2022,0.38536898004028564,0.06070316791796374,0.0012834616795012834,0.001787665110735922,At-Risk
TNC,2023,0.4244129945320039,0.08805082019942104,0.13861930049441495,0.0954694160801031,At-Risk
TNC,2024,0.42745006606046476,0.06505012823501982,0.03465744612415568,0.06099547511312217,At-Risk
TNDM,2021,0.5353095266214095,0.022148580177262633,0.4088948138644428,0.3420746783165314,Distressed
TNDM,2022,0.5154483741608079,-0.11806289681821529,0.14003719413374235,0.26888344561314775,Distressed
TNDM,2023,0.4917495633380499,-0.29772053100232976,-0.0667721728320792,0.04538913080254824,Distressed
TNDM,2024,0.520710952847417,-0.10213219911019215,0.2574299401646075,0.1519976767849186,Distressed
TNET,2021,0.2063876651982379,0.07444933920704846,0.12543381259295985,0.11429350791052918,At-Risk
TNET,2022,0.23252496433666192,0.07234562869370287,0.08083700440528635,0.07368421052631578,At-Risk
TNET,2023,0.23508209851822187,0.07509010812975571,0.017729773792541266,0.015275877792977656,At-Risk
TNET,2024,0.18840292895309718,0.03423708687908173,0.011814177012414898,0.07006512463507747,At-Risk
TNL,2021,0.49042756860242503,0.0982769623484365,0.45092592592592595,0.20709491850431447,Distressed
TNL,2022,0.5065881693299692,0.10008410428931876,0.1381620931716656,0.14694201747418587,Distressed
TNL,2023,0.5154666666666666,0.1056,0.051303616484440706,0.039473684210526314,At-Risk
TNL,2024,0.5248447204968945,0.1063664596273292,0.0304,0.03664223850766156,At-Risk
TNON,2022,-0.5044542404467389,-24.696043881430608,3.31875,1.8793949013163034,Distressed
TNON,2023,0.42383879781420764,-5.321379781420765,3.2373371924746746,-0.03919447878038731,Distressed
TNP,2021,0.6372994946165678,-0.27723027905954734,-0.15216530696204988,0.12022318796440551,Distressed
TNP,2022,0.7560553231055324,0.23591817759181777,0.5754779169413315,0.051957671219984874,Distressed
TNXP,2024,0.23073112740241727,-12.882504458093917,0.2994335736354274,-0.3036909027491518,Distressed
TOL,2021,0.2210261899369093,0.09483421670623084,0.24198707510491815,0.19028789262001602,At-Risk
TOL,2022,0.24197021709186012,0.12520001346885493,0.1689574523731164,0.1283802116073603,At-Risk
TOL,2023,0.263553537155862,0.1372766031441719,-0.02730956314002607,-0.056661783164281415,At-Risk
TOL,2024,0.2786531252708187,0.14485412206801307,0.0852234486320424,0.06485600921479116,At-Risk
TOST,2021,0.1841642228739003,-0.28563049853372435,1.071688942891859,0.8533077660594439,Distressed
TOST,2022,0.18711094837056022,-0.10069571585499817,0.6017595307917889,0.61148473874806,At-Risk
TOST,2023,0.21578266494178525,-0.06364812419146183,0.4152325155620652,0.3329052969502408,At-Risk
TOST,2024,0.2399193548387097,0.0038306451612903224,0.2833117723156533,0.17967244701348747,At-Risk
TPB,2021,0.48899703908896425,0.11686282608744453,0.09962701580554466,0.042461636002864823,At-Risk
TPB,2022,0.5535926083884083,0.03623894480261745,-0.2789003100089568,-0.3038969449528368,At-Risk
TPB,2023,0.562787635665592,0.11832131518716314,0.011938523607768913,-0.0031227120673405578,At-Risk
TPB,2024,0.5588781678034714,0.11037819553041646,0.10950458986538035,0.14223226712220377,At-Risk
TPC,2021,0.10047567446459693,0.019803611937533258,-0.1272726383935513,-0.1268472806545502,At-Risk
TPC,2022,0.0078116364681969684,-0.05540030943703827,-0.18334902398407524,-0.09501801348395231,Distressed
TPC,2023,0.036241178673309574,-0.04410953276702626,0.023602686008460057,-0.00017394486173135455,Distressed
TPC,2024,0.0455376824449343,-0.03783775163961819,0.11512084215691505,0.10910393048604895,At-Risk
TPCS,2021,0.15153406294941388,-0.015699947425097595,0.4287718977416518,0.5925414314825167,Distressed
TPCS,2022,0.15601047404056312,-0.031147175579338687,0.4105967038251327,0.36456975550771126,Distressed
TPCS,2023,0.13035358171631162,-0.2229115887436295,0.005070881819813643,0.1132920922791689,Distressed
TPCS,2024,0.12720754606094442,-0.08074990449883929,0.0772371878066538,-0.0009386301521132982,Distressed
TPG,2024,0.7342767969436145,0.006709271382784746,0.4645239927344575,0.5012469492855683,Distressed
TPH,2021,0.24855689889339372,0.11817978744274753,0.2212889573741046,0.16911905939066477,At-Risk
TPH,2022,0.26439014496556,0.13398719718209615,0.08274854191446586,0.061074287056414794,Healthy
TPH,2023,0.2231021287184165,0.09367211353528274,-0.1465711456061196,-0.08127253712004463,At-Risk
TPH,2024,0.2324840656318023,0.10356384023869727,0.20534977214397787,0.19129050491087535,Healthy
TPIC,2023,-0.1281856285137843,-0.2335624057347969,-0.4157731688959309,-0.29809137046072715,Distressed
TPIC,2024,-0.08111317979620018,-0.2704600383599385,0.030178755184224446,-0.01302388952891419,Distressed
TPR,2022,0.6956990051611938,0.12810232627720847,0.16327027826601465,0.1528577109013666,At-Risk
TPR,2023,0.707847287904037,0.14052155114173762,-0.003530555763333084,-0.003666926861146913,At-Risk
TPR,2024,0.7329266099052644,0.12231682455929968,0.0015463375820084374,0.007761683520087456,Distressed
TPR,2025,0.7544039824839175,0.026131484730483403,0.05089039453171843,0.03793097213935745,At-Risk
TPX,2021,0.43779914009896975,0.12665287580108706,0.3410209687508499,0.280874351512084,At-Risk
TPX,2022,0.4164837844428188,0.09259936600829066,-0.0019469457288878072,0.052505495048282336,At-Risk
TPX,2023,0.4032565882973972,0.07473504689974418,0.000853450377956596,0.01865452753595983,At-Risk
TPX,2024,0.4112636638341885,0.07793709059198119,0.0011166605757907987,-0.005896987008200498,At-Risk
TR,2021,0.349070388383534,0.11445120327413906,0.21167656980064237,0.22000925345005923,At-Risk
TR,2022,0.33877898598192063,0.11053903372781926,0.2035719792002467,0.14409413016759887,At-Risk
TR,2023,0.33383374601132104,0.1194647534005316,0.11993973535962268,0.1584859817949897,At-Risk
TR,2024,0.35007473552198026,0.12005663583682352,-0.05998193315266486,-0.06714983588924658,At-Risk
TREC,2021,0.10479298837507793,0.018200154021049544,0.307075819888221,0.34073937225312123,At-Risk
TREE,2021,0.9478406443701815,0.06291767220543669,0.20715502368157893,0.20435918299313313,Distressed
TREE,2022,0.9413507926967934,-0.19081576297066372,-0.10332917917995374,-0.07732874916232045,Distressed
TREE,2023,0.9423674576432487,-0.18201284159749712,-0.3172513076248335,-0.34473683171756087,Distressed
TREE,2024,0.959929750427396,-0.046326504994895684,0.33861163238176245,0.2820452194028075,Distressed
TREX,2021,0.38473054892760944,0.1743904517474385,0.3588895032077663,0.35364248233919865,Healthy
TREX,2022,0.365256142844356,0.1669247940631603,-0.0759504140516913,-0.03674013094814125,Healthy
TREX,2023,0.41321858870315853,0.18759322163938558,-0.010131613327872425,-0.02992350853493071,Healthy
TREX,2024,0.4217885464314963,0.19661487395446955,0.05170815381650419,0.03315649381346709,Healthy
TRGP,2021,0.18999044236510165,0.004200639535569741,1.051959371935644,1.1952339493343818,At-Risk
TRGP,2022,0.19339410792267483,0.05711951380328527,0.23481103021864566,0.22824592041042174,At-Risk
TRGP,2023,0.3352303506161155,0.08380291775371568,-0.23265869716863039,-0.3003364443148202,At-Risk
TRGP,2024,0.3466410279888899,0.08009034581692763,0.019999626407974945,0.018758234641695386,Distressed
TRHC,2021,0.2559007549580194,-0.3041957503790182,0.1738704271666614,0.18716189445026343,Distressed
TRHC,2022,0.22340375806300833,-0.4924945578867239,0.15250767656090072,0.17604412090290558,Distressed
TRIP,2021,0.917960088691796,-0.164079822616408,0.49337748344370863,0.16197975253093364,Distressed
TRIP,2022,0.9477211796246648,0.013404825737265416,0.6541019955654102,0.3465634075508228,Distressed
TRIP,2023,0.9334451901565995,0.005592841163310962,0.19839142091152814,0.1790079079798706,At-Risk
TRIP,2024,0.9286103542234332,0.0027247956403269754,0.026286353467561523,0.05,At-Risk
TRKA,2021,0.5365612648221344,-0.9879570158102767,2.6378341945630197,1.8793949013163034,Distressed
TRKA,2022,0.2429540173296379,-0.33238643345735536,4.509057831645275,1.8793949013163034,Distressed
TRMB,2021,0.5560656992156541,0.13465059714137356,0.16246783365632048,0.1427408312053588,At-Risk
TRMB,2022,0.5727497755895874,0.12232407583711884,0.004700609439479654,0.015350735151240365,At-Risk
TRMB,2023,0.614104825334983,0.081949087845842,0.033294344857601396,0.053935953049247254,Distressed
TRMB,2024,0.650585073168083,0.4084380854125377,-0.030378813804722668,-0.029537269618376057,At-Risk
TRMR,2024,0.8330401092271196,0.09696095787149396,0.1008575482013175,-0.06967094498365184,At-Risk
TRN,2024,0.2170044167316186,0.0449467394128345,0.03214561056548118,0.005801051197196807,Distressed
TRNO,2021,0.7465507141891587,0.3931600054071103,0.1875280922925451,0.13033091338848557,Distressed
TRNO,2022,0.7505430611269605,0.5635498732008526,0.24459063668724373,0.23867990052203528,Distressed
TRNO,2023,0.7556012237708211,0.4680521647764146,0.17152766715421489,0.14699924031400355,At-Risk
TRNO,2024,0.7436366535030748,0.4821925613074034,0.18242529126363607,0.23314882857878774,At-Risk
TRNS,2021,0.28512531774647615,0.0555232997819076,0.18244439957308103,0.17597465826872588,At-Risk
TRNS,2022,0.2964622303952396,0.04635488725717681,0.12495181963221913,0.12318149421432165,At-Risk
TRNS,2023,0.3229754779733391,0.052593446148272896,0.12539413364329116,0.11841583419263628,Healthy
TRNS,2024,0.3212868282205724,0.05213328017642348,0.07299185682188676,0.0869712140175219,At-Risk
TROO,2021,0.0977464023893565,-2.2842791202823785,-0.1420917773119031,-0.2455027545797077,At-Risk
TROO,2022,0.2121290322580645,-0.08929032258064516,0.0521314146076568,-0.3047077730010149,At-Risk
TROO,2023,0.21742785093863828,-0.4816475203138134,-0.07896774193548387,0.05818389927508585,At-Risk
TROX,2021,0.25055991041433373,0.08006718924972005,0.2951414068165337,0.20571658615136876,At-Risk
TROX,2022,0.24088013896931093,0.14389114070642733,-0.03303471444568869,-0.028046744574290485,At-Risk
TROX,2023,0.16210526315789472,-0.11087719298245614,-0.17486971627099016,-0.08485056681552731,Distressed
TROX,2024,0.1675341574495771,-0.015614834092387769,0.07859649122807018,0.07169669669669669,Distressed
TRS,2021,0.2533980469251321,0.06686422979547549,0.11317324051586425,0.05470880573667234,At-Risk
TRS,2022,0.23567880701039792,0.0748673387416132,0.031174528356920347,0.0588405150349788,At-Risk
TRS,2023,0.23506861918270336,0.06188760254542667,-0.26213185793648097,-0.2546236612455375,Distressed
TRS,2024,0.20535827520608751,0.038443246670894105,-0.03273786705512535,0.015965142771615308,Distressed
TRSSF,2021,0.5792801606508419,0.03158951650275475,0.46959561716810944,0.45936033655142655,Distressed
TRSSF,2022,0.4095727295837049,-1.3311920719528385,0.27608774007517634,0.6727708379530392,Distressed
TRSSF,2023,0.5509462733873833,-0.3462151060440942,0.01081390797687115,-0.26156695670745406,Distressed
TRSSF,2024,0.5068189109139877,-0.27107782063429303,0.07013320878690985,0.13055944788243565,Distressed
TRT,2022,0.2662657437875865,0.05426075116305458,0.3574333066354507,0.2824683310785881,At-Risk
TRT,2023,0.270635838150289,0.03579190751445087,-0.018495404516055827,-0.016686245834432165,At-Risk
TRT,2024,0.2543486481376442,0.02481565513329552,-0.021687861271676302,0.003852249177130318,At-Risk
TRT,2025,0.2507060016998876,-0.0011241192114714994,-0.1379986764983929,-0.11784421829839943,Healthy
TRU,2021,0.6546517127221134,0.46966421187757584,0.16976211175215364,0.13686958234830576,Distressed
TRU,2022,0.6266476185341923,0.07183482034556188,0.25325991487061683,0.33583156435471995,Distressed
TRU,2023,0.603962205053247,-0.053795155564836085,0.03269629909161972,0.04209502189070861,Distressed
TRU,2024,0.6000525837755151,0.06795257899517185,0.09203382752140321,0.07378707248000498,Distressed
TRUE,2021,0.9040172983797875,-0.1654265466253485,-0.16858166055447504,-0.08221368497559962,At-Risk
TRUE,2022,0.8996248235556326,-0.7347824471905103,-0.3028683890236428,-0.14229040335475307,Distressed
TRUE,2023,0.900091994001487,-0.3135735258906406,-0.017446323766127633,-0.053951741967253476,Distressed
TRUE,2024,0.8497249399195891,-0.1768129477556692,0.10643579952868827,-0.011130578650667137,Distressed
TRUP,2021,0.14928089202865272,-0.05083041126423659,0.39233469049535086,0.42784405828424027,At-Risk
TRUP,2022,0.13498435116148297,-0.049351564718138625,0.29497947756122755,0.30983766397251017,At-Risk
TRUP,2023,0.11818095714884923,-0.04031462964716919,0.22473566001862616,0.24841483317742802,At-Risk
TRUP,2024,0.1390683869442258,-0.0074925098235647325,0.15973137411431484,0.1368561118923403,At-Risk
TSCO,2021,0.3516704166684667,0.07832108838942103,0.19874604909517124,0.19571569313611006,Healthy
TSCO,2022,0.35003893424979887,0.07664439918091998,0.11574894716523036,0.11776252369160167,Healthy
TSCO,2023,0.3591860421259213,0.07606799269099389,0.02471179116064051,0.024045452957898863,At-Risk
TSCO,2024,0.3625931089828546,0.07399199810847523,0.022499026329198906,0.025913774662037717,At-Risk
TSE,2024,0.07560059205282933,-0.09919731299100536,-0.04413125102029711,-0.06993807566217412,Distressed
TSLA,2021,0.25279155751258753,0.10253980640246735,0.7067161339421614,0.6020242366799811,At-Risk
TSLA,2022,0.25598438535759005,0.15413321548697553,0.5135165263920629,0.42899402032666345,At-Risk
TSLA,2023,0.18248891736331416,0.15497091130790613,0.18795266504627925,0.29945290551530385,At-Risk
TSLA,2024,0.17862626676220697,0.07258675401781145,0.009475783534663594,0.02330397578571266,At-Risk
TSN,2021,0.1387064549724755,0.06476226912367956,0.08947551233067037,0.06162729920103542,At-Risk
TSN,2022,0.12514545249802936,0.06077099207987688,0.1324789049714128,0.14580451550887394,At-Risk
TSN,2023,0.04975321949282351,-0.012253928632211947,-0.007525993769002665,0.0741324275658864,At-Risk
TSN,2024,0.06803729201448161,0.01500684687388621,0.008093644220041225,-0.011334412801219164,At-Risk
TSP,2021,-0.5044542404467389,-24.696043881430608,2.397178513293543,1.374049924107625,Healthy
TSP,2022,-0.5044542404467389,-24.696043881430608,0.4964063248682319,0.19352892158271315,At-Risk
TSQ,2021,0.3102113375299373,0.04004239670588123,0.1255433055598942,0.012784266632068384,Distressed
TSQ,2022,0.29832187735516985,0.0310747456686469,0.1079536890158557,0.10886015611034976,Distressed
TSQ,2023,0.27526522848506596,-0.09898267621540582,-0.019102654634110525,0.02486029016657711,Distressed
TSQ,2024,0.27539901814263096,-0.028169638699548985,-0.0071527482712540535,0.01568214170553122,Distressed
TSRI,2022,0.1643987297041512,0.07120589473603732,0.4139890754910655,0.3985696109002935,Healthy
TSRI,2023,0.17238715994631534,0.01717452785243155,0.04234418147260892,0.01859787526158957,Healthy
TSSI,2021,0.23206858810653047,-0.04731849689894199,-0.391726953974524,-0.3787998768202015,Distressed
TSSI,2022,0.29310963867219375,-0.002382739824395339,0.11773075519883254,0.05247689529407599,Distressed
TSVT,2022,0.81882268077293,-2.7777498469878465,0.6781482704229486,-0.03687004134540172,Distressed
TSVT,2023,0.8314722025760307,-2.1673125006225904,0.09717364693538515,-0.08026406622539607,Distressed
TSVT,2024,0.5243251809201839,-1.5119909143732502,-0.6228396107065656,-0.47722532627691366,Distressed
TT,2021,0.3161766786451996,0.10069041623044056,0.13502533180245208,0.10906527252584257,At-Risk
TT,2022,0.3104610516705541,0.10983822858107643,0.131242749214793,0.12050589857261973,At-Risk
TT,2023,0.33133457030366115,0.11448952346472371,0.1054234384086745,0.08920782741954497,At-Risk
TT,2024,0.3569124214898529,0.1294421872952183,0.12222247363895551,0.10515030168565166,At-Risk
TTC,2021,0.33803919587837156,0.10352055763208405,0.17189187909352702,0.1655731691579849,At-Risk
TTC,2022,0.3332668837353534,0.09819035594834652,0.14019092837660369,0.14462557754337024,At-Risk
TTC,2023,0.346481595361504,0.07241061231661249,0.008527698407424636,0.008174663620208175,At-Risk
TTC,2024,0.3379946769056242,0.09138705877219774,0.0067205481858912414,0.0199687751813054,At-Risk
TTCF,2021,0.08239179976345472,-0.4180793676740675,0.4006518606311196,0.5579915179337839,At-Risk
TTCF,2022,-0.05803948399724591,-0.6138336891425503,0.11026760387318865,0.39817573358364283,Distressed
TTD,2021,0.814826484976184,0.11514065995969801,0.4311241302675851,0.5490188992881148,Distressed
TTD,2022,0.8218253955678653,0.033835194052459286,0.31871167361908015,0.3662492418233565,At-Risk
TTD,2023,0.8121400530285903,0.09194705362464801,0.23344287439115982,0.19226222064678197,Distressed
TTD,2024,0.8069347124606977,0.16077839327135496,0.25625912071198076,0.1558305263399097,At-Risk
TTEC,2021,0.2503024554543607,0.0620176660381459,0.16612252519946152,0.1759314265826862,At-Risk
TTEC,2022,0.24028617178737058,0.04224729069401528,0.07507274328636879,0.10531754808999765,At-Risk
TTEC,2023,0.2151763610532167,0.0034220975411490178,0.007820086450626037,0.030712732218489525,At-Risk
TTEC,2024,0.21368217877709916,-0.14539177844406584,-0.10363335968527097,-0.08522930105607603,At-Risk
TTEK,2021,0.15509506263083422,0.07244719408323538,0.07299831613237343,0.06724153650728613,At-Risk
TTEK,2022,0.16425545540472047,0.0750917224878198,0.09041040132714571,0.0766444810139938,At-Risk
TTEK,2023,0.16031420327027893,0.06045704303987794,0.2906643972913613,0.2969566648215314,At-Risk
TTEK,2024,0.1666654163490379,0.06412821410977673,0.14950171916286167,0.14274630797625326,At-Risk
TTGT,2021,0.7296860230728057,0.0036025160670698146,0.7754016822127567,0.824483294173868,Distressed
TTGT,2022,0.7361641477975582,0.13986782660140915,0.12929957825128024,0.031810820131573776,At-Risk
TTGT,2023,0.671525419306584,0.01939877284606654,-0.22698394557091378,-0.017464884075139617,Distressed
TTI,2021,0.24034697325586188,0.2661355956648947,0.027949644573289384,0.04449759650853065,Distressed
TTI,2022,0.27653724695551263,0.014169949006982844,0.4248078666501834,0.30823066990827824,Distressed
TTI,2023,0.30033755840207454,0.04117126697771859,0.13204498086632094,0.10103717736206488,At-Risk
TTI,2024,0.29323948316755993,0.18074113144308818,-0.04335405948309174,-0.055215842810688046,At-Risk
TTMI,2021,0.16543086350578545,0.024197550628351876,0.0681216459999943,0.06389804275270104,At-Risk
TTMI,2022,0.18354972212937157,0.037908319125178454,0.10953067050881828,0.10094104141412998,At-Risk
TTMI,2023,0.18510889034909142,-0.008384070892385312,-0.10520006444770959,-0.09027340688439289,At-Risk
TTMI,2024,0.19542499794289475,0.0230473568142174,0.09414543886028952,0.0759313205445002,At-Risk
TTOO,2021,0.2621355763062228,-1.7549718440373512,0.5476006618863761,0.19407927915812123,Distressed
TTOO,2022,0.05805873122618247,-2.7797803183142795,-0.2050395609095445,0.08896115780433896,Distressed
TTOO,2023,-0.5044542404467389,-6.961907409981927,-0.6509892588799009,-0.29740142210730447,Distressed
TTSH,2021,0.6828432694901537,0.03985432964661451,0.14041537330375903,0.09855937442144339,At-Risk
TTSH,2022,0.6560316390593409,0.03978444497367634,0.06474777448071217,0.0628495529720929,At-Risk
TTSH,2023,0.644474553621144,0.026703186564354386,-0.0444791260241904,-0.029844689365293085,At-Risk
TTSH,2024,0.6565630663466553,0.006687392493178629,-0.0797436536513711,-0.048295234190610214,At-Risk
TTWO,2021,0.5619150878794795,0.1192650079890436,0.03913662239089184,0.10461471167164832,At-Risk
TTWO,2022,0.42716686293201744,-0.2102282285650199,0.5264494407669482,1.1450963569165786,Distressed
TTWO,2023,0.4190593689247794,-0.6999027964707641,-5.607581450120563e-05,-0.0010768402430582262,Distressed
TTWO,2024,0.5435600681624538,-0.7950333712013633,0.05308808135187677,-0.018557018557018558,Distressed
TUEM,2022,0.2558264838112106,-0.07869070656660562,0.08543696347659925,0.09591284915281442,Distressed
TUP,2021,0.6664762501561914,0.011630652255404224,-0.07994247404411435,-0.10445155372786413,At-Risk
TUSK,2021,0.13380386264969732,-0.44299927498886277,-0.2686695882150021,-0.09910556831301302,Distressed
TUSK,2022,0.33352021342995863,-0.0017095386178974056,0.5814239917540902,-0.02788081577931936,At-Risk
TUSK,2023,0.28955837307587917,-0.010219973375725382,-0.145252785249913,-0.12372663321241902,At-Risk
TUSK,2024,0.4573565209763372,-4.546722515844646,-0.6509892588799009,-0.44215127428548756,Distressed
TVAC,2021,0.34931223828206537,-0.0946465769530601,0.4176399541035087,0.6006562043883669,Distressed
TVAC,2022,0.3389835904263016,-0.06962347697739704,0.4719250938244152,0.4821773075299934,Distressed
TVAC,2023,0.28914615618353084,-0.15725919173503494,-0.04755014036407837,-0.02843974191449011,Distressed
TVAC,2024,0.31919029497418305,-0.019274267031141126,-0.14963536918869644,-0.17902195614005248,Distressed
TVTY,2021,0.42181642881484127,0.21800221089990277,0.09946677510886104,0.0723733878079263,At-Risk
TWI,2021,0.13343444471594723,0.02785393899051519,0.4136398179007125,0.32439071651362955,At-Risk
TWI,2022,0.16627331311250218,0.08126838082770192,0.21860561786076402,0.158425759864074,At-Risk
TWI,2023,0.16788286310242617,0.04323196838291799,-0.16022089260526048,-0.14794675841754185,At-Risk
TWI,2024,0.13965915413147903,-0.0030120204535691087,0.0132489845208036,0.07978372730896978,At-Risk
TWIN,2022,0.28327837538542605,0.043089501179434615,0.11131800110714106,0.047933987846460885,At-Risk
TWIN,2023,0.26838532640092433,0.03747833622183709,0.14016129231453237,0.13102832791029353,At-Risk
TWIN,2024,0.2823157488132228,0.03723142918133549,0.06559430964760254,0.07006807087223592,At-Risk
TWIN,2025,0.27213284106850427,-0.005558522970728243,0.15454702551782792,0.165871643792118,At-Risk
TWKS,2022,0.2668746017320893,-0.08130682791277528,0.21149965652440078,0.31567866319879667,At-Risk
TWKS,2023,0.31417374265186154,-0.0609336395649334,-0.13070284932242382,-0.16029623013657845,At-Risk
TWLO,2021,0.48937079123764576,-0.33425538885207784,0.613053532344634,0.6665016762933227,At-Risk
TWLO,2022,0.47397408633515065,-0.32829054331824226,0.3464242696366684,0.29271338361424837,At-Risk
TWLO,2023,0.492045513361395,-0.24445220146150226,0.08562376235553681,-0.06444400569784968,At-Risk
TWLO,2024,0.5110349041595895,-0.024540627307630535,0.07320535057637981,-0.010073831781665134,At-Risk
TWNK,2021,0.3589930615146983,0.1044616807175956,0.12337781782376508,0.07583391630537616,Distressed
TWNK,2022,0.3428630540116492,0.12089099820572269,0.18928562672280033,0.20799887982162008,Distressed
TWOU,2021,0.5258173466344923,-0.2059529524723956,0.22097057194464279,0.16681754848905148,Distressed
TWOU,2022,0.5138981185363625,-0.3345007683681522,0.018397304802248535,-0.04966249493018136,Distressed
TWOU,2023,0.5413937056069382,-0.33575346766699826,-0.01778356938156747,-0.10582917349388409,Distressed
TWST,2021,0.3907793218622717,-1.1493580588364203,0.46873473917869035,0.37516551986479135,At-Risk
TWST,2022,0.41379903225014125,-1.0702380075160267,0.5382784339507153,0.5847237152171096,Distressed
TWST,2023,0.366077948994121,-0.8348041075603099,0.20408223417581609,-0.0012682672464459793,Distressed
TWST,2024,0.42607053621067564,-0.6669116284419792,0.27687681806869596,0.08155314460678036,Distressed
TWTR,2021,0.645983973946141,-0.04360606300524551,0.36625542972417285,0.3021469819559416,Distressed
TXG,2021,0.848944932618402,-0.11870374523435748,0.6412856162893807,0.40811645941381125,At-Risk
TXG,2022,0.7668785788009117,-0.3214506331221958,0.052843075292054884,0.2609153872090474,Distressed
TXG,2023,0.661540550194189,-0.4122965378915095,0.19813364987829415,0.20270679020914645,Distressed
TXG,2024,0.6786054012459376,-0.29900374108728933,-0.012836032692932424,-0.02154357556288848,Distressed
TXN,2021,0.6746620148277366,0.42351722634103794,0.26851531705967774,0.10101857399640503,Healthy
TXN,2022,0.6875873776712602,0.43683842620331537,0.09180113388573921,0.04821506312581628,Healthy
TXN,2023,0.628974256521491,0.37159655231462985,-0.12527461553824645,0.05783407745820787,Healthy
TXN,2024,0.5814206252797136,0.3068218144619909,-0.10719789942348308,0.01099332548095799,At-Risk
TXRH,2021,0.3418976508294298,0.07081345956316872,0.44444050617920766,0.334738045611834,At-Risk
TXRH,2022,0.3279687585228992,0.06720384645368935,0.15905935023236506,0.16648726160921282,At-Risk
TXRH,2023,0.32357558998132857,0.0658241775324332,0.15361530332243314,0.15820923327201214,At-Risk
TXRH,2024,0.3393561015771964,0.08069332027129535,0.16012791924816783,0.13517041161376236,At-Risk
TXT,2021,0.1683895978032628,0.060410272976901956,0.06274139558836152,0.03402459825837149,At-Risk
TXT,2022,0.20747532830833787,0.0670603776517212,0.03933128735260862,0.040632054176072234,At-Risk
TYGO,2023,0.3532874759868625,-0.0067753196587552415,0.7858785337481401,0.867062357849159,At-Risk
TYGO,2024,-0.0769430147739475,-1.161661791387418,-0.6280872804390187,-0.3094105844646533,Distressed
TYL,2021,0.4456759365616877,0.10140006167229902,0.4259333388855904,0.4957048414971544,Distressed
TYL,2022,0.4236630122948605,0.08876858984198499,0.16197896484741758,0.15897607739566094,At-Risk
TYL,2023,0.44119306202481773,0.08501033174826092,0.05488421817269879,0.05945090176685789,At-Risk
TYL,2024,0.43772087512273117,0.12303565857097216,0.09532568447512003,0.06061744250854193,At-Risk
TZOO,2021,0.818407960199005,0.01452672534762087,0.16997817204902893,-0.011257991784291318,Distressed
TZOO,2022,0.8583124406861287,0.09396733664782787,0.12576540375047837,-0.015353377586880126,At-Risk
TZOO,2023,0.8705683203712253,0.14638303917042508,0.19657502230909787,0.09300149106944576,Healthy
TZOO,2024,0.8752234750065553,0.1616647994088341,-0.0068065864081347585,-0.05080908497206298,Healthy
TZUP,2023,0.9296875,-24.696043881430608,-0.15406856670797192,1.0783225545841628,Distressed
U,2021,0.7716127312642838,-0.47959885675796876,0.4376764688748066,0.5680878714584863,Distressed
U,2022,0.6818890256386662,-0.6621467350671161,0.2525812092647988,0.38427076996524767,Distressed
U,2023,0.6645561662987121,-0.3758078961577129,0.5724509426149369,0.328550872610291,Distressed
U,2024,0.7348122575148007,-0.3662551599195921,-0.1710140779777234,-0.14956635699813683,Distressed
UA,2021,0.5034778073802149,0.06335218685217787,0.2701427838093874,0.1493705792436252,At-Risk
UA,2022,0.44786669523891,0.06343359875592161,0.03865581319568024,0.09364999579184813,At-Risk
UA,2023,0.46129582897146715,0.04069570750273725,-0.034097979643123645,-0.02969210999615397,At-Risk
UA,2024,0.4792012872968509,-0.03897267979652654,-0.0942792717979459,-0.032998314366915395,At-Risk
UAL,2021,0.13014532759600553,-0.07972720630023544,0.6042982741777922,0.19288943690916563,Distressed
UAL,2022,0.2913135357579802,0.016394171949727504,0.8249167816838516,0.46359783619887673,Distressed
UAL,2023,0.33266935979298917,0.048736898933298585,0.19490601712823935,0.14310937426432507,Distressed
UAL,2024,0.34032560503303366,0.055184620507158756,0.06228940558854739,0.06792017628766192,Distressed
UAMY,2024,0.2320877506583562,-0.1158393628260669,0.7183590997744778,0.11409001472250001,At-Risk
UAVS,2021,0.43604804121565194,-3.0846048623126103,4.509057831645275,1.8793949013163034,Distressed
UAVS,2022,0.4303935310961184,-3.050823630457581,0.9562051939196095,0.5050435981220692,Distressed
UAVS,2023,0.39757526854254566,-3.087148556500583,-0.28034502217270224,-0.25303222091504024,Distressed
UAVS,2024,0.46955429781291813,-2.6164605742334097,-0.025370126096340415,-0.25857416539938305,Distressed
UBER,2021,0.464279576052707,-0.028415926668576338,0.5670167878624652,0.3303962004749406,Distressed
UBER,2022,0.383285754619318,-0.28675847789942593,0.8262389000286451,0.5833998778712011,Distressed
UBER,2023,0.39762881896944824,0.0506155950752394,0.16952661793769802,0.07303687442522769,Distressed
UBER,2024,0.39399245077083994,0.224112056028014,0.17963573938467317,0.13845345718946117,Distressed
UCAR,2022,0.34107291910336013,-5.89033088390794,-0.06680258475279395,-0.017958531164247213,Distressed
UCAR,2023,0.6158675032905464,-0.9784454445844067,1.4113955682462627,-0.06229892612142669,At-Risk
UCAR,2024,0.23623847366725445,-1.0820049225545672,1.2055466602520253,0.5922306013426026,At-Risk
UCTT,2021,0.2046060144651694,0.05686143890369243,0.5026455026455027,0.5000782962730974,At-Risk
UCTT,2022,0.1958471970686097,0.017015541422735123,0.12975827940616674,0.1360196252414009,At-Risk
UCTT,2023,0.1598731622946094,-0.01793023926203517,-0.26946889609569136,-0.21925109120147024,At-Risk
UCTT,2024,0.16986079328756673,0.01129862700228833,0.20933986739694435,0.1807214735479315,At-Risk
UDMY,2021,0.5422848909255571,-0.15519230806524492,0.1994840648617466,0.17939353718315287,Distressed
UDMY,2022,0.5623568384525757,-0.24459662023503528,0.21999119569791548,0.31457938823783116,Distressed
UDMY,2023,0.575274680802319,-0.14719241854920248,0.15870366573040406,0.07725618906889388,Distressed
UDMY,2024,0.6254282862827611,-0.10843096247608272,0.07905758659527504,0.02217426528934567,Distressed
UEC,2024,-0.5044542404467389,-24.696043881430608,-0.6509892588799009,-0.47722532627691366,At-Risk
UEIC,2021,0.28759212901552855,0.008811473366112479,-0.02127611114726362,0.0016210234269058716,At-Risk
UEIC,2022,0.28059275800505207,0.0007498834640562615,-0.09782381042616214,-0.0867054321871396,At-Risk
UEIC,2023,0.23203324002216635,-0.23364577114901167,-0.2253224775265269,-0.14300373151988913,At-Risk
UEIC,2024,0.28868083640811487,-0.060851551994408414,-0.060833807024261694,-0.11100630042326827,At-Risk
UEPEP,2023,0.7110666666666666,0.1536,-0.057433706170667335,-0.0776156473144986,Distressed
UEPEP,2024,0.7375049193231011,0.15505706414797324,0.0164,0.027768428138673848,Distressed
UEPS,2022,0.24388951030731013,-0.19709894927878027,0.7020858501674491,0.35864679569799307,Distressed
UFI,2022,0.09866283873403632,0.018597427178158227,0.22194094596699782,0.2488699771694931,Healthy
UFI,2023,0.022839427963825144,-0.07432557050456516,-0.23564709141681725,-0.1561946188762372,At-Risk
UFI,2024,0.028539579429380173,-0.08140547466631398,-0.06626497328904762,-0.07725429796946442,At-Risk
UFI,2025,0.014733680584726539,-0.03561427091209499,-0.018661683347388994,-0.0011600663081501592,At-Risk
UFPI,2021,0.16291630027973164,0.06202312284640326,0.6756184228243782,0.6487971359844679,Healthy
UFPI,2022,0.18588444124225245,0.07195074053633323,0.11470468151605799,0.09580290263947559,Healthy
UFPI,2023,0.1965728063234098,0.07125029646524762,-0.25017350112016123,-0.2426106111445174,Healthy
UFPI,2024,0.18440845126105837,0.062318211616447766,-0.07842129207867024,-0.061751617670149875,Healthy
UFPT,2021,0.24774137262504847,0.07699689802248934,0.15022885272588404,0.13875769197568164,At-Risk
UFPT,2022,0.2551216534008683,0.1181174249276411,0.7147731678945327,0.6748860227629598,At-Risk
UFPT,2023,0.28051200783858904,0.11228978783818913,0.13081132416787264,0.09507060466559768,Healthy
UFPT,2024,0.2908146171551145,0.11692812154926142,0.26082555140074787,0.23974422559161115,At-Risk
UFS,2021,0.16333333333333333,-0.013333333333333334,-0.6509892588799009,-0.47722532627691366,Distressed
UFS,2022,0.22787852305003278,0.07406598208433472,4.509057831645275,1.8793949013163034,At-Risk
UG,2021,0.5873593618322498,0.33443403266519156,0.2679343070563561,0.1241691225920967,Healthy
UG,2022,0.5277887480122657,0.20234763105540865,-0.08838182266017279,0.048257540081788376,Healthy
UG,2023,0.49660188546712336,0.23714593289171657,-0.1428002182619479,-0.0737941177930773,Healthy
UG,2024,0.5303236233282775,0.26685952544132635,0.11913630252727705,0.06395564664810632,Healthy
UGI,2021,0.6489861689270847,0.19699207734658253,0.13538649184326879,-0.07713199348180337,At-Risk
UGI,2022,0.40896497130417575,0.1063724520087077,0.3570565328320129,0.6558760054934275,At-Risk
UGI,2023,0.2230062724014337,-0.1682347670250896,-0.1165644171779141,0.125,At-Risk
UGI,2024,0.5105409153952843,0.03730929264909848,-0.19242831541218638,-0.3522906793048973,At-Risk
UHAL,2021,0.9547741389995065,0.19589051573179098,0.2637089290255252,0.010477820479170563,Distressed
UHAL,2022,0.9551509192896949,0.15763353943114822,0.021768206856504303,0.22087516548908698,Distressed
UHAL,2023,0.9570606117595865,0.1117567423921116,-0.04075525888746739,0.051309670410092635,Distressed
UHAL,2024,0.9598287086322511,0.06298011637313175,0.03608296534779655,0.09844501183304809,Distressed
UI,2022,0.39594205091707,0.22383329825996695,-0.10874171669053272,0.06397738818279847,Healthy
UI,2023,0.39202591893273525,0.21006878596988837,0.14708351165578604,0.1354434745263651,At-Risk
UI,2024,0.3835964925926502,0.18146840273996753,-0.006195272175590772,0.024031731886476983,Healthy
UI,2025,0.43420690137534024,0.27663087297871225,0.334487085751028,0.21530150899654632,Healthy
UIS,2021,0.27842679127725856,-0.21831191588785046,0.013867640527069042,-0.020058784097354714,Distressed
UIS,2022,0.2674882569826759,-0.053538057477650385,-0.0362636292834891,0.014365396758577141,Distressed
UIS,2023,0.27354371340676786,-0.21370447553835467,0.017930198494873477,0.005602531514239768,Distressed
UIS,2024,0.2917247560246963,-0.09629555865365465,-0.0034732559293440507,-0.034356461181325765,Distressed
ULBI,2021,0.25076577080810447,-0.0023812673634078583,-0.08768753713606654,-0.03704502455617532,At-Risk
ULBI,2022,0.22299757281553398,-0.0009026092233009709,0.34165080851150437,0.3408156201645085,At-Risk
ULBI,2023,0.24709412268979603,0.04536572451526689,0.20330703883495146,0.13254777505295684,At-Risk
ULBI,2024,0.2572967845502748,0.03838108673444569,0.036635485741660576,0.035677654204291774,At-Risk
ULCC,2021,0.10679611650485436,-0.04951456310679612,0.648,0.3672566371681416,Distressed
ULCC,2022,0.22519542994588093,-0.011124473842453398,0.6145631067961165,0.35962783171521034,Distressed
ULCC,2023,0.24185009752020062,-0.0030649205906937865,0.07907396271797955,0.06872954477833979,Distressed
ULCC,2024,0.23735099337748344,0.022516556291390728,0.051825020897185846,0.03479955456570156,Distressed
ULNV,2021,0.5026086643638457,-0.0826496833621186,-0.6509892588799009,-0.47722532627691366,Distressed
ULTA,2021,0.3902905019401825,0.1142219532657644,0.40295106285759985,0.2642020227861242,Healthy
ULTA,2022,0.3961873247797441,0.12170233274363329,0.1827958858004083,0.1686221269624432,Healthy
ULTA,2023,0.3909147455012147,0.11519319143954616,0.097831725861971,0.11193784809048339,Healthy
ULTA,2024,0.3884018579180984,0.10633452476501139,0.007883341781693597,0.021135712961973807,Healthy
UMH,2021,0.8920552537837881,0.27448515229176407,0.13760856676588695,0.12466739593188268,Distressed
UNF,2021,0.3750602338387135,0.08274541456213284,0.012225640866464651,-0.0006368645911868729,Healthy
UNF,2022,0.34704286538232787,0.051680759207965526,0.09561081493098297,0.144799621685841,Healthy
UNF,2023,0.33664808667260476,0.046427146405785456,0.11606479736828164,0.12482004810147064,Healthy
UNF,2024,0.3491740856897683,0.05992920087120911,0.08704877237245791,0.06878440196547277,Healthy
UNFI,2022,0.1445658185840708,0.008434734513274336,0.0733951762523191,0.07393625018794166,Healthy
UNFI,2023,0.13646273784355178,0.000660676532769556,0.046460176991150445,0.05400581008715131,Healthy
UNFI,2024,0.13560361523563588,-0.0037443511943189155,0.023387949260042284,0.02540346682606097,Healthy
UNH,2021,0.2421861145978574,0.060101461419973086,0.11844085540617794,0.12307869265898712,At-Risk
UNH,2022,0.24560867714291001,0.062067731566315607,0.12713971286209522,0.12176294537357706,At-Risk
UNH,2023,0.2447594598812772,0.06022517504345814,0.1464082773428101,0.14722024028918562,At-Risk
UNH,2024,0.2233422771174034,0.03598748869535673,0.07711061239646738,0.084674471797774,At-Risk
UNP,2021,0.6228673637864612,0.29916529077233533,0.11626478267547227,0.06556115907342508,At-Risk
UNP,2022,0.5768442211055277,0.2813266331658291,0.14084571638231516,0.19990373816781645,At-Risk
UNP,2023,0.5719142584684274,0.2644802852522907,-0.030391959798994974,0.005281454739938495,At-Risk
UNP,2024,0.5920412371134021,0.2782268041237113,0.005431402628633028,-0.03325131342688036,At-Risk
UNTC,2022,0.5213326611979286,0.2719747032674946,-0.145903656711277,-0.3332673582575696,Healthy
UNVR,2021,0.20864139269047244,0.048303707199412724,0.15372050816696914,0.13937646377395552,At-Risk
UNVR,2022,0.19994248516378657,0.04751945482906765,0.20342929054585496,0.1760915932675412,At-Risk
UP,2021,0.06416196151756026,-0.15911121456903402,0.7184052513665842,0.8455274577246167,Distressed
UP,2022,0.024962652554818453,-0.3514204689319897,0.3227951390778717,0.40415009307898414,Distressed
UP,2023,0.016604737668123867,-0.388877674203733,-0.20664088215931534,-0.19170151648913367,Distressed
UP,2024,0.07452177996828699,-0.4287757668184986,-0.3679938914097551,-0.3372301688131805,Distressed
UPLD,2021,0.7,-0.41,-0.6509892588799009,-0.47722532627691366,Distressed
UPLD,2022,0.6730538318263616,-0.215607794442536,4.509057831645275,1.8793949013163034,Distressed
UPLD,2023,0.6764802653666921,-0.603903952298457,-0.06130102772428877,0.020035551433650205,Distressed
UPLD,2024,0.7048989424805491,-0.4102418538978289,-0.07741428628983522,-0.12157075488853059,Distressed
UPS,2021,0.2564782550597716,0.13249457789838315,0.14958406201257268,0.09790237055520898,At-Risk
UPS,2022,0.25958261077557854,0.1150909924455341,0.031360819020012955,0.03275447755010239,At-Risk
UPS,2023,0.24871918907627696,0.07374832340200972,-0.09348402399888377,-0.06220485076337628,At-Risk
UPS,2024,0.2424728231031075,0.06348962336664105,0.001231337540403263,0.00959458303286603,At-Risk
UPWK,2021,0.7304916298227714,-0.11185428711786267,0.3457155245324226,0.4038029866413916,Distressed
UPWK,2022,0.740583324438234,-0.14537018168644614,0.2297567407920095,0.24470293992732764,Distressed
UPWK,2023,0.7526613034292216,0.06803736853103017,0.1145332983998525,0.0023768243585126038,Distressed
UPWK,2024,0.7737055210736685,0.2802274721346635,0.11636164704789766,0.014506436394687955,At-Risk
URBN,2021,0.32842994897733735,0.06828581748488545,0.31857796030957614,0.2069556400772998,At-Risk
URBN,2022,0.2989697708813149,0.033303623340126175,0.054186379901524875,0.10192920771644441,At-Risk
URBN,2023,0.3351833032325119,0.05582394134017123,0.07465584650124164,0.04448705055714299,At-Risk
URBN,2024,0.34793500455621,0.07250697483869503,0.07712220493643122,0.06445487803879951,At-Risk
URGN,2021,0.8926564256275759,-2.3067316098413886,3.0717009916094584,0.01296395212865784,Distressed
URGN,2022,0.881069658312227,-1.7058439641375454,0.3395986844844095,0.02183362549346559,Distressed
URGN,2023,0.8868255292396601,-1.2361297498579424,0.28522149882685643,0.03382892369489114,Distressed
URGN,2024,0.9017566760326556,-1.403504502311998,0.09291163420502219,0.26260548131859235,Distressed
URI,2021,0.396562371346233,0.14265129682997119,0.13903868698710434,0.10740354535974973,At-Risk
URI,2022,0.42913588730458685,0.1808108572410239,0.1982297241663236,0.13128867366155503,At-Risk
URI,2023,0.4055958693831984,0.1691320122802121,0.23105995533413504,0.24577883472057074,At-Risk
URI,2024,0.40078201368523947,0.16780710329097426,0.07068099358079821,0.0763577359931278,At-Risk
USAK,2021,0.19580594802551285,0.03486550288786253,0.28894578127438136,0.25290553366812124,At-Risk
USAP,2021,0.051117780599484394,-0.00486103094899124,-0.13240342511864953,-0.16786963426157248,At-Risk
USAP,2022,0.07019305936253797,-0.03994280455584472,0.29615093565226314,0.24316017264544665,At-Risk
USAP,2023,0.14527021119593767,0.01717125441084412,0.414760976478621,0.3016637415294562,At-Risk
USFD,2021,0.15786617831586802,0.005561772984705124,0.28848590779986893,0.2673733804475854,At-Risk
USFD,2022,0.16125906568400036,0.007781072907185014,0.15498355207379524,0.15141814677130663,Healthy
USLM,2021,0.422128873741777,0.19574119574119575,0.17766203703703703,0.140104561599553,Healthy
USLM,2022,0.390696591149693,0.19237349142494178,0.2477873768196349,0.2697391450454361,Healthy
USLM,2023,0.44929442291970284,0.2649877368215263,0.1913190768579293,0.08017445290488347,Healthy
USLM,2024,0.5282496278181171,0.3425615555786366,0.12935342835815591,-0.01587479837474733,Healthy
USNA,2024,0.3857119284543179,0.04918648617968573,-0.07221094233504523,-0.04802286158762904,Healthy
USX,2021,0.5417341108099147,0.005578575805506316,0.11849198180817301,0.13632039092166848,At-Risk
USX,2022,0.4639635012516368,-0.02035378984531527,0.10913069674205014,0.13363214387670672,At-Risk
UTHR,2021,0.9273212696529219,0.2822901216256304,0.13631767006000134,0.26964145217489044,Healthy
UTHR,2022,0.9217063471569488,0.3756132830656407,0.14879857609018096,-0.15315155807365438,Healthy
UTHR,2023,0.8893662728249194,0.4231149301825994,0.20203480865568352,0.1944386368388041,Healthy
UTHR,2024,0.8923681100993953,0.4153402377146035,0.23626208378088076,0.3131454577279888,Healthy
UTI,2021,0.5021591665348585,0.043514591907079736,0.11411718939623156,0.05089419365004333,Distressed
UTI,2022,0.505132950461476,0.06172435614246654,0.24973514024883386,0.2381956418522128,Distressed
UTI,2023,0.4569218712957353,0.02028619972078076,0.45047460986472126,0.4783610122328711,Distressed
UTI,2024,0.47517971521263513,0.05732461473999129,0.20625181097384296,0.14980486647815988,At-Risk
UTMD,2021,0.6302646063521833,0.30146369307294,0.16302337711603204,0.05985247629083246,Healthy
UTMD,2022,0.6158260170999025,0.31508578642336604,0.06578464549272231,0.07678796314708027,Healthy
UTMD,2023,0.5980805989168525,0.3312161516406499,-0.03934507756163807,0.0294235326705857,Healthy
UTMD,2024,0.5902501039043591,0.33919272425005503,-0.1855885632366996,-0.18351421652166114,Healthy
UTZ,2021,0.3251501423292536,0.01740897237516653,2.6257339212892448,1.8793949013163034,Distressed
UTZ,2022,0.3188417219243667,-0.00027832982225942755,0.19283941144037545,0.19772595990993258,Distressed
UTZ,2023,0.24391600611875955,-0.017313308302044222,0.021158036667113984,0.007873208011694407,Distressed
UTZ,2024,0.26192165767811526,0.011282997445359069,-0.020164094006396883,-0.045660163980774666,Distressed
UVV,2021,0.19439332839259918,0.041156569140250454,0.060626503448446244,0.06750856329668996,At-Risk
UVV,2022,0.17833322437645535,0.04827256652595664,0.2216309081427514,0.2342668887096516,At-Risk
UVV,2023,0.19504593838329926,0.04351276098542771,0.06955690350778886,0.05621722137752266,At-Risk
UVV,2024,0.1861568142058926,0.032249012989586344,0.07229606053759532,0.07168849019893057,At-Risk
UWMC,2023,0.9518525958507948,-0.006109514078897239,0.05213918813078064,-0.03687137428929528,Distressed
UWMC,2024,0.928845162868167,0.005386432800847828,0.234891190154585,0.2577815169824119,Distressed
VALPQ,2021,0.13281437125748502,-0.03281437125748503,-0.4149383408071749,-0.47722532627691366,Distressed
VALPQ,2022,0.13684867394695788,0.11014040561622465,0.9191616766467066,0.8332154644035832,Distressed
VALPQ,2023,0.1348503530994283,0.4850353099428315,0.11338533541341654,0.1213270751623481,Distressed
VALPQ,2024,0.2546770507068484,0.15804622026580886,0.32417890371034636,0.14638761467889908,At-Risk
VALU,2022,0.5725354719309068,0.5635498732008526,0.0032927312339077045,-0.09532215357458076,At-Risk
VAPO,2021,0.46947710341418636,-0.52783956501783,-0.09894777027510678,0.007597172097874333,Distressed
VAPO,2022,0.2581248783700843,-1.6954686307091211,-0.4103643681813367,-0.15163295673091062,Distressed
VAPO,2023,0.4118743537840947,-0.8474420772109685,0.027963653238723973,-0.26230008249738296,Distressed
VATE,2021,0.15242283438433454,-0.1887653501493528,0.6811270749058446,0.631508319914117,Distressed
VATE,2022,0.13522262261039517,-0.021926342148659378,0.35852970461334216,0.3356637604869222,Distressed
VATE,2023,0.151791988756149,-0.0247364722417428,-0.13088621511024248,-0.14003325327914282,Distressed
VATE,2024,0.18860084906512511,-0.03125282268991058,-0.22199578355586788,-0.23587540279269603,Distressed
VC,2021,0.09159754778218536,0.014785430941218897,0.08830455259026687,0.07932692307692307,At-Risk
VC,2022,0.0979765708200213,0.03301384451544196,0.3544897223223945,0.3273942093541203,At-Risk
VC,2023,0.12316641375821953,0.14365199797673242,0.052715654952076675,0.027404921700223715,Healthy
VC,2024,0.1373512674599069,0.07656492498706674,-0.02225594334850784,-0.03592814371257485,Healthy
VCEL,2022,0.6169087080926415,-0.24194244992711764,-0.6509892588799009,-0.47722532627691366,Distressed
VCEL,2023,0.6519968642480728,-0.10931579635033317,0.23959401824758408,0.12476153312521679,Distressed
VCRA,2021,0.6612421803275188,-0.036274740055938684,0.18024896683802036,0.17664778591499217,Distressed
VCSA,2023,0.5351750972762646,-0.26718815689431547,-0.05892503893261501,-0.10234839626012521,Distressed
VCSA,2024,0.5309258252469837,-0.10455196955468789,-0.18557627800885548,-0.18708320641583598,Distressed
VCYT,2021,0.6610694534289385,-0.3442286141202839,0.8684745878127048,0.9716952744779946,Healthy
VCYT,2022,0.592444087733024,-0.12329025818113147,0.350875115026832,0.10909139166005899,Healthy
VCYT,2023,0.636153895156086,-0.20607614990679987,0.21756211724714705,0.13221098477710075,Healthy
VCYT,2024,0.6688404626663437,0.05414972945325329,0.23462890284198076,0.12617537259212094,Healthy
VEC,2021,0.08993841332312963,0.025637101137265125,0.2781282223443583,0.27335520622697024,At-Risk
VEC,2022,0.10204990902361236,-0.0049570024145064095,0.6207415630177191,0.6467326307107447,At-Risk
VEC,2023,0.08449264545210018,-0.005695756329725576,0.37091592121375644,0.35399982152235787,At-Risk
VEC,2024,0.07934976880745831,0.008024700641231052,0.09059237581646408,0.08446613575914826,At-Risk
VECO,2021,0.4153669697245048,0.04464088246236351,0.2842900016073524,0.22394821254242014,Distressed
VECO,2022,0.40726347508345756,0.2583693551058057,0.10777040754221408,0.11256687183207455,Distressed
VECO,2023,0.42773713865568286,-0.04556783482260086,0.03141439044660807,0.018185821750270125,Distressed
VECO,2024,0.4238178951374667,0.10276578451723893,0.07632552311928395,0.043074962908322786,At-Risk
VEEE,2023,0.2908829234038551,-0.21516768188703422,0.04496062301900566,0.19478794105631467,At-Risk
VEEE,2024,-0.0522239366294664,-0.7676935017000015,-0.5695400322959027,-0.4022950942623282,Distressed
VEEV,2021,0.7278559221343252,0.23092463327564586,0.2632695115383644,0.23729599227426365,Healthy
VEEV,2022,0.7172213302645866,0.22630738819336815,0.164408245834047,0.26068011069806235,Healthy
VEEV,2023,0.7134582490894468,0.2224102064879533,0.09680148116525758,0.14055091808871506,Healthy
VEEV,2024,0.7452737347262216,0.26000621127284124,0.16201310418150058,0.06247353747197363,Healthy
VERI,2021,0.8080829105416071,-0.5608776722605264,0.9980765231856935,0.6765640865051574,Distressed
VERI,2022,0.8167877751656337,-0.17068951699081,0.2985386583409219,0.06251485753744099,Distressed
VERU,2021,0.78236356963116,0.12070569658976152,0.4382851639483979,0.5425289313378456,At-Risk
VERU,2022,0.7773317675259905,-2.128761261270418,-0.35757990169300685,0.8379591090931502,Distressed
VERU,2023,0.46425400372265796,-5.71595582439373,-0.5858918474886844,-0.11906155634932851,Distressed
VERX,2021,0.6195681803227838,-0.00347551862539596,0.13580932299520906,-0.10623812374458463,Distressed
VERX,2022,0.6071550615917856,-0.025027256602606872,0.15527273069077988,0.1662022450932344,Distressed
VERX,2023,0.6089918184724671,-0.02287438393953741,0.16427798480139294,0.180488127018687,Distressed
VERX,2024,0.6390826904387681,-0.07908053079294995,0.16490416449010897,0.10443687626822988,Distressed
VERY,2021,0.8967884063223827,-0.09433171554941415,0.19446530159438818,0.1896410172205004,Distressed
VFC,2022,0.5227021688088554,0.010693494547340383,-0.06354426339149997,-0.01165702675394108,Distressed
VFC,2023,0.5155774521923766,-0.09771212820747104,-0.10583848895143534,-0.05337381580639925,Distressed
VFC,2024,0.5348795663109932,-0.019960249102259086,-0.041448199507890436,-0.046102264781569854,Distressed
VFF,2021,0.16856577867323333,-0.03387433773598985,0.5757910703996801,0.5012313266867006,At-Risk
VFF,2022,0.09366356464512965,-0.34453558241249166,0.09533616894261622,0.222512086371487,Distressed
VG,2021,0.5070960919507599,-0.01738590433742721,0.1290781403503711,0.12302947800747226,Distressed
VHC,2021,-0.5044542404467389,-24.696043881430608,-0.6509892588799009,-0.47722532627691366,Healthy
VHC,2022,0.9166666666666666,-24.696043881430608,0.37142857142857144,-0.47722532627691366,Healthy
VHI,2021,0.26513659330307443,0.054466044360709086,0.24349076194025876,0.17830583313967,At-Risk
VIAV,2022,0.5984989167440421,0.011993190962550294,0.07798815580949203,0.04648965321742417,Distressed
VIAV,2023,0.577524636108851,0.023053973420124763,-0.14415041782729804,-0.08659142212189616,Distressed
VIAV,2024,0.5756697321071571,-0.02578968412634946,-0.0955609800198897,-0.045077105575326216,Distressed
VIAV,2025,0.5728119524116941,0.032094438808447846,0.08386645341863255,0.062215320910973086,Distressed
VIDE,2021,-0.0461362662476789,-0.3656620482788173,-0.44175105653456664,-0.2150617450570214,Distressed
VIOT,2023,0.2284122860244818,-0.033959442656909776,-0.26635621332894016,-0.29174930785256237,At-Risk
VIR,2022,0.9094446889058465,0.31924616768071734,0.4750546596495392,0.16017602836374847,Healthy
VIR,2023,0.9650998495600192,-7.136934323508934,-0.6509892588799009,-0.03296543248046259,At-Risk
VIR,2024,0.9650998495600192,-7.034027356647126,-0.13895335344627524,-0.17247524857119453,Distressed
VIRT,2021,0.7348611143221465,0.16961783541438066,-0.13207850633356086,-0.0264378322288694,Distressed
VIRT,2022,0.7381745356501912,0.11207064240201758,-0.15887440267332031,-0.07210372100450384,Distressed
VIRT,2023,0.7783361014540592,0.061933231096729574,-0.030209166732915765,-0.06047952074188802,Distressed
VIRT,2024,0.7655759625909253,0.0960792144733883,0.2544618777669398,0.14682193181525605,Distressed
VISL,2021,0.5524467268756271,-0.48379670621568976,0.48072720916003847,0.19836227587180574,Distressed
VISL,2022,0.46468558552214634,-0.4767269910569678,-0.16173779587981818,-0.007799245994344958,Distressed
VIVE,2021,0.09648303765950825,-3.4277933395580455,0.17284175944515423,0.16705597730875116,Distressed
VIVK,2021,0.03468488499009581,-5.038616242875046,-0.2533665893573863,0.2736286592606342,Distressed
VIVK,2022,0.10201153632288754,-0.691581021718154,4.509057831645275,1.8793949013163034,Distressed
VIVK,2023,0.0838673370073488,0.012518847089250879,1.108772965582548,0.5040395621921996,Distressed
VIVO,2021,0.6327478168960918,0.2246237763293656,0.25320203258602814,0.1302277853306872,Healthy
VIVO,2022,0.5656030604952285,0.1274976127416536,0.04756901628205451,0.18636740713429809,Healthy
VLD,2021,0.18069171617041438,-3.9028754692226393,0.44606060606060605,1.120302623065054,Distressed
VLD,2022,0.010710746321754377,0.1012502223464539,1.8683989941324393,1.1716237470363153,Distressed
VLD,2023,-0.33917849256872795,-1.745012460777604,-0.016047061215155135,0.13879190132851937,Distressed
VLD,2024,-0.05084993780942858,-1.7009487110699217,-0.4705396226902367,-0.4314252220012625,Distressed
VLDR,2021,-0.09550416639751955,-3.4273625734771658,-0.3506428136993771,0.11032363737290421,Distressed
VLGEA,2022,0.2812437532871052,0.013017421900320413,0.015147291327025657,0.011944850212709312,Healthy
VLGEA,2023,0.2845170479458188,0.022945980299577135,0.05122061982917727,0.03905375306111953,Healthy
VLGEA,2024,0.2870360186106737,0.02256226733304539,0.0322672655624756,0.03392495768899076,Healthy
VLO,2021,0.027452907165480756,0.008159540960018249,0.7558694848410156,0.6821374321336722,At-Risk
VLO,2022,0.09522459647471695,0.06535777257445445,0.5475315195170956,0.4361762049943226,Healthy
VMC,2021,0.2473614062893988,0.12081697345196499,0.14318069510788997,0.1744722705606416,At-Risk
VMC,2022,0.21294017935258092,0.07868547681539807,0.3175317892006772,0.35424853443277715,At-Risk
VMC,2023,0.2503887225484779,0.11991929991390278,0.06379866579177602,0.015222148225668348,At-Risk
VMC,2024,0.26957143049732396,0.12293568087142914,-0.04680090980351842,-0.05992877893355824,At-Risk
VMEO,2021,0.7382109794269783,-0.13472035702796686,0.3829558855722447,0.3972252658220034,Distressed
VMEO,2022,0.7607660474611342,-0.18380104750732054,0.1055714132527229,0.13976770180298392,Distressed
VMEO,2023,0.7805059274137492,0.05280743215711841,-0.036519578410633954,-0.21667900598101425,Distressed
VMEO,2024,0.7824227948758531,0.06477604638782176,-0.0004985451111420039,-0.014459369518045759,Distressed
VMI,2021,0.2524261225305755,0.05586914459921607,0.20937674309367935,0.2094155379068775,At-Risk
VMI,2022,0.25918508716414473,0.05773269662274898,0.2409415762906692,0.2193399358038883,At-Risk
VMI,2023,0.29608455712382364,0.03613497634981859,-0.039273229388412635,-0.05240642832146515,At-Risk
VMI,2024,0.3045893604814095,0.08546161823435093,-0.02384996112200504,-0.042227555694152694,Healthy
VMW,2021,0.8232822348455373,0.14162321998288072,0.09212203620294043,0.12059548034700654,Distressed
VMW,2022,0.8140823970037453,0.09842696629213483,0.03882966306124037,0.08190767466309853,Distressed
VNDA,2021,0.9046121437238073,0.12338749897648521,0.08266174526933368,0.02529319374097561,Healthy
VNDA,2022,0.9045451329103474,0.024667625854030553,-0.053222768923857945,0.09507454186661486,At-Risk
VNDA,2023,0.9231935215946844,0.013024294019933555,-0.24271371402064612,-0.1671457309526593,At-Risk
VNDA,2024,0.9430805143581591,-0.09508381462177772,0.03183139534883721,0.15896065675340768,At-Risk
VNE,2021,0.1647555823777912,-0.23234761617380809,0.20684632192279678,0.11588468061051442,Distressed
VNO,2023,0.5002338276565942,0.06010226578171043,0.00620446167906022,-0.020771330057742312,Distressed
VNO,2024,0.48100729098958095,0.03985431446014569,-0.012962389359764969,0.01410996998963864,Distressed
VNT,2021,0.44574848697629316,0.138094760423981,0.10578274051615766,0.11965970898610014,At-Risk
VNT,2022,0.44853033538500187,0.12602060042708202,0.06476744574848697,0.08220884367863816,At-Risk
VNT,2023,0.46239338330317914,0.12176919100542775,-0.028011556337143573,-0.020985996547093804,At-Risk
VNT,2024,0.47804632426988924,0.14172541121181603,-0.037542000516929436,-0.04302845050552551,At-Risk
VOLT,2021,0.16209976812556684,0.001551853244830262,0.0770483726757942,0.054609494271941526,Healthy
VORB,2021,-0.5044542404467389,-21.298713608666215,0.9231770833333334,-0.024870980764404874,Distressed
VORB,2022,-0.5044542404467389,-5.774119494955597,3.4828706838185512,0.39565419279764136,Distressed
VOXX,2021,0.2665083658321801,-0.03511919738331866,0.12830794616797225,0.1573658252693503,At-Risk
VOXX,2022,0.25148966131974065,-0.05140501934406214,-0.16024971694552773,-0.11635951342314123,At-Risk
VOXX,2023,0.24315701700322662,-0.08711674496866142,-0.12191253412831873,-0.1000065242921143,At-Risk
VPCC,2023,0.803888951071623,-0.18725708529369764,0.2648678467862408,-0.11184053438197346,Distressed
VPCC,2024,0.8441638142654635,0.16674445942675378,0.3395807682955541,0.03708018440521353,At-Risk
VPG,2021,0.3936285657667519,0.06360425139736851,0.17829822246601337,0.18151576926705415,At-Risk
VPG,2022,0.4126041149539412,0.09946218765513817,0.14047917865871495,0.10141642076028468,At-Risk
VPG,2023,0.4234413375092945,0.07240429463058516,-0.020773346571791054,-0.018057573684923865,At-Risk
VPG,2024,0.4095366727347466,0.032333731347179,-0.1366744778170839,-0.07395340476480898,At-Risk
VRA,2021,0.532780833856043,0.033005645264250545,0.15414331841322992,0.12992651677200873,Healthy
VRA,2022,0.4779252781716974,-0.11947931938691218,-0.07492233367193817,0.022409976229487486,At-Risk
VRA,2023,0.5315561370086497,0.02042672518262347,-0.232514136102616,-0.2909285158915885,Healthy
VRA,2024,0.49824495365360183,-0.19507206825703038,-0.16918373888817945,-0.06588828268475448,At-Risk
VRAY,2021,0.004777592378670546,-1.5694462271281677,0.22979111493063473,0.0661005926598525,Distressed
VRAY,2022,0.09828190125824315,-1.0501340430111734,0.45760778105791583,0.19421872841950186,Distressed
VRCA,2023,0.8544106167056986,-13.074746291959407,-0.43268379096545617,1.253561065681878,Distressed
VRCA,2024,0.6378535553793285,-10.121464446206714,0.4765807962529274,0.07397653117958622,Distressed
VRDR,2023,-0.5044542404467389,-24.696043881430608,1.6402840001047971,0.6844235774193344,Healthy
VRDR,2024,0.34794582953698333,-24.696043881430608,-0.041606715818093415,-0.07867985843218714,Healthy
VRE,2021,0.7858871278481337,-0.6115851935575021,-0.36695872198155305,-0.3332629151904006,Distressed
VREX,2021,0.33186651998533184,0.021268793546021268,0.10808614384396587,-0.0327613104524181,At-Risk
VREX,2022,0.3298813125436351,0.0352571561554573,0.05048282606038382,0.03655913978494624,At-Risk
VREX,2023,0.3249384374300425,0.05305574210879785,0.039562485454968585,0.058480290456431536,At-Risk
VREX,2024,0.31676942046855733,-0.060172626387176326,-0.09223192299082159,-0.045816489035893665,At-Risk
VRM,2021,0.847195340825405,-0.11648281937219224,1.345330338071739,1.1025979240699473,Healthy
VRM,2022,0.12560258319945447,-0.23187940280188682,-0.38795699465024003,1.2045531150605902,Distressed
VRM,2023,0.18131040760051187,-0.4092462743631627,-0.5416888800405972,-0.47722532627691366,Distressed
VRML,2021,0.44950088079859074,-4.647974163241339,0.46463126209417327,0.7412071403322729,Distressed
VRML,2022,0.5282258064516129,-3.6516373411534704,0.2014092777451556,-0.002156977186794224,Distressed
VRML,2023,0.574830675114704,-1.823246668123225,0.11852394916911047,-0.28777783429123643,Distressed
VRML,2024,0.5967109562186887,-1.4260509692877368,0.00305877212147695,-0.09090909090909091,Distressed
VRNS,2021,0.8477471843007787,-0.29954067064136936,0.3329301750322014,0.3172264378718634,Distressed
VRNS,2022,0.852552815042839,-0.26289920064860206,0.21402902592442596,0.21691474301799407,Distressed
VRNS,2023,0.8562565109383765,-0.20217164836926035,0.05389393497933003,0.03617813879521637,Distressed
VRNS,2024,0.8296633088302023,-0.17381795081223342,0.10375430723615674,0.08471680756931972,Distressed
VRNT,2021,0.6585832735855206,0.01648124833477986,0.03305749977850624,-0.024551619449898525,Distressed
VRNT,2022,0.6729624436821484,0.016512144705706323,0.03171608296769959,0.020809118654143095,Distressed
VRNT,2023,0.6956107677284495,0.04241053529982304,0.009024156409844332,-0.003180299423947998,Distressed
VRNT,2024,0.7127804431656449,0.09048423534898249,-0.0013192191892019548,-0.046785687994091676,Distressed
VRRM,2021,0.9361666575854992,0.07528106213334786,0.3988815858005605,0.2331432329802095,Distressed
VRRM,2022,0.9362700546657353,0.1246969382333825,0.34691512740877967,0.3149337624565786,Distressed
VRRM,2023,0.9468218913264245,0.0697593324442378,0.10209304771587842,0.08944986331954106,Distressed
VRRM,2024,0.9476278055111026,0.035768596018912496,0.07573258616681552,0.028024044703546244,Distressed
VRS,2021,0.16901408450704225,-0.002347417840375587,-0.059602649006622516,-0.12949152542372883,At-Risk
VRSK,2021,0.6533197969543147,0.27053807106598987,0.08508856966599102,0.1812504759728886,At-Risk
VRSK,2022,0.6697637164597517,0.3820184221065278,0.01401015228426396,-0.2969505512217136,At-Risk
VRSK,2023,0.6731185201760275,0.22920862236145298,0.07384861834201041,0.4210912425492893,At-Risk
VRSK,2024,0.6873026338619564,0.3325120588541486,0.07469978369508466,0.04258888817190424,Healthy
VRSN,2021,0.8554534498342874,0.5635498732008526,0.04940320923247174,0.04513495123610796,Distressed
VRSN,2022,0.8591480103866938,0.4728752894939996,0.07329014763482977,0.045572916666666664,Distressed
VRSN,2023,0.8678588172259059,0.5475855602437881,0.04786300793038108,0.022208385222083852,Distressed
VRSN,2024,0.8771028637472711,0.5044946706048542,0.04306476458375193,0.013604060913705585,Distressed
VRT,2021,0.3046557691922931,0.023929093055361037,0.14357296481032353,0.17083384958493372,Distressed
VRT,2022,0.2839497496266362,0.013458666432399192,0.13873271843300455,0.1563630976316959,Distressed
VRT,2023,0.3497639585033221,0.06705326961184287,0.20586840024598085,0.08834672474696634,At-Risk
VRT,2024,0.3662348036645947,0.061883721510771615,0.16735633523720714,0.11492667832638234,At-Risk
VRTV,2021,0.2091234216480549,0.021107948324939785,0.07956694402420575,0.0612591264250032,Healthy
VRTV,2022,0.22673271483145124,0.047283209493024364,0.043179329975914164,0.015781056697142512,Healthy
VRTX,2021,0.8806242078580482,0.30921261089987323,0.22055529593760576,0.16829012913665642,Healthy
VRTX,2022,0.879035237999261,0.3719753210834537,0.17906368821292776,0.23986312158822412,Healthy
VRTX,2023,0.8721071616747051,0.36675718396627893,0.10508694727177041,0.21825509824107944,Healthy
VRTX,2024,0.8611174127276522,-0.04860209979945736,0.11661532849673732,0.19120053221137423,At-Risk
VSAT,2021,0.2920362952019689,-0.006426499651039497,0.25837195282573905,-0.03932874761481795,Distressed
VSAT,2022,0.28222199097238904,0.4243892591928981,0.05749636249528893,0.43537738994579456,Distressed
VSAT,2023,0.3225350264884244,-0.24952483310215004,0.675858065111781,0.9075761564594998,Distressed
VSAT,2024,0.3296635897522132,-0.12721605656820084,0.05504816098388378,-0.10756859294675779,Distressed
VSBC,2021,0.36841730207368345,0.1620394783724079,4.509057831645275,1.8793949013163034,Healthy
VSCO,2022,0.35592686002522067,0.05485498108448928,-0.06499631540162122,-0.008284023668639054,At-Risk
VSCO,2023,0.36266580394694276,0.017631834357813004,-0.0255359394703657,0.011933174224343675,At-Risk
VSCO,2024,0.3666131621187801,0.026484751203852328,0.007764477515367195,-0.0026954177897574125,At-Risk
VSEC,2021,0.03428447975005401,0.016548119588519768,-0.27245907635201816,-0.20235262713875193,At-Risk
VSEC,2022,0.1090062260250236,0.04191363630931753,0.3906735579080318,0.27217102640216984,At-Risk
VSEC,2023,0.12685195397228044,0.07193485533620088,-0.18736033269200894,-0.19805177934671767,At-Risk
VSEC,2024,0.13000218758267026,0.019489835371685558,0.44527039447079153,0.4483320678309289,At-Risk
VSH,2021,0.27400603674694574,0.09195222816817349,0.29521147544784,0.2100159506337704,At-Risk
VST,2021,0.24078827523391572,-0.1054897739504844,0.055405051122957266,0.4069719042663892,Distressed
VST,2022,0.2423513986013986,-0.08937937062937062,0.13670613562970937,0.09688632497596332,Distressed
VST,2023,0.48866635090330873,0.10102172000811963,0.07655885780885781,-0.18623154204032094,Distressed
VST,2024,0.5770436600092894,0.1543776126335346,0.16543744502334393,0.08898831717623663,Distressed
VSTO,2021,0.3643251491729184,0.15543018326418953,0.36804803547212744,0.22833562092842216,At-Risk
VSTO,2022,0.3347277930078086,-0.0031553925294669437,0.011556775046877755,0.08305457098672907,At-Risk
VSTO,2023,0.312806006271524,-0.002004688166294801,-0.10836523197719856,-0.046504134398060976,At-Risk
VTAQ,2022,0.020855984975783334,-1.8554248624427532,2.943737006237006,1.8793949013163034,Distressed
VTAQ,2023,0.019934953127989288,-1.3193036158408264,-0.13890810846430102,0.310544115078672,Distressed
VTLE,2021,0.8431562146943313,0.10401735918081882,1.0586111472078819,-0.2075264583595817,Distressed
VTLE,2022,0.8236814320729531,0.32877619486921045,0.3778283090938436,0.44473945177656904,At-Risk
VTLE,2023,0.7443551451146417,0.44913169001889375,-0.19429028381983302,0.336955639586947,Distressed
VTLE,2024,0.6871056602575201,-0.08887965767801696,0.26150746573412836,0.5237999209824515,Distressed
VTOL,2022,0.22510048902973664,-0.013323444740314747,0.006062499257254711,0.03516271299099083,Distressed
VTOL,2023,0.38957969954425253,-0.005225719480603563,0.09468834057259341,0.07835173025978409,At-Risk
VTOL,2024,0.41417006536954315,0.0669711075520791,0.09099688692020912,0.03476231015953278,At-Risk
VTR,2021,0.9288569743994721,0.012802484425968918,0.008602616301971067,0.0739759261926068,Distressed
VTR,2022,0.44862737101414246,-0.011490622986137969,0.07867958444172124,0.06146165687548343,Distressed
VTRS,2021,0.3117190251756931,-0.07095374672235175,0.4972626820693119,0.4592928830216966,Distressed
VTRS,2022,0.3995031575322671,0.12781395463237963,-0.0907733852166183,-0.16631470806460819,Distressed
VTRS,2023,0.41736188087042764,0.0035457544937738624,-0.05139368001623347,-0.05090025330321079,Distressed
VTRS,2024,0.38153779351800965,-0.0430278235737111,-0.04457149524531824,0.011937822339236124,Distressed
VTSI,2021,0.4667752255294823,0.10395691161549274,0.28009892898704924,0.2865801792129685,At-Risk
VTSI,2022,0.5743317738339052,0.06910752377090665,0.15831133398400987,0.1187344536138112,At-Risk
VTSI,2023,0.7009132736961193,0.22087581117966446,0.3441817546340142,0.10499363655009723,At-Risk
VVNT,2021,0.7434770323944766,-0.20653946091221506,0.18136787122873957,0.09390886737771396,Distressed
VVNT,2022,0.7911482386225178,-0.030748473987958325,0.13728785146290223,-0.01388322663816565,Distressed
VVV,2021,0.4167952178943309,0.4052256074045507,0.4266850068775791,0.3605769230769231,Distressed
VVV,2022,0.3854057115120136,0.3432570180406116,0.19176629386810645,0.22383331302546605,Distressed
VVV,2023,0.3772081745756841,0.5635498732008526,0.16778577784968854,0.15840302668259656,Distressed
VVV,2024,0.38221124150710317,0.13063619518221123,0.12157949428472463,0.12187365706918779,Distressed
VWE,2023,0.300732978377844,-0.6671903907805725,-0.032806870763399186,0.055050057357388674,Distressed
VZIO,2021,0.15362523540489642,-0.01854990583804143,0.039902080783353736,0.12718517743117344,At-Risk
VZIO,2022,0.16775821344213013,-0.00021473051320592657,-0.12297551789077213,-0.13795505200594355,At-Risk
VZIO,2023,0.21208333333333335,0.016785714285714286,-0.09813184453510844,-0.1084298410988419,At-Risk
W,2021,0.2841406477969069,-0.009556463379048731,-0.030894308943089432,0.0006530730716203468,At-Risk
W,2022,0.2795874938615158,-0.10893763300049109,-0.10869565217391304,-0.018709209572153735,At-Risk
W,2023,0.3055069565941848,-0.0614846288427893,-0.017596988050417418,-0.05874963050546852,At-Risk
W,2024,0.301577925913425,-0.04151548392540714,-0.0126635007914688,-0.042474680065949594,At-Risk
WAB,2021,0.3028637177192534,0.0713372538992585,0.03520381154049762,0.019820877991484364,At-Risk
WAB,2022,0.30375508251614447,0.07569959339870844,0.06903605216057275,0.05830693924560899,At-Risk
WAB,2023,0.3042265164823809,0.0842203162137026,0.15725902894044486,0.14419806829002857,At-Risk
WAB,2024,0.32405891980360063,0.10166554346779628,0.07336984602666116,0.043633337296397574,At-Risk
WAT,2021,0.5848581091607158,0.24869861307438887,0.17777763685519993,0.14444332148776312,Healthy
WAT,2022,0.5800132976396689,0.23814450819594907,0.06679483709600649,0.06623882977148568,Healthy
WAT,2023,0.5957189380655497,0.21723397519158333,-0.005228879566184694,0.02392611132708147,Healthy
WAT,2024,0.5943056131601444,0.21560194795339488,0.0006666856085205871,-0.0031354909900221627,Healthy
WBA,2021,0.21181202786225842,0.019183602623218044,0.08629961797642276,0.0727371622122778,At-Risk
WBA,2022,0.21300196679803773,0.03268953979940167,0.0014640514983887886,0.012023016586385183,At-Risk
WBA,2023,0.19464916128011733,-0.022138178471538168,0.04806221411723925,0.10993532323201652,At-Risk
WBA,2024,0.17963131018976283,-0.058486502593831695,0.061669099301845685,0.020743567647420903,At-Risk
WBD,2021,0.6210319087851693,0.08251989172340252,0.14244213288351606,0.28673970532678505,Distressed
WBD,2022,0.39551113345358846,-0.21796729455599254,1.7739315888770404,1.8793949013163034,Distressed
WBD,2023,0.4064519251712204,-0.07565160572106193,0.22190022769612916,0.131160721464369,Distressed
WBD,2024,0.4158337783881387,-0.2876579944558887,-0.04840153916894557,-0.0688037529319781,Distressed
WBEV,2021,0.41800219234344865,-0.2032496635169074,0.11377439844220873,0.24953950421125157,Distressed
WBT,2021,0.3617557696037236,0.045445730170017455,0.34116525056355124,0.27767372167072485,At-Risk
WCC,2021,0.2081569919033896,0.025546864278852752,0.4779739891181199,0.45384944615795847,At-Risk
WCC,2022,0.21761336314956511,0.040172548214060626,0.1757979964320022,0.14736213509726911,At-Risk
WCC,2023,0.2163795722173579,0.03419670139199114,0.04505581206436945,0.04988489640676609,At-Risk
WCC,2024,0.21598804700533486,0.03288906814306928,-0.025302431963976198,-0.01826605906915553,At-Risk
WCN,2021,0.4059730846555746,0.10047321235089275,0.1295211706227885,0.1122385612471107,Distressed
WCN,2022,0.39876639296469885,0.11587331366295431,0.1724005468058207,0.17167688436868778,Distressed
WCN,2023,0.40855871595326376,0.09508908743022738,0.1123277645888529,0.10004370371602565,Distressed
WCN,2024,0.4179434909067019,0.06923781594918421,0.11189796596862783,0.1057115620460121,Distressed
WDAY,2021,0.7221249270286048,0.005643121229811247,0.1901354239327688,0.15074798619102417,Distressed
WDAY,2022,0.724903474903475,-0.05904118404118404,0.20957384705195564,0.2175071360608944,Distressed
WDAY,2023,0.7560270009643202,0.19024659043945447,0.1677927927927928,0.10597061581744295,Distressed
WDAY,2024,0.7550319677954062,0.06227800142079091,0.1635211461633834,0.12309214245336349,Distressed
WDC,2022,0.31256318842122066,0.08226467301654872,0.11056612693535044,0.03873261794399645,At-Risk
WDC,2023,0.22238209432454037,-0.269224620303757,-0.6509892588799009,-0.47722532627691366,Distressed
WDC,2024,0.28067120468576856,-0.12632578755738483,0.00991207034372502,-0.06564518551900256,Distressed
WDC,2025,0.3878151260504202,0.19842436974789915,0.5070444831407314,0.18810289389067525,At-Risk
WDFC,2021,0.5403280824569922,0.1438797481710028,0.19488712307036998,0.2052354819819004,Healthy
WDFC,2022,0.49104699124937357,0.12977333179137274,0.06291832357116955,0.08070268591522486,Healthy
WDFC,2023,0.5104093959106942,0.12283366371648473,0.03553255464322887,0.03717583258012932,Healthy
WDFC,2024,0.5337791271630004,0.11792934466952386,0.09921173372048654,0.10429445111064932,Healthy
WDQ,2021,0.7280264469748648,-0.21290514421647339,0.6705920168312781,0.5192808840508,Healthy
WDQ,2022,0.747296397662549,-0.5234484799171536,0.18233020237533015,0.4981291298463498,At-Risk
WDQ,2023,0.7469186762256499,-0.30523571583749726,0.021451290775944966,-0.09209267722393454,At-Risk
WDQ,2024,0.7416891625989879,-0.3850705256108422,0.04888840611195597,0.018176497193178494,Distressed
WDS,2023,0.4626982992711162,0.0,-0.2027119416590702,-0.018778329376214115,At-Risk
WDS,2024,0.43083693755216634,0.0,-0.05823924539088181,0.021667399912010558,Distressed
WE,2021,-0.20038910505836577,-1.7272373540856032,-0.24765807962529274,-0.1993548387096774,Distressed
WE,2022,0.10200308166409862,-0.6268104776579353,0.26264591439688717,-0.11140209508460919,Distressed
WEAV,2021,0.5739054638347818,-0.4460995417317534,0.45027285471112444,0.3916981258422828,Distressed
WEAV,2022,0.6251257766488175,-0.3499792424551602,0.2265105160048675,0.15372724976242316,Distressed
WEAV,2023,0.6810134453387146,-0.18203416476992748,0.1994905605944398,0.06783928766923329,Distressed
WEAV,2024,0.7140088295466781,-0.13873743355815069,0.19854752798179132,0.15081968813771152,Distressed
WEC,2021,0.6018518518518519,0.1565055315055315,0.14834914453788475,0.19248139316424598,Distressed
WEC,2022,0.5458249109133724,0.14684185300185468,0.15408850408850408,0.1624123252185242,Distressed
WEC,2023,0.6411559653660183,0.1498819296075565,-0.07339487777939858,-0.11300370119376531,Distressed
WEC,2024,0.6911591995255759,0.1777229967790323,-0.03295850669065557,-0.05452461762242694,Distressed
WELL,2021,0.4149104355335119,0.0708835614488472,0.029559048078286274,0.04627277832172624,Distressed
WELL,2022,0.3927650937657567,0.02409542343252372,0.23586522047651734,0.27436221947748773,Distressed
WELL,2023,0.4052758400691775,0.05123444654598264,0.13264478216023404,0.10129239243211713,Distressed
WELL,2024,0.39555253720443123,0.11909222213963053,0.20384513697283593,0.2116197127045598,Distressed
WELPP,2023,0.6411866501854141,0.11911001236093943,-0.006215758052232023,-0.03434175638117752,Distressed
WELPP,2024,0.6732832483228222,0.12924947863011632,-0.016093943139678615,-0.03443826915442636,Distressed
WEN,2021,0.677553692729249,0.10563637916328852,0.09411157412080227,0.07563462958524464,Distressed
WEN,2022,0.5495176580346981,0.0846430812620347,0.10464270389320389,0.12176065698770724,Distressed
WEN,2023,0.6358172845527412,0.09371198279410592,0.04107506305162718,0.020233062280836718,Distressed
WEN,2024,0.6513626578683566,0.08651577659746841,0.02975552558744175,0.03731651937572274,Distressed
WEYS,2021,0.4014594176527513,0.07680063966283193,0.36988355726167627,0.191976272706222,Healthy
WEYS,2022,0.41051410570966373,0.08398320335932813,0.3142119480946492,0.286985562476492,Healthy
WEYS,2023,0.4492497987725123,0.09491649059261495,-0.0957789484757077,-0.11031178140616368,Healthy
WEYS,2024,0.45308140135726344,0.10444727686106997,-0.08727613441996177,-0.08428150629548342,Healthy
WFG,2021,0.46406160867084995,0.2801863472142993,1.4052138120283557,0.8557312252964426,Healthy
WFG,2022,0.368827955880837,0.20358725904545924,-0.07767636432781898,0.07743800395557585,Healthy
WFRD,2021,0.25486968449931413,-0.12345679012345678,-0.010854816824966078,-0.09790388548057259,Distressed
WFRD,2022,0.30270145462941583,0.006003232509812976,0.18820301783264745,0.11051289317086993,Distressed
WFRD,2023,0.3388510223953262,0.08120740019474197,0.1856384206880628,0.0974738453687165,At-Risk
WFRD,2024,0.3460910575004535,0.09178305822601125,0.07361246348588121,0.05394094396651941,At-Risk
WGO,2021,0.17918342608408178,0.07766268113945672,0.5409675856801837,0.4374355977642666,Healthy
WGO,2022,0.18744579139520343,0.07878653407830244,0.3658328282550003,0.35743545183714004,Healthy
WGO,2023,0.1679032858738935,0.061850058727475864,-0.295903342275652,-0.27072378949293585,Healthy
WGO,2024,0.14578779216411636,0.004371952244829325,-0.14816512447360128,-0.10877742946708464,At-Risk
WH,2024,0.9394586894586895,0.20584045584045585,0.014450867052023121,-0.026467203682393557,Distressed
WHD,2021,0.276906169557376,0.11307397130342986,0.2582667271047664,0.31265113152102014,At-Risk
WHD,2022,0.35220644741410495,0.16005078671468356,0.5695081271988126,0.4143027078824326,At-Risk
WHD,2023,0.37037995915986,0.1542180207117853,0.5935639170270596,0.5921155871742004,At-Risk
WHD,2024,0.3862520733501267,0.16410400295977923,0.029950043757292884,0.007507239429454695,At-Risk
WHG,2022,0.4157918492741806,-0.06738399266172596,-0.059859829715005336,-0.0027623452000372453,At-Risk
WHG,2023,0.4105879863222731,0.10603579822011339,0.3072174254888543,0.29477124183006537,At-Risk
WHG,2024,0.408673894912427,0.02338446595791852,0.05502277764783195,0.0306963774909257,At-Risk
WHLM,2022,0.38655793025871765,0.1984814398200225,0.10421065706123463,0.10162076878944348,Distressed
WHLM,2023,0.3329653729955845,0.025156867301882407,-0.031946006749156354,0.07310721958205846,Distressed
WHLR,2021,0.6800195726635133,-0.15395530908497798,0.005032539383309017,-0.010783660255189488,Distressed
WHLR,2022,0.6642833844347316,-0.16248939917802857,0.2501223291469581,0.29685958368427384,Distressed
WHLR,2023,0.6592230637674078,-0.04580503298314195,0.33505121012460043,0.3939618860292071,Distressed
WHLR,2024,0.6625738711343163,-0.13720427639757493,0.02197898851698021,-0.049572695082665534,Distressed
WHR,2021,0.20054582670002274,0.08110075051171253,0.12998560855263158,0.12254315501623654,At-Risk
WHR,2022,0.15580004055972418,-0.07701277631312108,-0.10284284739595179,-0.06079983759642712,At-Risk
WHR,2023,0.16294011822153687,0.024723721408378307,-0.01363820726019063,-0.010158867394358586,At-Risk
WHR,2024,0.1554163906786295,-0.019509845245980612,-0.14638910305833977,-0.1406812970848346,At-Risk
WINA,2021,0.962405486331476,0.5103789240592103,0.1839852986143278,0.03983319342522137,Healthy
WINA,2022,0.9543942572729908,0.4842711286463221,0.04084320128055313,0.03415178571428571,Healthy
WINA,2023,0.946404223753206,0.4826575047901638,0.022511755197099158,0.07787970357579682,Healthy
WINA,2024,0.958429850988632,0.4915074714814163,-0.023478109401935288,-0.05354621882394561,Healthy
WING,2021,0.7967589609985062,0.15100070087999376,0.13540800045014087,0.0911451103776592,Distressed
WING,2022,0.8226817445688505,0.14809479722869426,0.2655521022860015,0.24585498697247965,Distressed
WING,2023,0.8464400995533142,0.15253610981295715,0.28679154511203536,0.3136704686412731,Distressed
WING,2024,0.8535778602668235,0.1737228890057158,0.36028735694645203,0.32778970883736464,Distressed
WIRE,2021,0.33468545207910916,0.20882385725267008,1.0304045270441708,0.6054640370147725,Healthy
WIRE,2022,0.3686497843452729,0.2378882903542769,0.16385642728238017,0.11039451433786211,Healthy
WIRE,2023,0.25543380474989114,0.1450308873001049,-0.14907201360041492,0.006562025576537465,Healthy
WISH,2021,0.5314148681055156,-0.17314148681055155,-0.179456906729634,-0.22698612862547288,Distressed
WISH,2022,0.29071803852889666,-0.6725043782837128,-0.6509892588799009,-0.47722532627691366,Distressed
WISH,2023,0.20557491289198607,-1.1045296167247387,-0.4973730297723292,-0.3653250773993808,Distressed
WISH,2024,0.16279069767441862,-1.744186046511628,-0.6509892588799009,-0.47722532627691366,Distressed
WIT,2022,0.28670226638121504,0.12543155078385373,0.061525638479645,0.0903942639225461,At-Risk
WIT,2023,0.2964629129130739,0.12305217337398415,-0.037784349964932316,-0.039940702082188195,At-Risk
WIT,2024,0.3065292451298465,0.14744231565257696,-0.02822912377235024,-0.049429593333076755,At-Risk
WK,2021,0.7657646886314673,-0.085114542562911,0.2607865890771742,0.21377723448622996,Distressed
WK,2022,0.7585219614222636,-0.16908575412502905,0.21338416594290355,0.3258272681110359,Distressed
WK,2023,0.7552183277543136,-0.20240810489509378,0.17134836160818034,0.15627338866556342,Distressed
WK,2024,0.7670777603292359,-0.07451399794227541,0.1724353571763018,0.12510661554640984,Distressed
WKHS,2023,-0.5044542404467389,-9.463271163898332,1.6069210236285683,-0.11716646159495878,Distressed
WKHS,2024,-0.5044542404467389,-7.3236797274275975,-0.4620745776628683,-0.47722532627691366,Distressed
WLDN,2021,0.3840906842306116,-0.023793303274865372,-0.09520947363036472,-0.1113514113015028,At-Risk
WLDN,2022,0.3345753580433334,-0.019685975140863777,0.213093807861373,0.2109317827258545,At-Risk
WLDN,2023,0.3524186671110283,0.021419539497544576,0.18865027100839357,0.12073157591458701,At-Risk
WLDN,2024,0.3583999943442713,0.039890561649210496,0.10920122722238014,0.09670899727456653,At-Risk
WLFC,2021,0.9650998495600192,0.013349422733047388,-0.1198874171489059,-0.2607388350685372,Distressed
WLFC,2022,0.9318465836599298,0.017793233402469265,0.2173701796516884,0.17471969375659305,Distressed
WLFC,2023,0.9131153611831181,0.10460035120832388,0.3692676607410412,0.25505698071635546,Distressed
WLFC,2024,0.916865622084842,0.19080746912897054,0.35997180776719906,0.13901674411743012,Distressed
WLK,2021,0.2967396841569027,0.17108167770419427,0.5695628997867804,0.2724818866316238,At-Risk
WLK,2022,0.2578827402811194,0.1422692161580347,0.34097469859059265,0.41911354248074134,At-Risk
WLK,2023,0.17684093082562957,0.0381734140898948,-0.20552108395593263,-0.10974746282747226,At-Risk
WLK,2024,0.16117608301762476,0.049579970350848296,-0.03235575390500478,-0.012371862849063274,At-Risk
WLL,2021,0.8107867003242949,0.27904225745216277,4.509057831645275,1.8793949013163034,At-Risk
WM,2021,0.3803468852824717,0.10127711784061123,0.1782757261138126,0.17535321821036107,At-Risk
WM,2022,0.37587572342369785,0.11361559549192811,0.0985444202777313,0.08655002003472687,At-Risk
WM,2023,0.38284539312640753,0.11279741505923822,0.03695806680881308,0.020467117393976643,At-Risk
WM,2024,0.393418846031818,0.12446176857181707,0.08014295505727993,0.0789616334397398,Distressed
WMB,2021,0.6205890655876541,0.14274960007527995,0.37673273740121777,0.5501165501165501,Distressed
WMB,2022,0.6847241222070224,0.18686730506155952,0.03180577773595558,-0.007644110275689223,Distressed
WMB,2023,0.8134225726597598,0.29146419730448336,-0.005289557683538532,-0.14698825609294103,Distressed
WMB,2024,0.7983433304770066,0.21184423498048177,-0.037040432749610344,0.0694300518134715,Distressed
WMG,2021,0.48273910582908885,0.05734767025089606,0.18776607663006947,0.0,Distressed
WMG,2022,0.4796418313904376,0.09309004899476263,0.11658177702320317,0.10933503836317135,Distressed
WMG,2023,0.4737452377008448,0.071227430843134,0.019935799966210508,0.008261287223823247,Distressed
WMG,2024,0.4779022720199191,0.0676937441643324,0.06443597813483519,0.040015243902439025,Distressed
WMK,2024,0.2512827308717311,0.02294411412996976,0.016365639051511133,0.01805134676180974,Healthy
WMS,2021,0.2890187645681333,0.09797765873510236,0.3966829401143849,0.4406534963708246,At-Risk
WMS,2022,0.36416930495411937,0.1651143019112565,0.10898218512520244,-0.0027973673735630306,At-Risk
WMS,2023,0.39866403337237816,0.17739425626888825,-0.06403134230139418,-0.08379731909241403,At-Risk
WMS,2024,0.3767729650907551,0.1550048291380376,0.010357376813071474,0.042890082191577,At-Risk
WMT,2021,0.25098733487675334,0.0238723780191845,0.02432795434506958,0.0190252383978472,Healthy
WMT,2022,0.24140463839525986,0.01910716535059522,0.06728019359096575,0.0805560229109822,Healthy
WMT,2023,0.24375390549662487,0.023932111861137896,0.06025954990192855,0.051199859188540114,Healthy
WMT,2024,0.24851061330278934,0.028541010448100913,0.05070009643201543,0.049144036592375304,Healthy
WNC,2021,0.10895052759767267,0.0006454947351142482,0.21687116916314245,0.19167802147289623,At-Risk
WNC,2022,0.12896657206722756,0.044864992971985054,0.38755248803838366,0.34017887021663373,Healthy
WNC,2023,0.1964072540902819,0.09116972205795387,0.013736701824726064,-0.04732135744272962,Healthy
WNC,2024,0.13616199389749017,-0.14592138652311043,-0.23250936329588015,0.03508674127237317,Distressed
WOLF,2022,0.3637475965740255,-0.35116238419856666,0.0884703196347032,0.03468979319546364,Distressed
WOLF,2023,0.3202373104812129,-0.43493737640079105,0.32581716483132317,0.3614442295293359,Distressed
WOLF,2024,0.09588701684836472,-1.0706144697720514,0.06420566908371786,0.1667929532108354,Distressed
WOLF,2025,-0.16050686378035903,-2.1240760295670538,-0.061446977205153616,0.07963308710122576,Distressed
WOOF,2021,0.4178659786411542,0.028312860579261873,0.18026637930719105,0.17252185777664544,At-Risk
WOOF,2022,0.4021074005209107,0.015043322801466608,0.039402811947825,0.04860606546235227,At-Risk
WOOF,2023,0.3762954647622714,-0.20466057176620597,0.03633502303773364,0.06930081329916936,Distressed
WOOF,2024,0.3800239419455234,-0.016646224565770213,-0.022192757355221603,-0.01668465561491783,Distressed
WOR,2022,0.2502373606866541,0.2897870360963925,-0.5871927134424261,-0.47722532627691366,Distressed
WOR,2023,0.22812048817902905,0.18084506406785777,0.08349214666484366,0.093940591174582,At-Risk
WOR,2024,0.22880172882300195,0.08880447426071865,-0.1218142314112976,-0.0782950062207824,At-Risk
WOW,2021,0.48132837260575995,0.5635498732008526,-0.006162695152013147,-0.0075715859030837,Distressed
WOW,2022,0.5361044119733296,-0.003546602354943964,-0.02866198153506959,-0.0697738937439312,Distressed
WOW,2023,0.5616717635066258,-0.41896024464831805,-0.025819265143992055,0.03623620638234417,Distressed
WOW,2024,0.5929624346172135,-0.0932001902044698,-0.08125819134993446,-0.10145344653907037,Distressed
WR,2021,0.6693217820896057,0.1574632609590635,0.13703341881385597,0.12264226024671707,Distressed
WR,2022,0.6340393575805158,0.1284668293765254,0.04875865895788211,0.07684673188714022,Distressed
WR,2023,0.6736865037580335,0.13274754003122619,-0.05988974415865918,-0.07267939433838051,Distressed
WR,2024,0.6834778444752279,0.14940228823559593,0.06156276097454704,0.03632448293814189,Distressed
WRAP,2021,0.25811877345064044,-3.163281148919653,0.959685598377282,0.8931907643499207,Healthy
WRAP,2022,0.46390856006957387,-2.1887190955398186,0.041402510027170394,-0.20000620655412116,Distressed
WRAP,2023,0.4738300994619273,-4.927441708788521,-0.2380419927941359,-0.03584312812754568,Distressed
WRBY,2021,0.5875557971738061,-0.26677428540786025,0.3735633789580894,0.5232168171429462,Distressed
WRBY,2022,0.570230993526296,-0.18456911080199026,0.10598042152522753,0.03631481213630035,Distressed
WRBY,2023,0.5453017103013743,-0.09435697595425262,0.11979863303194051,0.04574272361362723,Distressed
WRBY,2024,0.5533848038739037,-0.02643537335589221,0.15162034444917247,0.0804383082960684,Distressed
WRK,2021,0.18260577389430335,0.044718634809373686,0.06640385009215646,0.0633409670958384,Distressed
WRK,2022,0.1902302077482182,0.04443817185331546,0.13391585449773552,0.11792396086211382,At-Risk
WRK,2023,0.17648941408173313,-0.08119153126538652,-0.04452755627690354,-0.020977370779911738,Distressed
WSC,2021,0.5049092039354923,0.09572379825222059,0.31421196222125686,0.3230453568509141,Distressed
WSM,2021,0.44045491015210403,0.13659298350120594,0.21564296675206898,0.15671847658540872,Healthy
WSM,2022,0.4239746601990658,0.13002649054109341,0.05196268804414684,0.05640882578958371,Healthy
WSM,2023,0.42623523801610497,0.1225396263436934,-0.10649303578557498,-0.09330218318156576,At-Risk
WSM,2024,0.46453737326949307,0.14591778737868347,-0.00504615611693055,-0.03459669844995565,Healthy
WSO,2021,0.2655245253648296,0.06670894775191587,0.24239000041147965,0.2155993430447586,Healthy
WSO,2022,0.2791026929713525,0.08264209116313444,0.15829961886515573,0.14009507732637297,Healthy
WSR,2024,0.817185413722923,0.0,0.04975879267056318,0.044967514535613505,Distressed
WST,2021,0.41524226585675944,0.23371945189998589,0.3189249615724999,0.195,Healthy
WST,2022,0.39357095846756035,0.20295126260002078,0.019529594575505016,0.035396527677583806,Healthy
WST,2023,0.3828056139399281,0.20116618075801748,0.021788077176209775,0.05615681174230108,Healthy
WST,2024,0.34511959076455134,0.17029586616894787,-0.019187741541799443,0.021769724689946344,Healthy
WSTG,2021,0.16177958964123687,0.0325498439391044,0.12328277046365198,0.11255916861667783,At-Risk
WSTG,2022,0.1777373270072417,0.041061547964829734,0.07702542978675217,0.058850926511194654,At-Risk
WSTG,2023,0.1825131458213191,0.03500722984662498,0.15661348193515318,0.16911035705807606,At-Risk
WSTG,2024,0.19561561574460865,0.03996933035800579,0.32269830943743555,0.29982621366760825,At-Risk
WTRG,2021,0.8188307179854154,0.22980772507326383,0.28402718811401945,0.24068104263374357,Distressed
WTRG,2022,0.7368939770073146,0.20333500580411462,0.21824098684658896,0.27552168475853334,Distressed
WTRH,2021,0.4039375610612863,-0.028700176734689397,-0.10832582905915979,0.0695696854372879,Distressed
WTRH,2022,0.46284022504270983,-1.8496167297251367,-0.3863628879106886,-0.2334498268434834,Distressed
WTS,2021,0.4239995578156091,0.0915874419632987,0.19925758981837466,0.17660898603521555,At-Risk
WTS,2022,0.4416771912099015,0.1270522859307906,0.09413000221092195,0.06682577565632458,Healthy
WTS,2023,0.46729562806983416,0.12746194621407383,0.03879767618085375,0.027813047947276136,At-Risk
WTS,2024,0.4715389397034011,0.12929579966255217,0.09526820016534553,0.09100535325607388,Healthy
WTW,2023,0.4364652536117262,0.11125171359274491,0.06959169862395669,0.04599426777671625,Distressed
WTW,2024,0.4459214501510574,-0.00986908358509567,0.04713698196773173,0.01657098121085595,Distressed
WU,2021,0.42880807762088824,0.15890983671215586,0.048769389865563596,0.020684127517646145,Distressed
WU,2022,0.41316054072170705,0.20346330018992292,-0.1173976492861087,-0.0904577348836031,Distressed
WU,2023,0.38680284599495063,0.14367684186366766,-0.026477488548765502,-0.014231604745724949,Distressed
WU,2024,0.37750908615815854,0.22191605102501366,-0.03380766582510902,-0.015708433394547253,Distressed
WW,2021,0.5999735791572577,0.05542184590869122,-0.12114947566401862,-0.12408561880070483,At-Risk
WW,2022,0.5975746152033736,-0.2470276534257839,-0.14145884334504383,-0.08623366178150525,Healthy
WW,2023,0.5950226574979962,-0.12619287708068452,-0.14452677588271215,-0.06848823023712111,At-Risk
WW,2024,0.6783162684290152,-0.43986736580394215,-0.11649697431625618,-0.18119235512427845,Healthy
WWD,2021,0.24536919947707575,0.09290499022188659,-0.10010678516547694,-0.09406617334446526,At-Risk
WWD,2022,0.2204579505537626,0.072057545986008,0.06098319019410178,0.09082813044876975,At-Risk
WWD,2023,0.23248161132738115,0.07972644983850083,0.22317367455797615,0.21029394497567275,At-Risk
WWD,2024,0.2636622587537817,0.11219707067671525,0.14056398105241055,0.0974601803112814,At-Risk
WWW,2021,0.42647728684417574,0.02840697337363866,0.34827759477416115,0.2996636969732728,At-Risk
WWW,2022,0.398688915375447,-0.07013557806912991,0.11176446229657543,0.14436172144543308,At-Risk
WWW,2023,0.389629497525525,-0.01716527709661599,-0.16459326579261024,-0.1172643605204697,At-Risk
WWW,2024,0.4433048433048433,0.025754985754985756,-0.21753087520620626,-0.25085385583318354,At-Risk
WY,2022,0.3554595443833464,0.18460329929300864,-0.0016665032839917656,0.07197827071072883,At-Risk
WY,2023,0.21918165233255146,0.10933020589001824,-0.2464650432050275,-0.07488738738738739,At-Risk
WY,2024,0.1843065693430657,0.05558674901740595,-0.07167057597081053,-0.020237370663420573,At-Risk
X,2021,0.2832059186189889,0.20586929716399507,1.0814084796222154,0.4709214501510574,At-Risk
X,2022,0.20356040826014715,0.11981960598148587,0.03896424167694205,0.15468549422336328,At-Risk
X,2023,0.12463302498199745,0.04957624771506121,-0.14298599572751008,-0.042801556420233464,At-Risk
X,2024,0.1010230179028133,0.024552429667519183,-0.13366199523624883,-0.10522648083623694,At-Risk
XBIT,2021,0.6835924758073285,-0.9467217570947047,-0.5819260404118463,-0.3018483130730814,Healthy
XBIT,2022,0.8376558603491272,-8.204488778054863,-0.6509892588799009,-0.11445395160548348,Healthy
XEL,2021,0.5642915642915642,0.11890402799493709,0.1652785007808433,0.19319872476089267,Distressed
XEL,2022,0.5454604833442195,0.11338994121489222,0.1399002308093217,0.14731029568934806,Distressed
XEL,2023,0.592918485147121,0.12466563423905393,-0.0721097322011757,-0.09812140971898774,Distressed
XEL,2024,0.6463804776430325,0.14403690201621902,-0.05385048571026327,-0.0484592873127905,Distressed
XELA,2021,0.23787894113351038,-0.12205491828432222,0.0,0.0,Distressed
XELA,2022,0.18537966146067844,-0.38581283879694417,-0.07667455850561372,-0.009138006159531338,Distressed
XELA,2023,0.21679992181362323,-0.117614112641008,-0.012099443256646896,-0.06933585488282902,Distressed
XENT,2021,0.7188518754449732,-1.4954378536366022,0.3251731757578767,0.2146876644670256,Distressed
XERS,2021,0.7314377898769914,-2.474793305101835,1.4267188646929287,0.58438560890932,Distressed
XERS,2022,0.7946992235686815,-0.8586096799941949,1.2231901593063117,0.16657157078168816,Distressed
XERS,2023,0.8252437253681809,-0.3798028234317996,0.486775270299688,0.08187816096738611,Distressed
XERS,2024,0.8186241197616585,-0.27003496331314325,0.23888136461803142,0.13847367307285355,Distressed
XGN,2021,0.5737385867202219,-0.5559328350483447,0.15066110780226324,0.2660251924422673,Distressed
XGN,2022,0.4685600158022957,-1.0400324824967628,-0.05664713555146069,0.1898958074233756,Distressed
XGN,2023,0.5605541600060897,-0.45080688132754815,0.15330421614028927,-0.12452966042644122,Distressed
XGN,2024,0.5951007350694631,-0.271652198918064,0.05886047042703814,-0.08102407640777343,Distressed
XHR,2021,0.5788136088336676,-0.23291105961167696,0.6663818095279305,0.11303066827373778,Distressed
XHR,2022,0.5767040527983465,0.056056142348640293,0.6189977734068174,0.36893644197217773,Distressed
XHR,2023,0.5709785916915908,0.018667054141478366,0.02790277133179699,0.04577856808019616,Distressed
XHR,2024,0.5622575302175936,0.015536352061071347,0.01326646142203906,0.027995289041850162,Distressed
XL,2023,0.5265029614695902,-0.8243403999549206,2.443088729843925,0.13083414593039353,Distressed
XM,2021,0.7347945083223014,-0.9846439036725223,0.4088186064055784,1.0906629359644602,Distressed
XM,2022,0.7052367018869787,-0.7277235868226855,0.3560256734444957,0.17755648399598592,Distressed
XMTR,2021,0.26171130734281106,-0.281121757291514,0.5440363209481918,0.6388925042891794,At-Risk
XMTR,2022,0.3832579458732913,-0.20754697168179229,0.7446550271141726,0.6503671188569861,Distressed
XMTR,2023,0.38467132492889605,-0.14560018644557904,0.21654096256179103,0.17366378820091516,Distressed
XMTR,2024,0.3952567141251886,-0.09238922220450242,0.17721609128927981,0.12115694624337243,Distressed
XOM,2021,0.31465716549037037,0.08258567726348917,0.5518885242253991,0.2190819475164523,At-Risk
XOM,2022,0.32482217310556244,0.1385819097651268,0.4417258399257302,0.3762655676014694,Healthy
XOM,2023,0.32017729311614235,0.10647640280664819,-0.15916781239977426,-0.1473617395267081,Healthy
XOM,2024,0.3038169317192355,0.09808061364450436,0.015357912695854783,0.043861357033507804,At-Risk
XOS,2021,0.4594334673894037,0.5635498732008526,3.3309352517985613,0.37938400055122995,At-Risk
XOS,2022,-0.5044542404467389,-2.015752144270948,2.1802762720755378,1.8793949013163034,Distressed
XOS,2023,-0.028973788828246076,-1.703456640388114,0.22396635144051022,-0.2588340418618505,Distressed
XOS,2024,0.07085291542324118,-0.896320651882561,0.2569009276104485,-0.06989807102148181,Distressed
XPEL,2021,0.3574632708870915,0.12175667179659265,0.6313646774558909,0.6166767487495758,Healthy
XPEL,2022,0.393564058482745,0.12772189522613142,0.24966925477218113,0.23230525628915752,Healthy
XPEL,2023,0.40983312851854564,0.13323475307411436,0.22315296935427617,0.2194544835145303,Healthy
XPEL,2024,0.42188392007611797,0.10820409134157945,0.06083125364313778,0.09696314538095051,Healthy
XPO,2021,0.1263537906137184,0.0466537073035268,0.16763942931258105,0.15463055834169173,Distressed
XPO,2022,0.14537444933920704,0.08629178543664162,0.071646764787559,0.0466193716519473,At-Risk
XPO,2023,0.15521694214876033,0.02440599173553719,0.0033687483804094327,-0.003873288144971642,At-Risk
XPO,2024,0.17405847373637265,0.048191278493557976,0.042355371900826444,0.023607832245521456,At-Risk
XPRO,2021,0.1508873016680351,-0.15972035525974795,0.22330399125367023,0.276167937045613,Distressed
XPRO,2022,0.17356485527013063,-0.01574544050497961,0.5493786345218113,0.39670111946566455,At-Risk
XPRO,2023,0.17945231377795876,-0.015441932779997409,0.18238449044800056,0.1770587251395847,At-Risk
XPRO,2024,0.22152998420132625,0.030311734806475005,0.13223344817830143,0.07270560674620333,At-Risk
XRAY,2021,0.5547151973528717,0.09714015599149137,0.2671458520515124,0.16023166023166024,At-Risk
XRAY,2022,0.5423253442121366,-0.2422233554309026,-0.07303238005199716,-0.013311148086522463,Distressed
XRAY,2023,0.5261034047919294,-0.03329129886506936,0.010963793982661908,0.03316469926925239,Distressed
XRAY,2024,0.516214078565779,-0.23991563406274716,-0.04337957124842371,-0.019314472252448315,Distressed
XRX,2021,0.3414322250639386,-0.06464904802500711,0.0022785531187695814,0.01572422134865437,At-Risk
XRX,2022,0.3261573096946672,-0.045307443365695796,0.00980392156862745,0.026347127121167015,At-Risk
XRX,2023,0.33604414754574496,0.00014522218995062446,-0.031096102434219782,-0.05148658448150834,At-Risk
XRX,2024,0.3150618871564057,-0.2123452821089857,-0.09657275631716526,-0.07308868501529052,At-Risk
XSPA,2021,0.43868762630715186,0.045423103527784184,4.509057831645275,1.076026921800018,Distressed
XSPA,2022,0.5428055560521282,-0.5870144264287885,-0.24128904501620801,0.1701533764628916,Distressed
XSPA,2023,0.12225580391245143,-0.9213524195423295,-0.46175298092565115,-0.3862018412453876,Distressed
XSPA,2024,0.26312063014426057,-0.49718264153169894,0.12580955860373974,-0.06894178609019512,Distressed
XTNT,2021,0.5879159654741871,-0.08774406022112444,0.03611001743630125,0.09297810974707883,Distressed
XTNT,2022,0.554382514792389,-0.14637133640394004,0.04896585418815482,0.09484581423279259,Distressed
XTNT,2023,0.6075046822119755,0.00722867813762965,0.5750314823440115,0.5675947098448798,Distressed
XTNT,2024,0.5817152310539196,-0.1402696410754944,0.28437181691729735,0.274785385517588,Distressed
XXII,2021,0.048016026883805095,-1.053670673387618,0.10092134751520757,0.25981578165456937,Distressed
XXII,2022,0.018901643831205423,-0.9628085202299109,1.0069471371332557,1.008372641509434,Distressed
XYL,2021,0.3801732435033686,0.08142444658325312,0.06542247744052503,0.051873857404021936,At-Risk
XYL,2022,0.37739949293734154,0.06428830134009417,0.0629451395572666,0.058222898109928305,At-Risk
XYL,2023,0.3689570885388376,0.08269961977186312,0.3335747917421224,0.3623485937179224,At-Risk
XYL,2024,0.37514599392665265,0.10394767577668769,0.16268332428028245,0.12884267631103075,At-Risk
YELL,2021,0.10578312312077785,-0.021301105080245228,0.13472317610829254,0.11438089950027762,At-Risk
YELL,2022,0.11655576105401644,0.004156577115945621,0.02399547034245773,0.013432984554060787,At-Risk
YELP,2021,0.9243128046138981,0.03844688948566588,0.1820368802645793,0.10180687458281289,At-Risk
YELP,2022,0.911433206033317,0.030453973419488464,0.15667851283000545,0.1348204975942049,At-Risk
YELP,2023,0.9145671629288694,0.07417232708730036,0.12028092024673524,0.10823739178771496,At-Risk
YELP,2024,0.9124090692773132,0.09408213792009427,0.056094631363392274,0.0023847016618985884,At-Risk
YETI,2021,0.5783978471837838,0.15067587344763142,0.29244468137921686,0.2946627190343344,At-Risk
YETI,2022,0.4785547089997505,0.05622602998203385,0.13057011783933115,0.2929533973386758,At-Risk
YETI,2023,0.5686251931467349,0.10241976761501236,0.039800729929752726,-0.024240551011974584,Healthy
YETI,2024,0.5810698338081386,0.09601158113158673,0.10318843585358045,0.1055234413973787,Healthy
YEXT,2021,0.7483236340081469,-0.23877238035009743,0.10126853530554529,0.07025276563331723,Distressed
YEXT,2022,0.7406511163776974,-0.16449544717475365,0.026302112003522993,-0.030919639735628546,Distressed
YEXT,2023,0.7836674729547242,-0.006504716537808974,0.008661594112510914,-0.11844020975867445,Distressed
YEXT,2024,0.7710835073416049,-0.06639157918742294,0.04114295042070429,0.10445699753728781,Distressed
YI,2021,0.04998389654468096,-0.053904335981341936,0.6203368798636464,0.6111128769238068,At-Risk
YI,2022,0.062143579622445,-0.030841704101474018,0.04298250905519362,0.01895290640203831,Healthy
YMAB,2021,0.9339771327048171,-1.5839470441585237,0.6817831325301205,0.06855741550271884,Distressed
YMAB,2022,0.8855930255718817,-1.4642621845649408,0.8702753818379804,0.06484400984500766,Distressed
YMAB,2023,0.8659970053879438,-0.25262028554922833,0.29956946083012853,-0.30976773822761405,Distressed
YMAB,2024,0.8289217083879797,-0.33832468495181617,0.03378959902851955,0.0759790390167525,Distressed
YNDX,2021,0.5116053806388242,-0.04118527334949573,0.5999638480163647,0.7879291297749124,At-Risk
YOU,2021,0.5867896815552485,-0.14208140876461392,0.10033536109811261,0.4771688857743518,Distressed
YOU,2022,0.6318210290009464,-0.1499037569096138,0.7224998326461983,0.5356993759589683,Distressed
YOU,2023,0.62275925349466,0.04580991200807068,0.4026778896930737,0.04756062686893864,Distressed
YOU,2024,0.6351013902877137,0.22021887427189002,0.2557274613374969,0.09075207139378641,Distressed
YUM,2021,0.7380012150668287,0.23921628189550426,0.164897381457891,0.11144204517249938,Distressed
YUM,2022,0.7449576147325343,0.19365682548962293,0.03918590522478736,0.04399285395265744,Distressed
YUM,2023,0.7492933860938383,0.22569248162803843,0.034200526161940956,0.020962566844919785,Distressed
YUM,2024,0.7191681017353292,0.19684726453834944,0.06684567552289429,0.07814791535721768,Distressed
YUMC,2021,0.21506140261849183,0.10047701207753984,0.19242405905845333,0.16365392576238444,At-Risk
YUMC,2022,0.18183718256871145,0.04619082453756923,-0.028823708515173043,0.04517965136961935,At-Risk
YUMC,2023,0.20741482965931865,0.07533248314811442,0.14724631622949105,0.11674608577263444,At-Risk
YUMC,2024,0.20622843492877996,0.0804211271343891,0.02960466387320095,0.02641471096210505,At-Risk
Z,2021,0.8484990619136961,-0.24765478424015008,0.312807881773399,0.30250347705146036,Distressed
Z,2022,0.8125638406537283,-0.05158324821246169,-0.08161350844277673,0.08222103577148959,At-Risk
Z,2023,0.7835475578406169,-0.08226221079691516,-0.006639427987742594,0.08140108534780464,Distressed
Z,2024,0.7643112701252236,-0.049194991055456175,0.14961439588688946,0.10675182481751824,At-Risk
ZBH,2021,0.712858670338201,0.05882266781890352,0.11420644634842922,0.0739403190677414,At-Risk
ZBH,2022,0.7090015706278189,0.03334341993400481,0.016492610548826038,-0.009550883153351475,At-Risk
ZBH,2023,0.7181845230045171,0.13847339806875658,0.06546203835790142,0.04005950297514876,At-Risk
ZBH,2024,0.7146354804261194,0.11769072487172141,0.0384625787779611,0.03489878678759528,At-Risk
ZBRA,2021,0.46703394348676025,0.14874711213790653,0.26506294964028776,0.22668083975551423,At-Risk
ZBRA,2022,0.45390070921985815,0.08008994983566857,0.02736804691665186,0.04961005199306759,At-Risk
ZBRA,2023,0.4631326352530541,0.06457242582897033,-0.20705760249091854,-0.17461300309597524,At-Risk
ZBRA,2024,0.4844408753262397,0.10600281068058623,0.08660558464223386,0.05426356589147287,At-Risk
ZDGE,2022,0.9381804482953475,0.3659446223394236,0.35648219122080843,0.5866054733979262,At-Risk
ZDGE,2023,0.917697588194266,-0.22400058734995043,0.026219627048408363,0.46603814013284767,At-Risk
ZDGE,2024,0.9382207304509654,-0.3047755142733708,0.10462170992254323,0.09390529085062847,At-Risk
ZEN,2021,0.7946493471178535,-0.1670726869729113,0.3001649241814982,0.2697882599456921,Distressed
ZETA,2021,0.6187966086163487,-0.544495546954431,0.24507769205693797,0.9094680351731117,Distressed
ZETA,2022,0.6353972597176464,-0.47251679890889586,0.289356326553766,0.20725760387390485,Distressed
ZETA,2023,0.6233383603920831,-0.2572733398012688,0.2331152140327365,0.05144347502680512,Distressed
ZETA,2024,0.602733869315956,-0.06937183446449131,0.3801595393585766,0.19262111578758842,Distressed
ZEUS,2021,0.1760983767779737,0.052351970134756017,0.8735682383903337,0.7346281648968725,Healthy
ZEUS,2022,0.14898183196028109,0.03552006062523682,0.10714095732603655,0.13387126849541567,Healthy
ZEUS,2023,0.16277176469061883,0.020632825231458422,-0.15696428501673834,-0.14250468728812407,Healthy
ZEUS,2024,0.16604812759312593,0.011835160624451503,-0.10031262698878629,-0.0897282950379045,Healthy
ZEV,2021,-0.2525247713414634,-4.800352515243903,1.3098591549295775,1.8793949013163034,Distressed
ZEV,2022,-0.48490558309097614,0.5635498732008526,0.16296684451219512,0.3498954771364889,Distressed
ZGNX,2021,0.9408250703880524,-2.783853592851022,4.509057831645275,0.25548211187308933,Distressed
ZI,2021,0.8170503211991434,0.15631691648822268,0.5690886182276355,0.4347519398071949,Distressed
ZI,2022,0.8720400728597449,0.0575591985428051,0.46948608137044967,0.511307767944936,Distressed
ZI,2023,0.8875352964905203,0.08656716417910448,0.12887067395264118,0.06267620906527868,Distressed
ZI,2024,0.8751544099481182,0.023964423947953555,-0.020330778539733762,0.13969387755102042,Distressed
ZIMV,2023,0.6348099065874128,-0.85975869690206,-0.012646451913695898,-0.02485264224470646,Distressed
ZIMV,2024,0.6391253788224098,-0.057420917000371316,-0.016798088463228493,-0.035925818454920974,Distressed
ZIP,2021,0.8925791448590754,0.004857375317247325,0.772462464904267,1.1190608125300388,At-Risk
ZIP,2022,0.9046060958449078,0.0679755352628478,0.2206165898256877,0.07723208984794531,At-Risk
ZIP,2023,0.9004076057498428,0.07603581727120959,-0.28621819070158705,-0.29864965117330367,At-Risk
ZIP,2024,0.8941985354461277,-0.027118086248763187,-0.2659364246533338,-0.16519243843647632,Distressed
ZIVO,2024,0.3113598778781326,-24.696043881430608,4.509057831645275,0.8543058229828786,Distressed
ZKH,2023,0.1665410913724621,-0.03489369187229405,-0.0023786903181953075,-0.03624340855775791,Distressed
ZKH,2024,0.1724022573762861,-0.03059391246056697,-0.011265123502083274,-0.01793332389975326,Distressed
ZM,2021,0.7427831752467887,0.3353908812585003,0.5463202392123613,0.5246008074234756,Healthy
ZM,2022,0.7494966947115385,0.023608455346736598,0.07148920061738634,0.3659940986861195,At-Risk
ZM,2023,0.7619289436528875,0.14080637494411585,0.03056344696969697,-0.03510184734001988,Healthy
ZM,2024,0.7578730634434145,0.21653681448217132,0.030528420948466434,-0.03743354793731548,Healthy
ZNGA,2021,0.6376004284949116,-0.03720764149259061,0.4181182904597934,0.14196162046908314,Distressed
ZOM,2022,0.7114632857897517,-0.898837823560486,3.580208081296879,0.6016387658289881,Healthy
ZOM,2023,0.6876042245692051,-1.3709600571746208,0.3304807184363444,0.3898122536900595,Healthy
ZOM,2024,0.6995418728238959,-1.7218984790177754,0.08333995076629874,0.09750255380605163,Healthy
ZS,2022,0.7779156805194758,-0.35774272970431165,0.620778487594711,0.6101211017672594,Distressed
ZS,2023,0.7756074391818681,-0.12513358467041694,0.4821558537269489,0.30541993478452456,Distressed
ZS,2024,0.7798987992735396,-0.02661997046736025,0.34065266006659445,0.23637875862441435,Distressed
ZTO,2024,0.3097757218265884,0.19911227728735967,0.13437067121025478,0.12598856692254928,At-Risk
ZTS,2021,0.7038323045267489,0.2619598765432099,0.1649438202247191,0.1286881525192919,At-Risk
ZTS,2022,0.6962871287128712,0.26163366336633664,0.03909465020576132,0.035994369595817415,At-Risk
ZTS,2023,0.7002574906367042,0.2743445692883895,0.05742574257425743,0.06269409937888198,At-Risk
ZTS,2024,0.7062445980985307,0.2685825410544512,0.08333333333333333,0.07105022831050228,At-Risk
ZUMZ,2021,0.38579502596153115,0.10076216331733209,0.19503821725489878,0.14808204861958077,Healthy
ZUMZ,2022,0.3387779377699868,0.021947452993593356,-0.19046649665883075,-0.09626853089058406,At-Risk
ZUMZ,2023,0.3208389397431826,-0.07151456448189919,-0.08649387508086563,0.014014105771719437,At-Risk
ZUMZ,2024,0.3407999532164795,-0.0019264464092523408,0.015666726823729906,-0.05639094945627609,At-Risk
ZUO,2021,0.5959312218447358,-0.28674388154745084,0.13528256171828956,0.16776962787582853,Distressed
ZUO,2022,0.6131430721028461,-0.4998144347075264,0.14232359879793965,0.1481732345331148,Distressed
ZUO,2023,0.6595152214353394,-0.15797813562031315,0.08981360155723364,-0.024528947461566596,Distressed
ZVIA,2022,0.4291002016166098,-0.2074812631372525,0.18099904466896333,-0.06449081995407761,At-Risk
ZVIA,2023,0.449202038167572,-0.12915204537807046,0.019873637249434677,-0.07430501921354757,Distressed
ZVIA,2024,0.4639114086514586,-0.12902372798276673,-0.06834951689660144,-0.09623426679019487,Distressed
ZVO,2021,0.391038386818384,-0.16100261183957906,-0.33765023758501816,-0.24132595191058162,At-Risk
ZY,2021,-0.5044542404467389,-21.60813474287762,0.2603884372177055,0.3189214264092494,Distressed
ZYXI,2023,0.7918533870075195,0.05279890626186782,0.1653631920691421,0.28331940634035596,At-Risk
ZYXI,2024,0.795018559530865,0.015565051935493932,0.04357591605993859,0.07388413179518502,At-Risk
